competênciamov,região,uf,município,seção,subclasse,saldomovimentação,cbo2002ocupação,categoria,graudeinstrução,idade,horascontratuais,raçacor,sexo,tipoempregador,tipoestabelecimento,tipomovimentação,tipodedeficiência,indtrabintermitente,indtrabparcial,salário,tamestabjan,indicadoraprendiz,origemdainformação,competênciadec,indicadordeforadoprazo,unidadesaláriocódigo,valorsaláriofixo
202005,3,35,352470,J,6201501,-1,212405,101,7,25,"38,00",1,1,0,1,31,0,0,0,"1587,00",10,0,1,202005,0,5,"1587,00"
202005,3,31,317020,J,6201501,1,212410,101,9,47,"44,00",3,1,0,1,20,0,0,0,"12000,00",8,0,1,202005,0,5,"12000,00"
202005,4,41,411370,J,6202300,-1,317110,101,9,38,"44,00",1,1,0,1,31,0,0,0,"5760,16",4,0,1,202005,0,5,"5760,16"
202005,3,35,355030,J,6209100,-1,212415,101,9,40,"40,00",1,1,0,1,33,0,0,0,"5500,00",9,0,1,202005,0,5,"5500,00"
202005,3,35,355030,J,6201501,-1,212405,101,9,30,"40,00",1,1,0,1,40,0,0,0,"7053,00",8,0,1,202005,0,5,"7053,00"
202005,3,35,350570,J,6209100,1,317110,101,8,33,"40,00",6,1,0,1,20,0,0,0,"6500,00",10,0,1,202005,0,5,"6500,00"
202005,4,42,420540,J,6203100,-1,142520,101,9,30,"44,00",1,1,0,1,40,0,0,0,"15300,00",9,0,1,202005,0,5,"15300,00"
202005,4,41,410690,J,6203100,-1,212420,101,11,32,"40,00",1,1,0,1,31,0,0,0,"4000,00",5,0,1,202005,0,5,"4000,00"
202005,2,29,292740,J,6202300,-1,212420,101,9,35,"44,00",6,3,0,1,31,0,0,0,"4371,50",5,0,1,202005,0,5,"4371,50"
202005,3,35,352470,J,6201501,1,212420,101,9,36,"40,00",3,1,0,1,20,0,0,0,"2250,00",10,0,1,202005,0,5,"2250,00"
202005,3,33,330455,J,6209100,-1,212420,101,9,31,"40,00",1,1,0,1,43,0,0,0,"7551,00",2,0,1,202005,0,5,"7551,00"
202005,3,35,355030,J,6311900,-1,212420,101,8,32,"40,00",1,1,0,1,40,0,0,0,"7005,45",9,0,1,202005,0,5,"7005,45"
202005,3,33,330455,J,6204000,1,142520,101,80,35,"40,00",1,3,0,1,20,0,0,0,"7800,00",9,0,1,202005,0,5,"7800,00"
202005,3,35,350950,J,6204000,1,212410,101,9,36,"40,00",3,1,0,1,20,0,0,0,"2693,82",10,0,1,202005,0,5,"2693,82"
202005,5,53,530010,J,6201501,1,212405,101,80,38,"40,00",1,1,0,1,20,0,0,0,"5500,00",7,0,1,202005,0,5,"5500,00"
202005,4,43,431870,J,6202300,-1,212405,101,9,57,"44,00",3,1,0,1,31,0,0,0,"2100,00",8,0,1,202005,0,5,"2100,00"
202005,3,35,350950,J,6209100,-1,212405,101,7,39,"40,00",1,1,0,1,40,0,0,0,"9500,00",8,0,1,202005,0,5,"9500,00"
202005,5,51,510340,J,6202300,-1,212405,101,9,28,"44,00",1,1,0,1,31,0,0,0,"5759,00",8,0,1,202005,0,5,"5759,00"
202005,4,43,431870,J,6204000,1,212405,101,8,22,"40,00",1,1,0,1,20,0,0,0,"6758,00",10,0,1,202005,0,5,"6758,00"
202005,2,23,230440,J,6204000,-1,212405,101,9,35,"44,00",3,1,0,1,31,0,0,0,"5046,29",8,0,1,202005,0,5,"5046,29"
202005,4,43,431410,J,6201501,-1,212410,101,9,25,"40,00",1,3,0,1,40,0,0,0,"3642,09",9,0,1,202005,0,5,"3642,09"
202005,2,23,230730,J,6201501,1,317110,101,8,31,"44,00",3,1,0,1,20,0,0,0,"3900,00",5,0,1,202005,0,5,"3900,00"
202005,4,41,410690,J,6201501,-1,317110,101,9,28,"40,00",3,3,0,1,40,0,0,0,"4803,78",9,0,1,202005,0,5,"4803,78"
202005,3,31,310620,J,6204000,-1,212405,101,9,27,"40,00",1,1,0,1,40,0,0,0,"4132,00",8,0,1,202005,0,5,"4132,00"
202005,3,33,330455,J,6209100,1,212405,101,9,24,"40,00",1,3,0,1,20,0,0,0,"3000,00",6,0,1,202005,0,5,"3000,00"
202005,3,35,355030,J,6204000,1,212405,101,9,39,"40,00",2,1,0,1,20,0,0,0,"4564,00",7,0,1,202005,0,5,"4564,00"
202005,3,33,330330,J,6201501,1,212405,101,80,53,"56,00",3,1,0,1,20,0,0,0,"9500,00",7,0,1,202005,0,5,"9500,00"
202005,3,31,310620,J,6204000,-1,212405,101,9,25,"40,00",3,3,0,1,31,0,0,0,"2500,00",6,0,1,202005,0,5,"2500,00"
202005,4,41,411370,J,6202300,-1,212405,101,9,26,"44,00",1,1,0,1,40,0,0,0,"3331,13",3,0,1,202005,0,5,"3331,13"
202005,3,32,320530,J,6201501,-1,212405,101,9,29,"40,00",3,3,0,1,31,0,0,0,"1850,00",7,0,1,202005,0,5,"1850,00"
202005,3,35,355030,J,6209100,-1,212410,101,9,35,"40,00",1,1,0,1,31,0,0,0,"4004,00",5,0,1,202005,0,5,"4004,00"
202005,3,31,310620,J,6201501,-1,212405,101,11,33,"44,00",3,3,0,1,31,0,0,0,"6168,79",6,0,1,202005,0,5,"6168,79"
202005,3,33,330330,J,6201501,1,212405,101,9,42,"40,00",1,1,0,1,20,0,0,0,",00",1,0,1,202005,0,5,",00"
202005,3,35,355030,J,6201501,-1,317110,101,9,40,"40,00",3,1,0,1,31,0,0,0,"8000,00",10,0,1,202005,0,5,"8000,00"
202005,3,31,310620,J,6201501,-1,212405,101,9,30,"40,00",1,1,0,1,40,0,0,0,"8500,00",9,0,1,202005,0,5,"8500,00"
202005,4,41,410690,J,6201501,-1,212405,101,9,32,"40,00",1,1,0,1,40,0,0,0,"8000,00",9,0,1,202005,0,5,"8000,00"
202005,4,42,420420,J,6202300,-1,317210,101,7,22,"44,00",1,1,0,1,40,0,0,0,"1102,03",3,0,1,202005,0,5,"1102,03"
202005,3,35,352470,J,6201501,-1,212405,101,9,30,"40,00",2,1,0,1,31,0,0,0,"5000,00",10,0,1,202005,0,5,"5000,00"
202005,4,41,411520,J,6202300,-1,317110,101,8,22,"40,00",1,1,0,1,31,0,0,0,"2790,78",5,0,1,202005,0,5,"2790,78"
202005,3,33,330455,J,6204000,1,317110,101,9,63,"40,00",3,1,0,1,20,0,0,0,"7800,00",9,0,1,202005,0,5,"7800,00"
202005,2,26,261160,J,6311900,-1,317210,101,8,27,"40,00",1,1,0,1,31,0,0,0,"1339,73",7,0,1,202005,0,5,"1339,73"
202005,3,35,350570,J,6311900,-1,212420,101,9,34,"40,00",1,1,0,1,31,0,0,0,"7130,90",4,0,1,202005,0,5,"7130,90"
202005,3,35,355030,J,6204000,-1,212420,101,9,53,"40,00",3,3,0,1,31,0,0,0,"2421,29",10,0,1,202005,0,5,"2421,29"
202005,3,35,353460,J,6201501,1,317110,101,8,18,"30,00",1,1,0,1,10,0,0,1,"1118,25",4,0,1,202005,0,5,"1118,25"
202005,3,35,355030,J,6203100,-1,212405,101,9,32,"40,00",1,1,0,1,40,0,0,0,"10500,00",10,0,1,202005,0,5,"10500,00"
202005,4,43,430100,J,6209100,1,317205,101,9,31,"44,00",1,1,0,1,20,0,0,0,"1350,00",2,0,1,202005,0,5,"1350,00"
202005,3,33,330455,J,6201501,-1,317110,101,9,32,"40,00",6,3,0,1,40,0,0,0,"15236,25",8,0,1,202005,0,5,"15236,25"
202005,3,35,355030,J,6203100,-1,317110,101,8,36,"40,00",1,1,0,1,40,0,0,0,"4896,00",9,0,1,202005,0,5,"4896,00"
202005,3,31,310620,J,6201501,1,317210,101,9,29,"44,00",3,1,0,1,20,0,0,0,"5153,00",6,0,1,202005,0,5,"5153,00"
202005,4,43,431490,J,6311900,1,317110,101,8,19,"40,00",2,1,0,1,20,0,0,0,"3848,00",7,0,1,202005,0,5,"3848,00"
202005,3,35,355030,J,6204000,1,212405,101,9,53,"44,00",1,1,0,1,20,0,0,9,"12000,00",10,0,1,202005,0,5,"12000,00"
202005,3,35,350570,J,6209100,1,317110,101,9,29,"40,00",6,1,0,1,20,0,0,0,"7700,00",10,0,1,202005,0,5,"7700,00"
202005,4,42,421190,J,6204000,1,212420,101,9,25,"44,00",1,3,0,1,20,0,0,0,"2766,00",6,0,1,202005,0,5,"2766,00"
202005,2,29,292740,J,6311900,-1,317210,101,7,30,"40,00",1,1,0,1,31,0,0,0,"1182,46",7,0,1,202005,0,5,"1182,46"
202005,4,41,410720,J,6201502,-1,212310,101,7,19,"44,00",6,3,0,1,31,0,0,0,"1150,00",3,0,1,202005,0,5,"1150,00"
202005,3,31,310620,J,6201501,-1,212405,101,9,45,"44,00",1,1,0,1,31,0,0,0,"6505,00",5,0,1,202005,0,5,"6505,00"
202005,3,35,355030,J,6204000,1,212405,101,9,41,"44,00",1,1,0,1,20,0,0,9,"7500,00",10,0,1,202005,0,5,"7500,00"
202005,5,53,530010,J,6201501,-1,212405,101,9,28,"30,00",3,1,0,1,40,0,0,0,"7145,60",4,0,1,202005,0,5,"7145,60"
202005,3,35,350320,J,6201501,1,212420,101,8,23,"40,00",1,1,0,1,20,0,0,0,"1204,95",3,0,1,202005,0,5,"1204,95"
202005,3,33,330455,J,6204000,1,212405,101,9,37,"40,00",1,1,0,1,20,0,0,0,"7720,72",6,0,1,202005,0,5,"7720,72"
202005,3,33,330455,J,6201501,-1,317110,101,9,35,"40,00",1,1,0,1,40,0,0,0,"8153,00",9,0,1,202005,0,5,"8153,00"
202005,3,35,355030,J,6201501,1,212405,101,9,26,"40,00",2,1,0,1,20,0,0,0,"10000,00",8,0,1,202005,0,5,"10000,00"
202005,3,35,355030,J,6201501,1,212405,101,9,37,"40,00",1,1,0,1,20,0,0,0,"11500,00",8,0,1,202005,0,5,"11500,00"
202005,4,43,431490,J,6201501,1,317110,101,9,27,"44,00",1,1,0,1,20,0,0,0,"7000,00",8,0,1,202005,0,5,"7000,00"
202005,3,35,354730,J,6202300,-1,317110,101,9,46,"40,00",1,1,0,1,31,0,0,0,"6500,00",4,0,1,202005,0,5,"6500,00"
202005,3,32,320530,J,6209100,-1,212420,101,9,45,"40,00",1,3,0,1,31,0,0,0,"9038,78",9,0,1,202005,0,5,"9038,78"
202005,4,43,431490,J,6202300,-1,142520,101,80,39,"44,00",1,1,0,1,31,0,0,9,"5689,20",4,0,1,202005,0,5,"5689,20"
202005,3,35,350950,J,6201501,1,212405,101,9,33,"40,00",1,1,0,1,20,0,0,0,"8000,00",7,0,1,202005,0,5,"8000,00"
202005,3,35,352270,J,6202300,-1,317210,101,7,33,"40,00",1,1,0,1,40,0,0,0,"1461,00",4,0,1,202005,0,5,"1461,00"
202005,3,35,354980,J,6311900,1,317105,101,7,20,"40,00",1,1,0,1,20,0,0,0,"1675,56",3,0,1,202005,0,5,"1675,56"
202005,5,53,530010,J,6209100,1,212405,101,9,33,"40,00",1,1,0,1,20,0,0,0,"7723,40",5,0,1,202005,0,5,"7723,40"
202005,3,31,310620,J,6201501,1,317110,101,9,29,"40,00",1,3,0,1,20,0,0,0,"4500,00",7,0,1,202005,0,5,"4500,00"
202005,3,35,355030,J,6209100,1,212420,101,8,22,"44,00",1,3,0,1,20,0,0,0,"1675,56",4,0,1,202005,0,5,"1675,56"
202005,3,33,330455,J,6209100,-1,317210,101,7,45,"40,00",3,1,0,1,31,0,0,0,"1200,00",8,0,1,202005,0,5,"1200,00"
202005,3,35,355030,J,6209100,1,212205,101,9,35,"44,00",2,3,0,1,20,0,0,9,"14000,00",10,0,1,202005,0,5,"14000,00"
202005,5,53,530010,J,6201501,-1,212405,101,9,36,"40,00",3,1,0,1,40,0,0,0,"2875,00",10,0,1,202005,0,5,"2875,00"
202005,4,43,431870,J,6201501,1,317110,101,8,35,"44,00",1,1,0,1,20,0,0,0,"2500,00",3,0,1,202005,0,5,"2500,00"
202005,3,35,355030,J,6203100,1,212420,101,9,38,"40,00",1,1,0,1,20,0,0,0,"5000,00",7,0,1,202005,0,5,"5000,00"
202005,4,43,431870,J,6204000,1,212420,101,8,23,"40,00",1,1,0,1,20,0,0,0,"6758,00",10,0,1,202005,0,5,"6758,00"
202005,3,35,355030,J,6203100,-1,212420,101,8,47,"40,00",3,1,0,1,40,0,0,0,"8288,83",4,0,1,202005,0,5,"8288,83"
202005,3,35,355030,J,6201501,1,317110,101,9,26,"40,00",3,1,0,1,20,0,0,0,"1840,34",6,0,1,202005,0,5,"1840,34"
202005,4,43,431690,J,6209100,1,317210,101,80,28,"44,00",1,3,0,1,20,0,0,0,"1800,00",1,0,1,202005,0,5,"1800,00"
202005,3,35,350570,J,6202300,1,317210,101,8,20,"40,00",6,1,0,1,20,0,0,0,"1675,56",5,0,1,202005,0,5,"1675,56"
202005,3,35,355030,J,6204000,1,212405,101,7,32,"40,00",3,1,0,1,20,0,0,0,"11000,00",10,0,1,202005,0,5,"11000,00"
202005,3,31,310620,J,6201501,1,212405,101,9,50,"40,00",3,3,0,1,20,0,0,0,"5200,00",6,0,1,202005,0,5,"5200,00"
202005,3,35,355030,J,6201501,1,212405,101,9,36,"40,00",1,1,0,1,20,0,0,0,"8000,00",5,0,1,202005,0,5,"8000,00"
202005,3,33,330455,J,6201501,-1,212405,101,8,28,"40,00",1,1,0,1,40,0,0,0,"7400,00",8,0,1,202005,0,5,"7400,00"
202005,4,42,420540,J,6202300,1,212420,101,8,23,"40,00",1,1,0,1,20,0,0,0,"2000,00",7,0,1,202005,0,5,"2000,00"
202005,4,43,431340,J,6202300,-1,317110,101,8,23,"44,00",6,1,0,1,31,0,0,0,"2100,00",7,0,1,202005,0,5,"2100,00"
202005,4,42,421660,J,6203100,1,317105,101,80,31,"40,00",6,1,0,1,20,0,0,0,"2701,17",4,0,1,202005,0,5,"2701,17"
202005,3,32,320530,J,6209100,-1,212420,101,9,47,"40,00",3,3,0,1,31,0,0,0,"7164,63",7,0,1,202005,0,5,"7164,63"
202005,3,35,355030,J,6201501,-1,212405,101,9,27,"40,00",4,1,0,1,40,0,0,0,"3076,55",8,0,1,202005,0,5,"3076,55"
202005,3,35,355030,J,6201501,-1,317110,101,9,25,"40,00",3,3,0,1,43,0,0,0,"2270,00",10,0,1,202005,0,5,"2270,00"
202005,3,31,314480,J,6209100,-1,212405,101,9,32,"40,00",1,1,0,1,40,0,0,0,"6418,00",9,0,1,202005,0,5,"6418,00"
202005,3,32,320530,J,6209100,1,212405,101,9,39,"40,00",1,1,0,1,20,0,0,0,"3600,00",9,0,1,202005,0,5,"3600,00"
202005,5,52,520870,J,6201501,-1,212420,101,9,28,"44,00",3,1,0,1,31,0,0,0,"1800,00",6,0,1,202005,0,5,"1800,00"
202005,4,42,420910,J,6202300,-1,317210,101,7,22,"44,00",6,1,0,1,31,0,0,0,"1615,96",6,0,1,202005,0,5,"1615,96"
202005,2,24,240810,J,6209100,-1,317210,101,7,32,"44,00",6,1,0,1,31,0,0,0,"1468,80",5,0,1,202005,0,5,"1468,80"
202005,2,26,261160,J,6201501,-1,212405,101,9,33,"40,00",1,1,0,1,40,0,0,0,"5136,68",8,0,1,202005,0,5,"5136,68"
202005,3,35,355030,J,6209100,-1,142520,101,9,31,"40,00",3,3,0,1,31,0,0,0,"4332,00",5,0,1,202005,0,5,"4332,00"
202005,3,35,355030,J,6201501,1,212405,101,9,21,"40,00",1,3,0,1,20,0,0,0,"3000,00",8,0,1,202005,0,5,"3000,00"
202005,3,35,355030,J,6203100,-1,212420,101,7,42,"40,00",3,3,0,1,31,0,0,0,"2278,36",8,0,1,202005,0,5,"2278,36"
202005,4,42,420460,J,6201501,-1,212420,101,9,28,"44,00",6,3,0,1,40,0,0,0,"2700,00",5,0,1,202005,0,5,"2700,00"
202005,3,35,355030,J,6201501,-1,212410,101,10,46,"40,00",1,1,0,1,31,0,0,0,"13000,00",9,0,1,202005,0,5,"13000,00"
202005,3,35,355030,J,6204000,1,212305,101,9,41,"40,00",3,1,0,1,20,0,0,0,"5000,00",3,0,1,202005,0,5,"5000,00"
202005,3,35,353440,J,6311900,-1,317210,101,7,34,"44,00",1,1,0,1,40,0,0,0,"1412,96",8,0,1,202005,0,5,"1412,96"
202005,3,35,355030,J,6202300,1,212405,101,9,24,"40,00",1,1,0,1,20,0,0,0,"3200,00",6,0,1,202005,0,5,"3200,00"
202005,3,35,350950,J,6204000,1,212405,101,9,32,"40,00",1,1,0,1,20,0,0,0,"11000,00",10,0,1,202005,0,5,"11000,00"
202005,3,35,350950,J,6209100,-1,317110,101,8,23,"40,00",1,3,0,1,31,0,0,0,"3700,00",3,0,1,202005,0,5,"3700,00"
202005,3,35,354730,J,6209100,1,317110,101,9,40,"40,00",3,1,0,1,20,0,0,0,"7800,00",10,0,1,202005,0,5,"7800,00"
202005,3,35,355030,J,6209100,-1,212305,101,9,36,"40,00",1,1,0,1,31,0,0,0,"7039,90",8,0,1,202005,0,5,"7039,90"
202005,3,35,355030,J,6204000,-1,212405,101,9,25,"40,00",1,1,0,1,31,0,0,0,"2250,00",3,0,1,202005,0,5,"2250,00"
202005,5,53,530010,J,6201501,-1,212405,101,9,56,"40,00",1,3,0,1,31,0,0,0,"9626,47",10,0,1,202005,0,5,"9626,47"
202005,3,35,354850,J,6209100,1,212405,101,9,33,"40,00",1,1,0,1,20,0,0,0,"1678,42",5,0,1,202005,0,5,"1678,42"
202005,4,42,420240,J,6202300,-1,212215,101,9,41,"44,00",1,1,0,1,40,0,0,0,"9165,60",7,0,1,202005,0,5,"9165,60"
202005,3,35,350950,J,6202300,1,212405,101,9,24,"40,00",1,1,0,1,20,0,0,0,"8200,00",8,0,1,202005,0,5,"8200,00"
202005,4,42,421930,J,6202300,-1,317105,101,8,21,"44,00",1,1,0,1,31,0,0,0,"1818,35",3,0,1,202005,0,5,"1818,35"
202005,3,35,355030,J,6204000,-1,142520,101,9,28,"40,00",6,1,0,1,40,0,0,0,"6590,04",10,0,1,202005,0,5,"6590,04"
202005,2,29,292740,J,6204000,-1,212405,101,9,31,"44,00",3,1,0,1,31,0,0,0,"5061,57",9,0,1,202005,0,5,"5061,57"
202005,3,35,350950,J,6204000,1,212410,101,9,30,"40,00",1,1,0,1,20,0,0,0,"10000,00",10,0,1,202005,0,5,"10000,00"
202005,2,29,291920,J,6201501,-1,212405,101,9,43,"44,00",3,3,0,1,31,0,0,0,"5018,40",7,0,1,202005,0,5,"5018,40"
202005,3,35,355030,J,6201501,-1,317110,101,9,37,"40,00",4,3,0,1,40,0,0,0,"7619,90",10,0,1,202005,0,5,"7619,90"
202005,2,23,230440,J,6203100,-1,317110,101,8,27,"40,00",3,1,0,1,31,0,0,0,"6924,04",7,0,1,202005,0,5,"6924,04"
202005,5,52,520110,J,6209100,-1,212215,101,80,33,"44,00",1,1,0,1,40,0,0,0,"6000,00",3,0,1,202005,0,5,"6000,00"
202005,1,11,110012,J,6202300,1,317110,101,9,45,"44,00",1,1,0,1,10,0,0,0,"4600,00",3,0,1,202005,0,5,"4600,00"
202005,5,51,510340,J,6209100,1,212310,101,9,46,"40,00",3,3,0,1,20,0,0,0,"9264,59",9,0,1,202005,0,5,"9264,59"
202005,3,32,320190,J,6201501,-1,317210,101,7,32,"40,00",3,1,0,1,31,0,0,0,"1859,23",8,0,1,202005,0,5,"1859,23"
202005,3,31,317020,J,6204000,-1,142520,101,9,32,"40,00",1,1,0,1,40,0,0,0,"4706,97",8,0,1,202005,0,5,"4706,97"
202005,3,35,350950,J,6204000,-1,212405,101,9,31,"40,00",1,1,0,1,31,0,0,0,"1934,70",4,0,1,202005,0,5,"1934,70"
202005,3,35,355030,J,6209100,-1,317210,101,8,21,"40,00",2,1,0,1,31,0,0,0,"1750,63",5,0,1,202005,0,5,"1750,63"
202005,3,33,330455,J,6204000,-1,142515,101,80,64,"40,00",1,1,0,1,31,1,0,0,"9000,00",9,0,1,202005,0,5,"9000,00"
202005,3,35,354980,J,6209100,-1,212420,101,9,44,"40,00",1,1,0,1,40,0,0,0,"2000,00",5,0,1,202005,0,5,"2000,00"
202005,4,41,411850,J,6203100,-1,317110,101,9,33,"44,00",1,1,0,1,40,0,0,0,"5800,00",8,0,1,202005,0,5,"5800,00"
202005,3,35,355030,J,6201501,-1,142520,101,9,40,"40,00",1,3,0,1,40,0,0,0,"7564,46",9,0,1,202005,0,5,"7564,46"
202005,3,33,330455,J,6204000,1,212405,101,9,46,"40,00",1,1,0,1,20,0,0,0,"7000,00",9,0,1,202005,0,5,"7000,00"
202005,3,35,355030,J,6311900,1,212405,101,8,22,"40,00",1,1,0,1,20,0,0,0,"3000,00",4,0,1,202005,0,5,"3000,00"
202005,3,31,310620,J,6204000,-1,317210,101,7,24,"42,00",2,1,0,1,40,0,0,0,"1500,00",6,0,1,202005,0,5,"1500,00"
202005,5,53,530010,J,6201501,1,317110,101,9,30,"40,00",1,1,0,1,20,0,0,0,"9500,00",10,0,1,202005,0,5,"9500,00"
202005,3,35,350950,J,6209100,-1,212405,101,9,26,"40,00",1,1,0,1,40,0,0,0,"8800,00",8,0,1,202005,0,5,"8800,00"
202005,3,35,350570,J,6204000,1,317110,101,9,28,"40,00",6,3,0,1,20,0,0,0,"7000,00",9,0,1,202005,0,5,"7000,00"
202005,3,35,355030,J,6201501,1,212410,101,8,28,"40,00",3,1,0,1,20,0,0,0,"13500,00",8,0,1,202005,0,5,"13500,00"
202005,3,35,350950,J,6201501,-1,212420,101,8,27,"40,00",3,3,0,1,31,0,0,0,"2063,00",6,0,1,202005,0,5,"2063,00"
202005,4,42,420200,J,6201502,1,317105,101,9,28,"44,00",3,1,0,1,20,0,0,0,"1727,27",2,0,1,202005,0,5,"1727,27"
202005,3,35,355030,J,6203100,1,212420,101,9,27,"40,00",1,1,0,1,20,0,0,0,"3800,00",6,0,1,202005,0,5,"3800,00"
202005,4,42,421660,J,6209100,1,212420,101,7,24,"44,00",6,1,0,1,20,0,0,0,"1900,00",3,0,1,202005,0,5,"1900,00"
202005,3,35,355030,J,6204000,-1,212405,101,8,27,"40,00",3,1,0,1,40,0,0,0,"1620,00",10,0,1,202005,0,5,"1620,00"
202005,4,42,420540,J,6202300,-1,317110,101,9,35,"40,00",1,1,0,1,40,0,0,0,"5158,00",6,0,1,202005,0,5,"5158,00"
202005,4,41,410640,J,6202300,-1,317110,101,8,21,"44,00",3,1,0,1,40,0,0,0,"2634,00",6,0,1,202005,0,5,"2634,00"
202005,3,31,314800,J,6209100,-1,317210,101,8,27,"44,00",3,1,0,1,31,0,0,0,"1300,00",4,0,1,202005,0,5,"1300,00"
202005,4,42,420910,J,6201501,1,212405,101,7,31,"40,00",6,1,0,1,20,0,0,0,"1300,00",3,0,1,202005,0,5,"1300,00"
202005,3,35,355030,J,6201501,-1,212405,101,9,25,"40,00",3,1,0,1,40,0,0,0,"8116,80",10,0,1,202005,0,5,"8116,80"
202005,4,41,411520,J,6203100,-1,212420,101,7,28,"44,00",1,3,0,1,40,0,0,0,"1800,00",5,0,1,202005,0,5,"1800,00"
202005,2,29,292740,J,6311900,-1,212420,101,9,54,"40,00",3,1,0,1,31,0,0,0,"1182,46",7,0,1,202005,0,5,"1182,46"
202005,3,31,310620,J,6203100,1,212205,101,9,29,"40,00",3,1,0,1,20,0,0,0,"6000,00",5,0,1,202005,0,5,"6000,00"
202005,3,35,355030,J,6201501,-1,212405,101,8,27,"40,00",1,1,0,1,40,0,0,0,"8116,80",10,0,1,202005,0,5,"8116,80"
202005,3,35,355030,J,6209100,-1,212405,101,9,49,"40,00",1,1,0,1,40,0,0,0,"9015,00",5,0,1,202005,0,5,"9015,00"
202005,4,41,410480,J,6201501,1,212405,101,9,36,"44,00",1,1,0,1,20,0,0,0,"2921,10",7,0,1,202005,0,5,"2921,10"
202005,3,31,310620,J,6202300,1,142530,101,9,27,"42,50",1,1,0,1,20,0,0,0,"5800,00",6,0,1,202005,0,5,"5800,00"
202005,3,35,355030,J,6202300,-1,317110,101,8,27,"40,00",1,1,0,1,50,0,0,0,"3510,00",5,0,1,202005,0,5,"3510,00"
202005,3,35,355030,J,6201501,1,212405,101,9,26,"40,00",1,3,0,1,20,0,0,0,"7000,00",10,0,1,202005,0,5,"7000,00"
202005,3,35,354870,J,6201501,-1,212420,101,9,42,"40,00",3,1,0,1,31,0,0,0,"4192,73",9,0,1,202005,0,5,"4192,73"
202005,3,35,350570,J,6201501,-1,317110,101,9,29,"40,00",1,3,0,1,40,0,0,0,"2244,88",7,0,1,202005,0,5,"2244,88"
202005,3,35,350570,J,6202300,1,212405,101,9,31,"40,00",3,1,0,1,20,0,0,0,"7000,00",9,0,1,202005,0,5,"7000,00"
202005,4,42,420420,J,6204000,1,212420,101,7,38,"44,00",6,1,0,1,20,0,0,0,"2000,00",4,0,1,202005,0,5,"2000,00"
202005,4,43,431490,J,6201501,1,317105,101,8,21,"40,00",1,1,0,1,20,0,0,0,"1750,00",3,0,1,202005,0,5,"1750,00"
202005,3,33,330455,J,6204000,1,212405,101,9,39,"40,00",1,1,0,1,20,0,0,0,"7800,00",9,0,1,202005,0,5,"7800,00"
202005,3,31,310620,J,6201501,-1,142520,101,9,49,"40,00",3,1,0,1,31,0,0,0,"8263,00",5,0,1,202005,0,5,"8263,00"
202005,3,31,310620,J,6204000,1,212420,101,7,34,"40,00",3,1,0,1,20,0,0,0,"1780,94",7,0,1,202005,0,5,"1780,94"
202005,4,42,420460,J,6209100,1,317210,101,8,25,"44,00",1,1,0,1,20,0,0,0,"1370,00",3,0,1,202005,0,5,"1370,00"
202005,5,53,530010,J,6201501,-1,317210,101,9,22,"27,00",3,1,0,1,40,0,0,0,"1098,19",10,0,1,202005,0,5,"1098,19"
202005,3,35,355030,J,6201501,1,212405,101,9,34,"40,00",3,1,0,1,20,0,0,0,"8300,00",10,0,1,202005,0,5,"8300,00"
202005,3,35,354730,J,6204000,-1,142520,101,80,41,"40,00",1,3,0,1,31,0,0,0,"8968,50",9,0,1,202005,0,5,"8968,50"
202005,2,24,240810,J,6209100,-1,317210,101,7,36,"44,00",1,1,0,1,31,0,0,0,"1576,41",5,0,1,202005,0,5,"1576,41"
202005,3,35,350570,J,6202300,-1,317210,101,7,38,"44,00",3,1,0,1,31,0,0,0,"1650,94",2,0,1,202005,0,5,"1650,94"
202005,5,53,530010,J,6201501,1,317110,101,8,22,"44,00",3,1,0,1,20,0,0,0,"1838,72",8,0,1,202005,0,5,"1838,72"
202005,3,35,355030,J,6311900,1,212405,101,9,26,"40,00",3,1,0,1,20,0,0,0,"6500,00",4,0,1,202005,0,5,"6500,00"
202005,3,32,320530,J,6209100,1,212405,101,9,29,"40,00",3,1,0,1,20,0,0,0,"4200,00",9,0,1,202005,0,5,"4200,00"
202005,3,35,350950,J,6203100,-1,212405,101,9,27,"40,00",1,1,0,1,40,0,0,0,"8753,16",6,0,1,202005,0,5,"8753,16"
202005,3,33,330455,J,6202300,1,212405,101,9,28,"40,00",1,1,0,1,20,0,0,0,"9000,00",5,0,1,202005,0,5,"9000,00"
202005,3,31,310620,J,6204000,1,212405,101,9,35,"40,00",1,3,0,1,20,0,0,0,"8800,00",7,0,1,202005,0,5,"8800,00"
202005,3,33,330580,J,6209100,1,317110,101,9,36,"44,00",1,1,0,1,20,0,0,9,"4912,00",10,0,1,202005,0,5,"4912,00"
202005,3,33,330455,J,6201501,-1,212405,101,9,35,"40,00",1,1,0,1,43,0,0,0,"2923,44",4,0,1,202005,0,5,"2923,44"
202005,5,52,520870,J,6203100,-1,212420,101,9,35,"44,00",1,1,0,1,40,0,0,0,"4189,31",4,0,1,202005,0,5,"4189,31"
202005,3,35,354780,J,6201501,1,317110,101,9,45,"40,00",1,1,0,1,20,0,0,0,"6500,00",6,0,1,202005,0,5,"6500,00"
202005,3,35,355030,J,6204000,1,212405,101,8,32,"44,00",1,1,0,1,20,0,0,9,"2800,00",10,0,1,202005,0,5,"2800,00"
202005,2,23,230440,J,6204000,-1,317205,101,9,36,"31,00",3,1,0,1,31,0,0,0,"1132,93",8,0,1,202005,0,5,"1132,93"
202005,3,35,354890,J,6201501,1,317110,101,9,29,"40,00",6,3,0,1,10,0,0,0,"2440,98",7,0,1,202005,0,5,"2440,98"
202005,4,43,431490,J,6201501,1,212305,101,9,22,"40,00",3,3,0,1,20,0,0,0,"3060,00",5,0,1,202005,0,5,"3060,00"
202005,3,32,320530,J,6209100,-1,317210,101,8,43,"40,00",3,1,0,1,31,0,0,0,"1582,79",7,0,1,202005,0,5,"1582,79"
202005,5,53,530010,J,6201501,-1,317110,101,9,47,"40,00",1,1,0,1,43,0,0,0,"8000,00",7,0,1,202005,0,5,"8000,00"
202005,4,43,431990,J,6202300,-1,212420,101,9,29,"33,00",1,3,0,1,40,0,0,0,"2625,00",5,0,1,202005,0,5,"2625,00"
202005,4,43,431490,J,6203100,1,212420,101,9,36,"40,00",1,1,0,1,20,0,0,0,"9450,00",7,0,1,202005,0,5,"9450,00"
202005,4,42,420540,J,6202300,-1,317110,101,9,35,"44,00",1,1,0,1,31,0,0,0,"4042,14",10,0,1,202005,0,5,"4042,14"
202005,5,53,530010,J,6201501,1,212405,101,9,38,"44,00",3,3,0,1,20,0,0,0,"4500,00",8,0,1,202005,0,5,"4500,00"
202005,4,42,420910,J,6203100,-1,212405,101,9,32,"44,00",1,1,0,1,40,0,0,0,"4620,19",6,0,1,202005,0,5,"4620,19"
202005,3,35,355030,J,6201501,-1,212405,101,9,40,"40,00",1,1,0,1,31,0,0,0,"6949,91",8,0,1,202005,0,5,"6949,91"
202005,4,42,420290,J,6203100,-1,212215,101,9,25,"44,00",1,1,0,1,40,0,0,0,"3900,00",7,0,1,202005,0,5,"3900,00"
202005,4,42,420910,J,6201501,-1,212420,101,80,24,"42,50",6,1,0,1,31,0,0,0,"2330,67",7,0,1,202005,0,5,"2330,67"
202005,4,42,420420,J,6202300,1,317110,101,8,22,"25,00",1,3,0,1,20,0,0,0,"1066,00",3,0,1,202005,0,5,"1066,00"
202005,3,32,320530,J,6209100,-1,212420,101,9,35,"56,00",1,1,0,1,40,0,0,0,"6060,56",7,0,1,202005,0,5,"6060,56"
202005,3,35,355030,J,6201501,1,212405,101,8,28,"40,00",3,1,0,1,20,0,0,0,"10883,00",8,0,1,202005,0,5,"10883,00"
202005,3,35,355030,J,6204000,-1,212405,101,9,21,"40,00",6,1,0,1,40,0,0,0,"1620,00",10,0,1,202005,0,5,"1620,00"
202005,3,31,310620,J,6201501,-1,317110,101,80,43,"40,00",3,1,0,1,40,0,0,0,"10202,51",4,0,1,202005,0,5,"10202,51"
202005,3,32,320520,J,6203100,-1,212420,101,9,54,"44,00",1,1,0,1,31,0,0,9,"2316,00",5,0,1,202005,0,5,"2316,00"
202005,3,33,330455,J,6204000,1,212405,101,9,49,"40,00",1,1,0,1,20,0,0,0,"7800,00",9,0,1,202005,0,5,"7800,00"
202005,2,29,292740,J,6204000,-1,212420,101,9,33,"44,00",6,1,0,1,31,0,0,0,"3138,96",6,0,1,202005,0,5,"3138,96"
202005,3,35,355030,J,6209100,-1,212405,101,9,42,"40,00",1,1,0,1,40,0,0,0,"13067,57",8,0,1,202005,0,5,"13067,57"
202005,2,23,230440,J,6203100,-1,317110,101,8,27,"30,00",1,1,0,1,40,0,0,1,"3800,00",2,0,1,202005,0,5,"3800,00"
202005,5,53,530010,J,6201501,1,212405,101,9,24,"40,00",1,3,0,1,20,0,0,0,"1574,10",10,0,1,202005,0,5,"1574,10"
202005,4,43,431870,J,6204000,-1,212405,101,8,21,"40,00",1,1,0,1,31,0,0,0,"2200,00",8,0,1,202005,0,5,"2200,00"
202005,4,42,420240,J,6202300,-1,212405,101,9,32,"40,00",1,1,0,1,40,0,0,0,"6301,00",9,0,1,202005,0,5,"6301,00"
202005,5,53,530010,J,6201501,-1,212405,101,9,22,"40,00",1,1,0,1,31,0,0,0,"2436,17",7,0,1,202005,0,5,"2436,17"
202005,4,41,410690,J,6209100,-1,142520,101,9,37,"40,00",3,1,0,1,31,0,0,0,"5573,20",9,0,1,202005,0,5,"5573,20"
202005,3,35,354730,J,6209100,1,317205,101,9,50,"36,00",6,1,0,1,20,0,0,0,"1381,63",10,0,1,202005,0,5,"1381,63"
202005,3,35,355030,J,6201501,-1,212405,101,9,29,"40,00",1,1,0,1,31,0,0,0,"9500,00",7,0,1,202005,0,5,"9500,00"
202005,3,31,316720,J,6209100,-1,317210,101,9,34,"44,00",2,3,0,1,31,0,0,0,"1539,43",2,0,1,202005,0,5,"1539,43"
202005,4,43,431680,J,6201501,1,317110,101,9,32,"44,00",6,1,0,1,20,0,0,0,"4500,00",6,0,1,202005,0,5,"4500,00"
202005,3,35,350950,J,6201501,1,212405,101,9,26,"40,00",3,1,0,1,20,0,0,0,"12000,00",7,0,1,202005,0,5,"12000,00"
202005,3,35,355030,J,6201501,-1,317210,101,9,27,"40,00",2,3,0,1,31,3,0,0,"1719,35",7,0,1,202005,0,5,"1719,35"
202005,4,43,431490,J,6311900,1,317110,101,8,22,"40,00",1,1,0,1,20,0,0,0,"10300,00",7,0,1,202005,0,5,"10300,00"
202005,3,31,310620,J,6209100,1,317205,101,7,20,"44,00",3,3,0,1,20,0,0,0,"1188,57",10,0,1,202005,0,5,"1188,57"
202005,3,35,350950,J,6204000,-1,142520,101,9,49,"40,00",1,3,0,1,31,0,0,0,"9205,80",10,0,1,202005,0,5,"9205,80"
202005,3,35,355030,J,6209100,1,212405,101,9,37,"40,00",1,3,0,1,20,0,0,0,"4000,00",4,0,1,202005,0,5,"4000,00"
202005,3,35,355030,J,6201501,1,317110,101,9,38,"40,00",1,1,0,1,20,0,0,0,"9500,00",10,0,1,202005,0,5,"9500,00"
202005,3,31,310620,J,6204000,-1,212405,101,9,31,"44,00",6,1,0,1,31,0,0,0,"6180,60",5,0,1,202005,0,5,"6180,60"
202005,5,53,530010,J,6209100,1,212405,101,9,36,"42,30",1,1,0,1,20,0,0,0,"8741,00",6,0,1,202005,0,5,"8741,00"
202005,3,35,350570,J,6209100,1,212420,101,7,37,"40,00",4,1,0,1,20,0,0,0,"1675,56",10,0,1,202005,0,5,"1675,56"
202005,5,53,530010,J,6201501,-1,317110,101,9,26,"40,00",3,1,0,1,40,0,0,0,"5040,00",10,0,1,202005,0,5,"5040,00"
202005,4,41,410690,J,6202300,1,317110,101,8,39,"40,00",1,3,0,1,20,0,0,0,"6067,37",6,0,1,202005,0,5,"6067,37"
202005,4,41,410690,J,6209100,-1,212420,101,7,31,"40,00",1,1,0,1,31,0,0,0,"1890,00",5,0,1,202005,0,5,"1890,00"
202005,1,13,130260,J,6201501,-1,142520,101,80,53,"44,00",1,1,0,1,31,0,0,0,"15327,00",8,0,1,202005,0,5,"15327,00"
202005,5,53,530010,J,6203100,1,212405,101,9,29,"40,00",3,1,0,1,20,0,0,0,"6500,00",7,0,1,202005,0,5,"6500,00"
202005,3,35,350570,J,6203100,1,212405,101,9,34,"40,00",3,1,0,1,20,0,0,0,"15500,00",9,0,1,202005,0,5,"15500,00"
202005,4,43,431340,J,6202300,-1,317110,101,7,21,"44,00",1,1,0,1,40,0,0,0,"2350,00",7,0,1,202005,0,5,"2350,00"
202005,3,35,355030,J,6202300,1,317110,101,7,24,"40,00",3,1,0,1,20,0,0,0,"1675,57",6,0,1,202005,0,5,"1675,57"
202005,5,53,530010,J,6203100,1,212405,101,9,33,"44,00",3,1,0,1,20,0,0,0,"5772,00",8,0,1,202005,0,5,"5772,00"
202005,3,31,310670,J,6311900,1,317110,101,9,31,"44,00",6,1,0,1,20,0,0,0,"4206,80",6,0,1,202005,0,5,"4206,80"
202005,2,26,260960,J,6202300,1,317210,101,8,21,"40,00",1,1,0,1,20,0,0,0,"1610,00",4,0,1,202005,0,5,"1610,00"
202005,3,33,330455,J,6201501,1,212405,101,9,23,"40,00",1,3,0,1,20,0,0,0,"8500,00",7,0,1,202005,0,5,"8500,00"
202005,3,35,350570,J,6201501,-1,212415,101,9,46,"40,00",1,1,0,1,40,0,0,0,"2520,29",7,0,1,202005,0,5,"2520,29"
202005,3,35,355030,J,6204000,1,212405,101,80,40,"40,00",6,3,0,1,20,0,0,0,"10546,00",7,0,1,202005,0,5,"10546,00"
202005,3,35,355030,J,6201501,-1,142520,101,80,33,"40,00",6,1,0,1,43,0,0,0,"11000,00",1,0,1,202005,0,5,"11000,00"
202005,3,35,355030,J,6204000,-1,212405,101,9,39,"40,00",1,1,0,1,40,0,0,0,"6908,00",10,0,1,202005,0,5,"6908,00"
202005,2,23,230440,J,6204000,1,317210,101,9,31,"44,00",3,1,0,1,20,0,0,9,"1446,00",9,0,1,202005,0,5,"1446,00"
202005,3,31,310620,J,6209100,1,317205,101,7,27,"44,00",3,3,0,1,20,0,0,0,"1188,57",10,0,1,202005,0,5,"1188,57"
202005,2,29,292740,J,6204000,1,317205,101,9,30,"40,00",3,1,0,1,20,0,0,0,"1800,00",6,0,1,202005,0,5,"1800,00"
202005,4,42,420240,J,6201501,1,317110,101,8,37,"40,00",1,1,0,1,20,0,0,0,"10403,97",7,0,1,202005,0,5,"10403,97"
202005,3,31,310620,J,6204000,1,212405,101,9,34,"40,00",1,1,0,1,20,0,0,0,"6000,00",7,0,1,202005,0,5,"6000,00"
202005,3,32,320530,J,6209100,1,212405,101,9,42,"40,00",3,1,0,1,20,0,0,0,"4800,00",9,0,1,202005,0,5,"4800,00"
202005,3,35,355030,J,6204000,-1,212405,101,8,32,"40,00",3,1,0,1,40,0,0,0,"1976,00",10,0,1,202005,0,5,"1976,00"
202005,3,35,355030,J,6203100,-1,212405,101,9,49,"40,00",4,1,0,1,31,0,0,0,"13358,16",4,0,1,202005,0,5,"13358,16"
202005,3,31,310620,J,6201501,1,212405,101,9,25,"44,00",3,1,0,1,20,0,0,0,"3500,00",8,0,1,202005,0,5,"3500,00"
202005,2,24,240810,J,6209100,-1,317210,101,7,38,"44,00",6,1,0,1,31,0,0,0,"1480,20",5,0,1,202005,0,5,"1480,20"
202005,5,53,530010,J,6201501,-1,317110,101,9,25,"44,00",1,1,0,1,40,0,0,0,"4500,00",8,0,1,202005,0,5,"4500,00"
202005,4,42,420910,J,6201501,-1,212420,101,7,30,"42,50",1,1,0,1,31,0,0,0,"2912,00",7,0,1,202005,0,5,"2912,00"
202005,3,35,355030,J,6201501,1,212405,101,9,35,"40,00",1,1,0,1,20,0,0,0,"10000,00",8,0,1,202005,0,5,"10000,00"
202005,3,35,355030,J,6201501,1,212415,101,9,38,"40,00",3,3,0,1,20,0,0,0,"4000,00",7,0,1,202005,0,5,"4000,00"
202005,3,33,330455,J,6202300,1,212405,101,9,24,"40,00",6,3,0,1,20,0,0,0,"8500,00",5,0,1,202005,0,5,"8500,00"
202005,3,35,350280,J,6201501,1,317110,101,9,28,"40,00",1,1,0,1,20,0,0,0,"3984,69",7,0,1,202005,0,5,"3984,69"
202005,2,26,261160,J,6311900,-1,317210,101,7,33,"44,00",3,1,0,1,31,0,0,0,"1713,88",7,0,1,202005,0,5,"1713,88"
202005,3,35,355030,J,6204000,1,317110,101,8,32,"44,00",1,3,0,1,20,0,0,0,"2500,00",1,0,1,202005,0,5,"2500,00"
202005,4,42,420910,J,6201501,1,212405,101,7,20,"40,00",6,3,0,1,20,0,0,0,"1300,00",3,0,1,202005,0,5,"1300,00"
202005,4,41,410690,J,6203100,1,212405,101,8,35,"40,00",2,1,0,1,20,0,0,0,"6000,00",7,0,1,202005,0,5,"6000,00"
202005,4,42,420430,J,6203100,1,212405,101,8,19,"44,00",6,1,0,1,20,0,0,0,"1500,00",1,0,1,202005,0,5,"1500,00"
202005,3,35,355030,J,6204000,-1,212405,101,8,24,"40,00",6,3,0,1,40,0,0,0,"1620,00",10,0,1,202005,0,5,"1620,00"
202005,3,35,354730,J,6209100,1,212405,101,9,38,"40,00",3,1,0,1,20,0,0,0,"7000,00",10,0,1,202005,0,5,"7000,00"
202005,3,33,330455,J,6204000,-1,212405,101,7,30,"40,00",3,1,0,1,31,0,0,0,"3647,76",5,0,1,202005,0,5,"3647,76"
202005,3,31,315820,J,6209100,1,212405,101,9,28,"44,00",3,1,0,1,20,0,0,0,"2200,00",3,0,1,202005,0,5,"2200,00"
202005,3,35,350570,J,6202300,1,212215,101,9,51,"40,00",3,1,0,1,20,0,0,0,"7945,00",7,0,1,202005,0,5,"7945,00"
202005,3,35,350950,J,6201501,-1,212210,101,9,39,"40,00",1,1,0,1,31,3,0,0,"2418,00",10,0,1,202005,0,5,"2418,00"
202005,2,21,211130,J,6204000,1,212420,101,7,43,"40,00",3,1,0,1,20,0,0,0,"1600,00",3,0,1,202005,0,5,"1600,00"
202005,2,23,230440,J,6201501,1,212405,101,9,41,"40,00",1,1,0,1,20,0,0,0,"10000,00",8,0,1,202005,0,5,"10000,00"
202005,4,43,431850,J,6201501,-1,317110,101,7,24,"44,00",1,1,0,1,31,0,0,0,"2000,00",5,0,1,202005,0,5,"2000,00"
202005,3,35,355030,J,6201501,1,212405,101,9,34,"40,00",1,1,0,1,20,0,0,0,"10500,00",5,0,1,202005,0,5,"10500,00"
202005,5,53,530010,J,6209100,1,212405,101,9,35,"44,00",3,3,0,1,20,0,0,0,"5500,00",6,0,1,202005,0,5,"5500,00"
202005,3,35,355030,J,6311900,1,317110,101,7,23,"40,00",3,1,0,1,10,0,0,0,"6500,00",4,0,1,202005,0,5,"6500,00"
202005,4,41,410690,J,6201501,-1,212405,101,9,30,"40,00",1,1,0,1,40,0,0,0,"6000,00",7,0,1,202005,0,5,"6000,00"
202005,3,35,355030,J,6204000,-1,212405,101,9,32,"40,00",1,1,0,1,40,0,0,0,"4241,00",4,0,1,202005,0,5,"4241,00"
202005,3,35,355030,J,6201501,-1,317205,101,8,21,"40,00",1,1,0,1,40,0,0,0,"1620,00",9,0,1,202005,0,5,"1620,00"
202005,3,33,330455,J,6209100,-1,317210,101,7,23,"40,00",3,1,0,1,31,0,0,0,"1381,44",8,0,1,202005,0,5,"1381,44"
202005,3,35,355030,J,6204000,-1,212405,101,9,29,"40,00",1,1,0,1,40,0,0,0,"9000,00",10,0,1,202005,0,5,"9000,00"
202005,4,43,431490,J,6311900,1,317205,101,8,31,"40,00",2,1,0,1,20,0,0,0,"1200,00",6,0,1,202005,0,5,"1200,00"
202005,3,31,310620,J,6201501,-1,212420,101,8,32,"40,00",2,1,0,1,43,0,0,0,"1539,43",8,0,1,202005,0,5,"1539,43"
202005,3,35,355030,J,6204000,1,212405,101,9,34,"40,00",1,1,0,1,20,0,0,0,"13000,00",10,0,1,202005,0,5,"13000,00"
202005,3,35,350950,J,6201501,-1,212320,101,9,33,"40,00",6,3,0,1,31,0,0,0,"2593,00",6,0,1,202005,0,5,"2593,00"
202005,5,53,530010,J,6201501,1,212405,101,9,39,"44,00",1,1,0,1,20,0,0,0,"5500,00",10,0,1,202005,0,5,"5500,00"
202005,2,23,230100,J,6204000,-1,212405,101,8,29,"40,00",1,1,0,1,40,0,0,0,"2628,70",5,0,1,202005,0,5,"2628,70"
202005,2,29,292740,J,6201501,1,317110,101,9,31,"44,00",3,1,0,1,20,0,0,0,"2000,00",7,0,1,202005,0,5,"2000,00"
202005,3,35,355030,J,6204000,-1,212415,101,9,39,"40,00",3,1,0,1,40,0,0,0,"8322,00",10,0,1,202005,0,5,"8322,00"
202005,4,41,410690,J,6209100,-1,212315,101,8,21,"30,00",1,1,0,1,31,0,0,0,"2735,02",9,0,1,202005,0,5,"2735,02"
202005,3,35,355030,J,6209100,1,212310,101,8,35,"40,00",1,1,0,1,20,0,0,0,"5000,00",9,0,1,202005,0,5,"5000,00"
202005,3,35,355030,J,6209100,-1,317210,101,7,28,"40,00",3,1,0,1,43,0,0,0,"1500,00",8,0,1,202005,0,5,"1500,00"
202005,4,41,411520,J,6209100,1,212405,101,9,32,"40,00",1,1,0,1,20,0,0,0,"7439,00",7,0,1,202005,0,5,"7439,00"
202005,3,31,310620,J,6311900,1,317110,101,8,20,"30,00",1,1,0,1,20,0,0,0,"2130,00",5,0,1,202005,0,5,"2130,00"
202005,3,35,355030,J,6201501,-1,212405,101,7,30,"40,00",3,1,0,1,40,0,0,0,"5217,79",9,0,1,202005,0,5,"5217,79"
202005,3,35,355670,J,6201501,-1,212405,101,9,48,"44,00",1,1,0,1,90,0,0,0,"8000,00",5,0,1,202005,0,5,"8000,00"
202005,3,33,330455,J,6201501,-1,212420,101,7,30,"40,00",3,3,0,1,31,0,0,0,"1339,26",9,0,1,202005,0,5,"1339,26"
202005,4,43,431490,J,6201501,-1,317110,101,9,55,"44,00",1,3,0,1,31,0,0,0,"4340,00",8,0,1,202005,0,5,"4340,00"
202005,4,43,431490,J,6203100,-1,142520,101,9,33,"44,00",1,3,0,1,31,0,0,9,"4410,00",5,0,1,202005,0,5,"4410,00"
202005,5,53,530010,J,6203100,-1,212405,101,80,39,"44,00",2,1,0,1,40,0,0,0,"8000,00",8,0,1,202005,0,5,"8000,00"
202005,4,43,431490,J,6201501,1,317105,101,9,35,"40,00",2,1,0,1,20,0,0,0,"13500,00",3,0,1,202005,0,5,"13500,00"
202005,3,35,355500,J,6209100,-1,317110,101,9,33,"40,00",1,1,0,1,31,0,0,0,"2400,58",3,0,1,202005,0,5,"2400,58"
202005,3,31,317020,J,6204000,-1,317110,101,9,26,"40,00",1,1,0,1,40,0,0,0,"2830,71",8,0,1,202005,0,5,"2830,71"
202005,3,33,330455,J,6201501,-1,317210,101,7,39,"40,00",3,1,0,1,31,0,0,0,"1381,44",9,0,1,202005,0,5,"1381,44"
202005,3,33,330455,J,6203100,-1,317110,101,8,22,"44,00",3,3,0,1,31,0,0,0,"1547,25",3,0,1,202005,0,5,"1547,25"
202005,3,35,355030,J,6311900,-1,212420,101,9,30,"40,00",1,1,0,1,40,0,0,0,"6916,00",9,0,1,202005,0,5,"6916,00"
202005,3,31,310620,J,6209100,-1,142530,101,9,28,"44,00",1,1,0,1,40,0,0,0,"3811,03",5,0,1,202005,0,5,"3811,03"
202005,4,41,410690,J,6204000,-1,212405,101,9,29,"40,00",6,3,0,1,31,0,0,0,"3550,12",7,0,1,202005,0,5,"3550,12"
202005,3,35,355030,J,6202300,1,212420,101,9,30,"40,00",1,1,0,1,20,0,0,0,"5077,24",7,0,1,202005,0,5,"5077,24"
202005,3,35,352470,J,6201501,-1,212410,101,9,24,"40,00",1,1,0,1,31,0,0,0,"1620,00",10,0,1,202005,0,5,"1620,00"
202005,3,35,354340,J,6202300,1,317110,101,9,25,"40,00",1,3,0,1,20,0,0,0,"2555,88",8,0,1,202005,0,5,"2555,88"
202005,5,52,520140,J,6204000,-1,142520,101,9,35,"44,00",1,3,0,1,31,0,0,0,"7397,97",7,0,1,202005,0,5,"7397,97"
202005,3,35,350570,J,6209100,-1,212405,101,9,37,"44,00",2,1,0,1,31,0,0,0,"5431,11",2,0,1,202005,0,5,"5431,11"
202005,3,31,317020,J,6203100,-1,212405,101,1,27,"40,00",1,1,0,1,40,0,0,0,"7000,00",7,0,1,202005,0,5,"7000,00"
202005,4,41,411520,J,6209100,-1,212420,101,8,35,"40,00",1,1,0,1,40,0,0,0,"2591,75",3,0,1,202005,0,5,"2591,75"
202005,3,35,350570,J,6209100,-1,212410,101,7,35,"44,00",1,3,0,1,31,0,0,0,"1790,00",2,0,1,202005,0,5,"1790,00"
202005,4,41,411520,J,6203100,1,212420,101,8,28,"44,00",1,1,0,1,20,0,0,0,"1389,21",7,0,1,202005,0,5,"1389,21"
202005,5,53,530010,J,6203100,1,212405,101,8,22,"44,00",3,1,0,1,20,0,0,0,"3044,00",8,0,1,202005,0,5,"3044,00"
202005,5,53,530010,J,6209100,1,212315,101,80,32,"44,00",3,3,0,1,20,0,0,0,"6000,00",8,0,1,202005,0,5,"6000,00"
202005,3,35,355030,J,6201501,1,212405,101,9,28,"40,00",3,3,0,1,20,0,0,0,"13200,00",10,0,1,202005,0,5,"13200,00"
202005,3,35,355030,J,6201501,-1,317110,101,9,30,"40,00",3,1,0,1,40,0,0,0,"6067,87",6,0,1,202005,0,5,"6067,87"
202005,3,35,350570,J,6204000,1,212405,101,9,26,"40,00",6,1,0,1,20,0,0,0,"5000,00",7,0,1,202005,0,5,"5000,00"
202005,4,41,410690,J,6209100,1,212405,101,80,32,"40,00",1,1,0,1,20,0,0,0,"7272,19",7,0,1,202005,0,5,"7272,19"
202005,4,42,420240,J,6203100,1,317210,101,8,21,"44,00",1,1,0,1,20,0,0,0,"1900,00",9,0,1,202005,0,5,"1900,00"
202005,3,35,355030,J,6201501,1,142520,101,80,49,"40,00",1,3,0,1,20,0,0,0,"9000,00",10,0,1,202005,0,5,"9000,00"
202005,3,33,330455,J,6201501,-1,212405,101,9,44,"40,00",3,1,0,1,31,0,0,0,"5607,05",1,0,1,202005,0,5,"5607,05"
202005,3,35,355030,J,6201501,-1,212405,101,9,26,"40,00",1,1,0,1,40,0,0,0,"7400,01",10,0,1,202005,0,5,"7400,01"
202005,3,31,317020,J,6204000,1,212420,101,9,38,"40,00",3,1,0,1,20,0,0,0,"1385,00",8,0,1,202005,0,5,"1385,00"
202005,4,41,411520,J,6311900,-1,317205,101,9,22,"44,00",1,1,0,1,40,0,0,0,"1307,00",4,0,1,202005,0,5,"1307,00"
202005,3,31,310620,J,6203100,-1,142510,101,9,49,"44,00",1,3,0,1,31,0,0,0,"9206,81",7,0,1,202005,0,5,"9206,81"
202005,2,23,230440,J,6204000,-1,212405,101,9,27,"44,00",3,3,0,1,31,0,0,0,"5619,35",8,0,1,202005,0,5,"5619,35"
202005,3,31,310620,J,6204000,1,212405,101,9,25,"44,00",3,1,0,1,20,0,0,0,"6891,48",6,0,1,202005,0,5,"6891,48"
202005,4,42,420910,J,6201501,1,212405,101,7,27,"40,00",6,1,0,1,20,0,0,0,"1300,00",3,0,1,202005,0,5,"1300,00"
202005,3,33,330455,J,6201501,-1,212405,101,80,37,"40,00",1,1,0,1,40,0,0,0,"2109,24",6,0,1,202005,0,5,"2109,24"
202005,3,31,314480,J,6209100,-1,212405,101,7,28,"40,00",3,1,0,1,40,0,0,0,"12800,00",9,0,1,202005,0,5,"12800,00"
202005,3,35,355030,J,6209100,1,212405,101,9,22,"40,00",3,1,0,1,10,0,0,0,"3500,00",4,0,1,202005,0,5,"3500,00"
202005,4,42,420240,J,6201501,-1,317210,101,8,26,"40,00",1,1,0,1,31,0,0,0,"2192,00",8,0,1,202005,0,5,"2192,00"
202005,3,35,350570,J,6201501,-1,317205,101,9,22,"40,00",1,1,0,1,31,0,0,0,"2461,21",9,0,1,202005,0,5,"2461,21"
202005,4,41,410690,J,6202300,1,317110,101,9,26,"40,00",5,1,0,1,20,0,0,0,"8600,00",5,0,1,202005,0,5,"8600,00"
202005,3,35,350570,J,6204000,1,212405,101,8,20,"40,00",1,3,0,1,20,0,0,0,"5000,00",8,0,1,202005,0,5,"5000,00"
202005,4,42,420540,J,6202300,-1,317110,101,10,37,"44,00",6,1,0,1,31,0,0,0,"10316,02",10,0,1,202005,0,5,"10316,02"
202005,4,43,430850,J,6201501,1,317210,101,9,30,"44,00",1,3,0,1,20,0,0,0,"1400,00",5,0,1,202005,0,5,"1400,00"
202005,5,53,530010,J,6204000,1,212410,101,9,26,"40,00",1,3,0,1,20,0,0,0,"1800,00",1,0,1,202005,0,5,"1800,00"
202005,3,33,330455,J,6201501,-1,212405,101,9,36,"40,00",1,1,0,1,31,0,0,0,"8231,00",1,0,1,202005,0,5,"8231,00"
202005,4,42,420240,J,6203100,-1,212420,101,9,25,"44,00",1,3,0,1,43,0,0,0,"4400,00",5,0,1,202005,0,5,"4400,00"
202005,3,31,310620,J,6202300,1,212405,101,9,46,"44,00",6,3,0,1,20,0,0,0,"3000,00",3,0,1,202005,0,5,"3000,00"
202005,3,35,350410,J,6201501,1,212405,101,9,22,"40,00",1,3,0,1,20,0,0,0,"3286,06",6,0,1,202005,0,5,"3286,06"
202005,4,43,431490,J,6209100,-1,212415,101,8,32,"40,00",3,1,0,1,40,0,0,0,"7500,00",5,0,1,202005,0,5,"7500,00"
202005,3,31,317020,J,6201501,-1,212405,101,9,22,"36,00",3,1,0,1,40,0,0,0,"4335,82",8,0,1,202005,0,5,"4335,82"
202005,3,31,310620,J,6201501,1,212420,101,9,39,"40,00",1,1,0,1,20,0,0,0,"1693,27",9,0,1,202005,0,5,"1693,27"
202005,5,53,530010,J,6203100,-1,212405,101,8,26,"44,00",6,3,0,1,40,0,0,0,"1841,23",7,0,1,202005,0,5,"1841,23"
202005,5,53,530010,J,6203100,1,212405,101,9,62,"40,00",6,1,0,1,20,0,0,0,"8218,25",7,0,1,202005,0,5,"8218,25"
202005,3,35,352900,J,6203100,-1,317110,101,7,46,"20,00",1,1,0,1,40,0,0,0,"2299,00",4,0,1,202005,0,5,"2299,00"
202005,4,41,410690,J,6204000,-1,212405,101,9,36,"40,00",1,3,0,1,31,0,0,0,"10575,00",7,0,1,202005,0,5,"10575,00"
202005,4,42,420910,J,6203100,-1,317110,101,9,30,"43,75",6,1,0,1,31,0,0,0,"3000,00",2,0,1,202005,0,5,"3000,00"
202005,3,31,310620,J,6201501,-1,212405,101,8,24,"40,00",1,1,0,1,40,0,0,0,"6500,00",8,0,1,202005,0,5,"6500,00"
202005,5,53,530010,J,6204000,1,212410,101,9,38,"40,00",1,1,0,1,20,0,0,0,"3500,00",1,0,1,202005,0,5,"3500,00"
202005,3,33,330455,J,6201501,1,212405,101,9,27,"40,00",1,1,0,1,20,0,0,0,"2917,00",7,0,1,202005,0,5,"2917,00"
202005,3,31,310620,J,6201501,1,212405,101,9,32,"40,00",3,3,0,1,20,0,0,0,"3500,00",5,0,1,202005,0,5,"3500,00"
202005,3,31,310620,J,6204000,-1,212405,101,9,33,"40,00",2,1,0,1,40,0,0,0,"7500,00",7,0,1,202005,0,5,"7500,00"
202005,5,51,510340,J,6202300,-1,212420,101,9,51,"44,00",3,1,0,1,31,0,0,0,"5759,00",8,0,1,202005,0,5,"5759,00"
202005,3,35,355030,J,6204000,-1,212405,101,9,50,"40,00",1,1,0,1,31,0,0,0,"7500,00",10,0,1,202005,0,5,"7500,00"
202005,3,35,354390,J,6203100,-1,212405,101,9,38,"40,00",1,1,0,1,40,0,0,0,"4000,00",6,0,1,202005,0,5,"4000,00"
202005,2,26,261160,J,6311900,-1,317210,101,7,47,"40,00",1,1,0,1,31,0,0,0,"1346,53",7,0,1,202005,0,5,"1346,53"
202005,4,43,431490,J,6204000,1,212420,101,9,30,"44,00",1,1,0,1,20,0,0,0,"9000,00",7,0,1,202005,0,5,"9000,00"
202005,3,35,350570,J,6201501,1,212405,101,9,41,"40,00",1,1,0,1,20,0,0,0,"2000,00",8,0,1,202005,0,5,"2000,00"
202005,3,35,350280,J,6201501,-1,212420,101,9,50,"40,00",1,1,0,1,31,0,0,0,"6133,79",5,0,1,202005,0,5,"6133,79"
202005,3,35,355030,J,6201501,1,212405,101,9,33,"40,00",1,1,0,1,20,0,0,0,"10000,00",10,0,1,202005,0,5,"10000,00"
202005,5,53,530010,J,6203100,-1,212405,101,11,45,"44,00",1,1,0,1,40,0,0,0,"8367,55",7,0,1,202005,0,5,"8367,55"
202005,4,41,411850,J,6203100,-1,317110,101,8,25,"44,00",6,1,0,1,40,0,0,0,"2155,92",7,0,1,202005,0,5,"2155,92"
202005,3,31,310620,J,6204000,1,212405,101,9,25,"40,00",3,1,0,1,20,0,0,0,"5500,00",7,0,1,202005,0,5,"5500,00"
202005,3,33,330455,J,6204000,1,212405,101,80,33,"40,00",1,1,0,1,20,0,0,0,"8500,00",9,0,1,202005,0,5,"8500,00"
202005,3,35,350570,J,6203100,-1,212405,101,9,31,"40,00",1,1,0,1,31,0,0,0,"11000,00",9,0,1,202005,0,5,"11000,00"
202005,3,31,310620,J,6204000,1,212405,101,7,25,"36,00",1,3,0,1,20,0,0,0,"4000,00",7,0,1,202005,0,5,"4000,00"
202005,3,35,350570,J,6201501,-1,212215,101,9,35,"40,00",3,1,0,1,31,0,0,0,"7500,00",9,0,1,202005,0,5,"7500,00"
202005,3,35,355030,J,6201501,1,212405,101,80,32,"40,00",1,3,0,1,20,0,0,0,"8000,00",10,0,1,202005,0,5,"8000,00"
202005,2,23,230440,J,6203100,-1,212405,101,9,47,"44,00",3,1,0,1,31,0,0,0,"4486,30",2,0,1,202005,0,5,"4486,30"
202005,5,53,530010,J,6203100,-1,212405,101,9,33,"44,00",3,1,0,1,40,0,0,0,"4028,42",7,0,1,202005,0,5,"4028,42"
202005,2,29,291920,J,6201501,1,212405,101,9,39,"44,00",3,1,0,1,20,0,0,0,"5000,00",7,0,1,202005,0,5,"5000,00"
202005,3,35,354870,J,6311900,1,212420,101,9,30,"40,00",1,1,0,1,20,0,0,0,"1700,00",6,0,1,202005,0,5,"1700,00"
202005,3,35,355030,J,6202300,-1,212405,101,9,37,"44,00",6,3,0,1,31,0,0,0,"6722,95",3,0,1,202005,0,5,"6722,95"
202005,3,35,355030,J,6201501,1,212405,101,9,37,"40,00",3,3,0,1,20,0,0,0,"6626,74",9,0,1,202005,0,5,"6626,74"
202005,3,33,330455,J,6204000,-1,212405,101,9,33,"40,00",6,1,0,1,40,0,0,0,"6700,00",5,0,1,202005,0,5,"6700,00"
202005,3,35,355030,J,6204000,1,212405,101,80,29,"44,00",3,3,0,1,20,0,0,9,"25833,33",4,0,1,202005,0,5,"25833,33"
202005,3,35,354730,J,6209100,1,212305,101,80,43,"36,00",3,1,0,1,20,0,0,0,"5500,00",10,0,1,202005,0,5,"5500,00"
202005,1,15,150140,J,6201501,-1,212405,101,9,23,"40,00",6,1,0,1,40,0,0,0,"1750,00",4,0,1,202005,0,5,"1750,00"
202005,4,41,410690,J,6204000,-1,317110,101,9,65,"40,00",1,1,0,1,31,0,0,0,"4000,00",7,0,1,202005,0,5,"4000,00"
202005,3,35,355030,J,6201501,1,317110,101,80,42,"40,00",3,1,0,1,20,0,0,0,"10117,60",10,0,1,202005,0,5,"10117,60"
202005,3,31,313670,J,6202300,-1,317110,101,9,35,"44,00",1,1,0,1,40,0,0,0,"2093,40",1,0,1,202005,0,5,"2093,40"
202005,3,35,354890,J,6201501,1,317110,101,8,24,"40,00",3,3,0,1,10,0,0,0,"2662,09",6,0,1,202005,0,5,"2662,09"
202005,3,35,355030,J,6201501,-1,142510,101,80,40,"40,00",3,1,0,1,31,0,0,0,"13000,00",10,0,1,202005,0,5,"13000,00"
202005,5,50,500270,J,6201501,-1,317110,101,8,23,"44,00",6,1,0,1,31,0,0,0,"2514,48",7,0,1,202005,0,5,"2514,48"
202005,3,31,313670,J,6209100,1,212420,101,7,22,"44,00",6,1,0,1,20,0,0,0,"1849,26",4,0,1,202005,0,5,"1849,26"
202005,3,35,355030,J,6204000,-1,317210,101,7,28,"44,00",6,1,0,1,40,0,0,0,"2700,00",7,0,1,202005,0,5,"2700,00"
202005,2,26,261160,J,6201501,1,212405,101,8,23,"40,00",3,1,0,1,20,0,0,0,"4323,44",8,0,1,202005,0,5,"4323,44"
202005,3,35,355030,J,6209100,-1,212405,101,9,33,"40,00",3,3,0,1,31,0,0,0,"7681,18",6,0,1,202005,0,5,"7681,18"
202005,3,35,355030,J,6204000,1,317110,101,9,30,"44,00",1,1,0,1,20,0,0,9,"4300,00",10,0,1,202005,0,5,"4300,00"
202005,3,35,355030,J,6201501,1,212405,101,8,19,"40,00",1,1,0,1,20,0,0,0,"3000,00",6,0,1,202005,0,5,"3000,00"
202005,3,33,330455,J,6204000,1,317210,101,7,21,"40,00",2,1,0,1,20,0,0,0,"2502,31",6,0,1,202005,0,5,"2502,31"
202005,3,35,355030,J,6209100,1,212420,101,9,32,"40,00",1,1,0,1,20,0,0,0,"4619,56",6,0,1,202005,0,5,"4619,56"
202005,5,53,530010,J,6209100,1,212405,101,80,34,"44,00",6,1,0,1,20,0,0,0,"4000,00",3,0,1,202005,0,5,"4000,00"
202005,3,33,330455,J,6204000,1,212405,101,9,49,"40,00",3,1,0,1,20,0,0,0,"7000,00",9,0,1,202005,0,5,"7000,00"
202005,3,31,310620,J,6204000,1,212420,101,7,26,"40,00",1,1,0,1,20,0,0,0,"1584,69",7,0,1,202005,0,5,"1584,69"
202005,5,53,530010,J,6201501,-1,212405,101,9,33,"40,00",3,1,0,1,31,0,0,0,"8000,00",9,0,1,202005,0,5,"8000,00"
202005,3,31,310620,J,6201501,-1,317110,101,10,33,"40,00",1,1,0,1,40,0,0,0,"8700,00",7,0,1,202005,0,5,"8700,00"
202005,3,35,354990,J,6209100,-1,212420,101,9,33,"40,00",1,3,0,1,31,0,0,0,"2500,00",2,0,1,202005,0,5,"2500,00"
202005,3,35,350570,J,6203100,1,212405,101,80,37,"40,00",1,1,0,1,20,0,0,0,"16000,00",9,0,1,202005,0,5,"16000,00"
202005,3,35,355030,J,6201501,-1,212315,101,9,35,"40,00",1,1,0,1,40,0,0,0,"14550,00",8,0,1,202005,0,5,"14550,00"
202005,3,31,317020,J,6209100,-1,212405,101,9,28,"44,00",3,1,0,1,31,0,0,0,"2231,00",4,0,1,202005,0,5,"2231,00"
202005,3,33,330330,J,6204000,-1,212405,101,9,20,"40,00",1,3,0,1,31,0,0,0,"3500,00",8,0,1,202005,0,5,"3500,00"
202005,4,43,430510,J,6201501,-1,212410,101,9,24,"42,50",1,3,0,1,31,0,0,0,"1500,00",3,0,1,202005,0,5,"1500,00"
202005,2,26,261160,J,6311900,-1,317210,101,7,56,"40,00",3,1,0,1,31,0,0,0,"1346,53",7,0,1,202005,0,5,"1346,53"
202005,2,26,261160,J,6209100,-1,212215,101,7,23,"40,00",3,3,0,1,40,0,0,0,"2575,00",3,0,1,202005,0,5,"2575,00"
202005,5,53,530010,J,6204000,1,212410,101,7,25,"40,00",1,3,0,1,20,0,0,0,"1500,00",1,0,1,202005,0,5,"1500,00"
202005,4,43,431870,J,6201501,1,317110,101,8,35,"44,00",1,1,0,1,20,0,0,0,"5000,00",8,0,1,202005,0,5,"5000,00"
202005,3,31,310620,J,6204000,1,212420,101,8,19,"40,00",3,1,0,1,20,0,0,0,"1675,00",7,0,1,202005,0,5,"1675,00"
202005,5,53,530010,J,6202300,1,212405,101,9,30,"44,00",3,3,0,1,20,0,0,0,"4802,10",5,0,1,202005,0,5,"4802,10"
202005,3,35,355030,J,6204000,-1,212405,101,9,23,"44,00",3,3,0,1,40,0,0,0,"3745,21",10,0,1,202005,0,5,"3745,21"
202005,5,53,530010,J,6201501,-1,317110,101,9,29,"40,00",3,1,0,1,31,0,0,0,"8395,20",10,0,1,202005,0,5,"8395,20"
202005,2,25,250400,J,6209100,1,317205,101,7,40,"44,00",3,1,0,1,20,0,0,0,"1045,00",3,0,1,202005,0,5,"1045,00"
202005,3,35,354990,J,6202300,-1,317110,101,10,31,"30,00",3,1,0,1,31,0,0,0,"2819,03",7,0,1,202005,0,5,"2819,03"
202005,5,53,530010,J,6201501,-1,212405,101,9,38,"44,00",6,1,0,1,31,0,0,0,"3250,00",5,0,1,202005,0,5,"3250,00"
202005,4,41,410690,J,6201501,-1,317110,101,80,23,"40,00",3,1,0,1,31,0,0,0,"5065,88",1,0,1,202005,0,5,"5065,88"
202005,3,35,355030,J,6204000,1,212405,101,80,39,"40,00",3,1,0,1,20,0,0,0,"5000,00",8,0,1,202005,0,5,"5000,00"
202005,3,35,355030,J,6201501,-1,212420,101,9,25,"40,00",1,1,0,1,31,0,0,0,"1620,34",6,0,1,202005,0,5,"1620,34"
202005,4,43,431490,J,6209100,1,142535,101,7,38,"44,00",6,1,0,1,20,0,0,0,"3500,00",5,0,1,202005,0,5,"3500,00"
202005,3,33,330455,J,6201501,-1,212305,101,9,68,"40,00",2,1,0,1,40,0,0,0,"5500,00",9,0,1,202005,0,5,"5500,00"
202005,3,35,350570,J,6201501,1,212405,101,9,32,"40,00",1,3,0,1,20,0,0,0,"2000,00",8,0,1,202005,0,5,"2000,00"
202005,3,31,315960,J,6311900,1,212405,101,80,28,"40,00",1,3,0,1,20,0,0,0,"8500,00",1,0,1,202005,0,5,"8500,00"
202005,4,42,420910,J,6201501,-1,212405,101,9,31,"44,00",1,3,0,1,40,0,0,0,"3772,41",6,0,1,202005,0,5,"3772,41"
202005,4,43,431490,J,6201501,1,317110,101,8,25,"40,00",3,1,0,1,20,0,0,0,"4000,00",8,0,1,202005,0,5,"4000,00"
202005,4,41,410690,J,6209100,-1,212405,101,8,31,"44,00",1,1,0,1,31,0,0,9,"10661,07",9,0,1,202005,0,5,"10661,07"
202005,3,35,352900,J,6203100,-1,142530,101,7,30,"40,00",1,3,0,1,40,0,0,0,"7024,14",6,0,1,202005,0,5,"7024,14"
202005,4,42,420910,J,6202300,1,212420,101,9,31,"44,00",1,1,0,1,20,0,0,0,"2213,20",6,0,1,202005,0,5,"2213,20"
202005,4,43,431490,J,6311900,1,317205,101,9,37,"30,00",1,1,0,1,20,0,0,0,"2799,57",9,0,1,202005,0,5,"2799,57"
202005,3,35,355030,J,6203100,-1,212405,101,9,29,"40,00",1,1,0,1,40,0,0,0,"5652,43",10,0,1,202005,0,5,"5652,43"
202005,3,35,350950,J,6311900,1,212315,101,9,26,"44,00",1,1,0,1,10,0,0,9,"9000,00",1,0,1,202005,0,5,"9000,00"
202005,3,35,354730,J,6209100,1,212405,101,80,40,"40,00",3,1,0,1,20,0,0,0,"8000,00",10,0,1,202005,0,5,"8000,00"
202005,3,35,355030,J,6202300,1,212305,101,9,34,"40,00",1,1,0,1,20,0,0,0,"7500,00",1,0,1,202005,0,5,"7500,00"
202005,3,31,317020,J,6204000,1,317110,101,8,31,"40,00",3,1,0,1,20,0,0,0,"2000,00",8,0,1,202005,0,5,"2000,00"
202005,3,32,320530,J,6201501,-1,212405,101,9,30,"40,00",4,1,0,1,31,0,0,0,"2550,00",7,0,1,202005,0,5,"2550,00"
202005,3,35,355030,J,6204000,-1,212420,101,9,27,"36,00",6,1,0,1,31,0,0,0,"2077,50",10,0,1,202005,0,5,"2077,50"
202005,3,31,310620,J,6201501,-1,212215,101,9,29,"44,00",3,3,0,1,40,0,0,0,"8466,06",6,0,1,202005,0,5,"8466,06"
202005,4,43,431490,J,6201501,1,212405,101,9,29,"44,00",1,1,0,1,20,0,0,0,"1500,00",3,0,1,202005,0,5,"1500,00"
202005,3,35,355030,J,6201501,1,212405,101,7,23,"40,00",1,1,0,1,20,0,0,0,"9000,00",8,0,1,202005,0,5,"9000,00"
202005,3,35,354870,J,6204000,-1,212405,101,9,22,"40,00",1,1,0,1,43,0,0,0,"3900,00",10,0,1,202005,0,5,"3900,00"
202005,3,35,355030,J,6201501,1,212405,101,9,26,"40,00",6,1,0,1,20,0,0,0,"4000,00",2,0,1,202005,0,5,"4000,00"
202005,4,43,430676,J,6209100,-1,317110,101,8,20,"36,00",1,1,0,1,31,0,0,0,"2500,00",4,0,1,202005,0,5,"2500,00"
202005,3,35,355030,J,6204000,-1,212405,101,80,38,"40,00",3,1,0,1,31,0,0,0,"6152,16",10,0,1,202005,0,5,"6152,16"
202005,5,53,530010,J,6203100,-1,212405,101,9,65,"44,00",2,1,0,1,40,0,0,0,"8367,55",7,0,1,202005,0,5,"8367,55"
202005,2,24,240810,J,6209100,-1,317110,101,9,24,"44,00",1,3,0,1,31,0,0,0,"1215,95",5,0,1,202005,0,5,"1215,95"
202005,4,43,431490,J,6209100,1,317210,101,9,52,"44,00",1,1,0,1,20,0,0,0,"1750,00",8,0,1,202005,0,5,"1750,00"
202005,3,33,330455,J,6201501,1,317110,101,9,27,"40,00",1,1,0,1,20,0,0,0,"2200,00",3,0,1,202005,0,5,"2200,00"
202005,3,35,355030,J,6204000,1,212410,101,8,25,"40,00",1,1,0,1,20,0,0,0,"5397,00",9,0,1,202005,0,5,"5397,00"
202005,3,35,355030,J,6201501,-1,212405,101,9,50,"40,00",1,1,0,1,40,0,0,0,"7500,00",8,0,1,202005,0,5,"7500,00"
202005,5,53,530010,J,6204000,1,212410,101,9,41,"40,00",1,1,0,1,20,0,0,0,"8500,00",8,0,1,202005,0,5,"8500,00"
202005,3,35,355030,J,6201501,-1,212310,101,9,66,"40,00",1,1,0,1,31,0,0,0,"7696,07",9,0,1,202005,0,5,"7696,07"
202005,3,35,355030,J,6209100,-1,212405,101,9,33,"44,00",1,1,0,1,40,0,0,9,"18552,88",10,0,1,202005,0,5,"18552,88"
202005,3,32,320530,J,6209100,-1,212310,101,7,25,"56,00",1,3,0,1,40,0,0,0,"2448,66",7,0,1,202005,0,5,"2448,66"
202005,4,42,420240,J,6201501,-1,317210,101,8,23,"40,00",1,3,0,1,31,0,0,0,"2192,00",8,0,1,202005,0,5,"2192,00"
202005,3,31,310620,J,6209100,1,317205,101,7,19,"44,00",1,1,0,1,20,0,0,0,"1188,57",10,0,1,202005,0,5,"1188,57"
202005,2,23,230440,J,6203100,-1,212415,101,8,28,"40,00",1,3,0,1,40,0,0,0,"3385,75",7,0,1,202005,0,5,"3385,75"
202005,3,31,310620,J,6209100,1,317205,101,6,30,"44,00",1,1,0,1,20,0,0,0,"1188,57",10,0,1,202005,0,5,"1188,57"
202005,4,41,411370,J,6209100,1,212420,101,9,35,"20,00",1,1,0,1,20,0,0,0,"2305,45",4,0,1,202005,0,5,"2305,45"
202005,3,35,350950,J,6203100,-1,212420,101,9,32,"40,00",1,3,0,1,31,0,0,0,"1743,80",4,0,1,202005,0,5,"1743,80"
202005,5,53,530010,J,6204000,-1,212410,101,7,35,"40,00",3,1,0,1,43,0,0,0,"2125,45",1,0,1,202005,0,5,"2125,45"
202005,3,31,312770,J,6311900,-1,212315,101,9,29,"40,00",6,1,0,1,40,0,0,0,"2284,12",5,0,1,202005,0,5,"2284,12"
202005,3,35,355030,J,6202300,1,142520,101,9,43,"40,00",1,3,0,1,20,0,0,0,"6000,00",9,0,1,202005,0,5,"6000,00"
202005,4,41,411520,J,6201501,-1,212405,101,9,46,"44,00",1,1,0,1,31,0,0,0,"3677,45",5,0,1,202005,0,5,"3677,45"
202005,3,31,317020,J,6209100,1,212420,101,9,33,"44,00",6,1,0,1,20,0,0,0,"1600,00",2,0,1,202005,0,5,"1600,00"
202005,3,31,310620,J,6204000,1,212420,101,7,35,"40,00",1,1,0,1,20,0,0,0,"1584,69",5,0,1,202005,0,5,"1584,69"
202005,3,33,330580,J,6209100,-1,317210,101,9,23,"40,00",1,3,0,1,40,0,0,0,"1383,00",10,0,1,202005,0,5,"1383,00"
202005,5,53,530010,J,6203100,1,142520,101,80,41,"44,00",3,1,0,1,20,0,0,0,"10075,00",8,0,1,202005,0,5,"10075,00"
202005,5,53,530010,J,6204000,1,212410,101,9,37,"40,00",1,1,0,1,20,0,0,0,"8000,00",1,0,1,202005,0,5,"8000,00"
202005,2,23,230440,J,6209100,-1,317105,101,8,33,"44,00",3,1,0,1,31,0,0,0,"3523,83",5,0,1,202005,0,5,"3523,83"
202005,3,35,350570,J,6209100,-1,212405,101,8,34,"44,00",1,1,0,1,31,0,0,0,"4344,89",2,0,1,202005,0,5,"4344,89"
202005,3,35,355030,J,6201501,1,212405,101,9,23,"40,00",1,1,0,1,20,0,0,0,"7000,00",10,0,1,202005,0,5,"7000,00"
202005,4,43,431490,J,6311900,-1,317205,101,8,20,"40,00",1,3,0,1,40,0,0,0,"2500,00",6,0,1,202005,0,5,"2500,00"
202005,3,35,355030,J,6201501,-1,317110,101,9,27,"40,00",1,1,0,1,31,0,0,0,"8334,44",10,0,1,202005,0,5,"8334,44"
202005,3,35,350570,J,6201501,-1,317210,101,9,32,"40,00",1,1,0,1,31,1,0,0,"1706,35",9,0,1,202005,0,5,"1706,35"
202005,3,35,355030,J,6209100,-1,212415,101,7,34,"40,00",1,1,0,1,31,0,0,0,"1590,00",5,0,1,202005,0,5,"1590,00"
202005,5,53,530010,J,6203100,1,212405,101,9,28,"44,00",3,1,0,1,20,0,0,0,"6402,00",8,0,1,202005,0,5,"6402,00"
202005,4,42,420540,J,6203100,-1,317210,101,9,35,"44,00",1,1,0,1,31,0,0,0,"1745,71",4,0,1,202005,0,5,"1745,71"
202005,3,35,352590,J,6209100,-1,212420,101,7,26,"40,00",2,1,0,1,40,0,0,0,"1675,56",5,0,1,202005,0,5,"1675,56"
202005,3,35,355030,J,6201501,1,212405,101,9,32,"40,00",1,1,0,1,20,0,0,0,"9500,00",8,0,1,202005,0,5,"9500,00"
202005,3,31,317010,J,6201501,1,212405,101,9,22,"40,00",3,1,0,1,20,0,0,0,"2631,12",5,0,1,202005,0,5,"2631,12"
202005,3,35,355030,J,6201501,1,212405,101,9,25,"40,00",3,1,0,1,20,0,0,0,"2400,00",6,0,1,202005,0,5,"2400,00"
202005,4,41,410690,J,6202300,-1,317110,101,9,25,"40,00",1,1,0,1,31,0,0,0,"4314,96",6,0,1,202005,0,5,"4314,96"
202005,3,35,355030,J,6311900,-1,212420,101,9,40,"44,00",1,3,0,1,31,0,0,0,"3641,49",5,0,1,202005,0,5,"3641,49"
202005,3,35,350570,J,6209100,-1,212405,101,9,34,"40,00",1,1,0,1,31,0,0,0,"14250,00",10,0,1,202005,0,5,"14250,00"
202005,3,35,350570,J,6201501,1,212405,101,9,62,"40,00",1,1,0,1,20,0,0,0,"2000,00",8,0,1,202005,0,5,"2000,00"
202005,3,35,354730,J,6204000,-1,212405,101,9,38,"40,00",1,1,0,1,31,0,0,0,"11593,63",9,0,1,202005,0,5,"11593,63"
202005,3,35,350570,J,6202300,1,212405,101,8,39,"40,00",3,3,0,1,20,0,0,0,"4805,00",7,0,1,202005,0,5,"4805,00"
202005,3,35,355030,J,6203100,-1,212405,101,9,47,"40,00",3,1,0,1,31,0,0,0,"4513,68",8,0,1,202005,0,5,"4513,68"
202005,3,35,355030,J,6204000,-1,212405,101,80,44,"40,00",1,1,0,1,31,0,0,0,"13000,00",6,0,1,202005,0,5,"13000,00"
202005,3,35,355030,J,6201501,-1,212405,101,9,40,"40,00",1,1,0,1,31,0,0,0,"1681,00",5,0,1,202005,0,5,"1681,00"
202005,4,41,410690,J,6209100,-1,212405,101,9,33,"40,00",3,1,0,1,31,0,0,0,"3083,70",4,0,1,202005,0,5,"3083,70"
202005,3,35,355030,J,6204000,-1,142520,101,80,52,"40,00",1,1,0,1,31,0,0,0,"10561,45",10,0,1,202005,0,5,"10561,45"
202005,4,43,430460,J,6202300,-1,317110,101,8,25,"40,00",6,1,0,1,31,0,0,0,"2122,32",7,0,1,202005,0,5,"2122,32"
202005,3,35,350320,J,6204000,-1,212305,101,9,30,"40,00",1,1,0,1,40,0,0,0,"13335,53",8,0,1,202005,0,5,"13335,53"
202005,4,41,411370,J,6209100,-1,317110,101,9,26,"44,00",6,1,0,1,40,0,0,0,"2185,13",8,0,1,202005,0,5,"2185,13"
202005,3,35,355030,J,6201501,1,212405,101,8,20,"40,00",1,1,0,1,20,0,0,0,"2507,15",5,0,1,202005,0,5,"2507,15"
202005,3,35,355030,J,6201501,-1,317110,101,80,32,"40,00",3,1,0,1,31,0,0,0,"5610,90",6,0,1,202005,0,5,"5610,90"
202005,3,31,310620,J,6201501,1,212405,101,8,27,"44,00",1,1,0,1,20,0,0,0,"10000,00",7,0,1,202005,0,5,"10000,00"
202005,3,33,330455,J,6204000,1,212405,101,9,41,"40,00",1,3,0,1,20,0,0,0,"8405,69",6,0,1,202005,0,5,"8405,69"
202005,3,35,354780,J,6209100,-1,212405,101,9,34,"40,00",1,1,0,1,31,0,0,0,"10331,36",6,0,1,202005,0,5,"10331,36"
202005,3,31,310620,J,6202300,-1,212420,101,9,38,"40,00",6,1,0,1,40,0,0,0,"11339,19",7,0,1,202005,0,5,"11339,19"
202005,5,52,520140,J,6204000,-1,212420,101,9,38,"44,00",3,3,0,1,31,0,0,0,"4658,73",7,0,1,202005,0,5,"4658,73"
202005,4,41,410690,J,6202300,1,317105,101,9,22,"40,00",1,1,0,1,20,0,0,0,"4000,00",5,0,1,202005,0,5,"4000,00"
202005,3,35,355030,J,6201501,-1,142520,101,80,48,"40,00",1,1,0,1,31,0,0,0,"11000,00",8,0,1,202005,0,5,"11000,00"
202005,3,31,310620,J,6311900,1,212205,101,9,26,"48,00",1,1,0,1,20,0,0,0,"10769,23",7,0,1,202005,0,5,"10769,23"
202005,3,35,355030,J,6311900,-1,212420,101,6,17,"44,00",1,1,0,1,32,0,0,9,"1165,00",4,0,1,202005,0,5,"1165,00"
202005,3,31,310620,J,6204000,1,212420,101,9,27,"40,00",3,1,0,1,20,0,0,0,"2500,00",7,0,1,202005,0,5,"2500,00"
202005,4,41,410640,J,6202300,1,317110,101,8,21,"44,00",1,1,0,1,20,0,0,0,"1355,20",6,0,1,202005,0,5,"1355,20"
202005,3,35,355030,J,6202300,-1,317110,101,8,37,"44,00",1,1,0,1,31,0,0,0,"4600,00",2,0,1,202005,0,5,"4600,00"
202005,3,35,355030,J,6204000,1,212405,101,9,45,"44,00",1,3,0,1,20,0,0,9,"9000,00",10,0,1,202005,0,5,"9000,00"
202005,3,35,354870,J,6201501,-1,212405,101,9,55,"44,00",6,1,0,1,31,0,0,9,"15609,73",8,0,1,202005,0,5,"15609,73"
202005,3,35,350570,J,6209100,-1,317105,101,9,24,"44,00",6,1,0,1,40,0,0,0,"1400,00",10,0,1,202005,0,5,"1400,00"
202005,4,43,431690,J,6204000,-1,317110,101,8,18,"44,00",6,1,0,1,31,0,0,0,"1690,00",1,0,1,202005,0,5,"1690,00"
202005,3,32,320530,J,6209100,-1,142520,101,9,49,"44,00",3,1,0,1,31,0,0,9,"8543,34",7,0,1,202005,0,5,"8543,34"
202005,2,23,230440,J,6204000,-1,212420,101,9,40,"44,00",3,3,0,1,40,0,0,0,"3322,86",5,0,1,202005,0,5,"3322,86"
202005,3,35,355030,J,6204000,-1,212420,101,9,42,"40,00",1,3,0,1,43,0,0,0,"2300,00",6,0,1,202005,0,5,"2300,00"
202005,3,35,350950,J,6203100,-1,212405,101,9,29,"40,00",1,3,0,1,31,0,0,0,"6340,26",6,0,1,202005,0,5,"6340,26"
202005,3,35,355030,J,6204000,-1,212420,101,9,38,"40,00",1,3,0,1,31,0,0,0,"1841,82",10,0,1,202005,0,5,"1841,82"
202005,3,35,350570,J,6209100,1,212405,101,7,43,"40,00",6,1,0,1,20,0,0,0,"7490,81",9,0,1,202005,0,5,"7490,81"
202005,4,43,431490,J,6201501,1,317110,101,80,28,"42,30",6,1,0,1,20,0,0,0,"3800,00",4,0,1,202005,0,5,"3800,00"
202005,4,42,420240,J,6202300,-1,317210,101,8,29,"42,30",1,1,0,1,31,0,0,0,"2187,00",3,0,1,202005,0,5,"2187,00"
202005,3,31,317150,J,6201501,-1,212410,101,9,26,"44,00",6,1,0,1,40,0,0,0,"1500,00",8,0,1,202005,0,5,"1500,00"
202005,3,35,355030,J,6203100,-1,212420,101,80,27,"40,00",1,1,0,1,40,0,0,0,"5403,32",6,0,1,202005,0,5,"5403,32"
202005,3,35,355030,J,6202300,-1,317110,101,9,23,"40,00",1,1,0,1,40,0,0,0,"2563,00",6,0,1,202005,0,5,"2563,00"
202005,3,32,320530,J,6209100,1,212405,101,9,59,"40,00",1,1,0,1,20,0,0,0,"5800,00",9,0,1,202005,0,5,"5800,00"
202005,3,35,355030,J,6204000,1,212405,101,9,38,"44,00",3,1,0,1,20,0,0,9,"6000,00",10,0,1,202005,0,5,"6000,00"
202005,5,53,530010,J,6203100,1,212405,101,9,41,"44,00",1,1,0,1,20,0,0,0,"6620,00",8,0,1,202005,0,5,"6620,00"
202005,4,41,410690,J,6202300,-1,212420,101,8,23,"40,00",1,1,0,1,40,0,0,0,"1932,32",6,0,1,202005,0,5,"1932,32"
202005,4,42,420910,J,6201501,-1,212420,101,9,32,"42,50",6,1,0,1,31,0,0,0,"3120,00",7,0,1,202005,0,5,"3120,00"
202005,3,35,355030,J,6204000,1,212305,101,9,36,"40,00",1,1,0,1,10,0,0,0,"6800,00",10,0,1,202005,0,5,"6800,00"
202005,3,31,317020,J,6203100,1,212405,101,10,29,"40,00",1,1,0,1,20,0,0,0,"6700,00",7,0,1,202005,0,5,"6700,00"
202005,3,35,352470,J,6201501,-1,212405,101,9,29,"40,00",1,1,0,1,40,0,0,0,"7000,00",10,0,1,202005,0,5,"7000,00"
202005,4,41,410690,J,6203100,-1,212420,101,80,42,"40,00",1,1,0,1,40,0,0,0,"3500,00",3,0,1,202005,0,5,"3500,00"
202005,3,35,354730,J,6204000,-1,212420,101,9,34,"40,00",2,1,0,1,31,0,0,0,"3545,60",9,0,1,202005,0,5,"3545,60"
202005,3,35,355030,J,6201501,1,142520,101,8,22,"40,00",1,3,0,1,20,0,0,0,"2000,00",5,0,1,202005,0,5,"2000,00"
202005,3,35,350570,J,6209100,1,317105,101,8,25,"40,00",6,1,0,1,20,0,0,0,"2000,00",10,0,1,202005,0,5,"2000,00"
202005,3,31,317020,J,6203100,1,212405,101,9,49,"40,00",1,3,0,1,20,0,0,0,"7000,00",7,0,1,202005,0,5,"7000,00"
202005,5,53,530010,J,6204000,1,212410,101,9,37,"40,00",3,1,0,1,20,0,0,0,"3500,00",1,0,1,202005,0,5,"3500,00"
202005,3,35,352720,J,6209100,1,212405,101,7,21,"44,00",1,1,0,1,20,0,0,9,"1750,63",5,0,1,202005,0,5,"1750,63"
202005,4,43,431410,J,6204000,-1,317110,101,9,42,"40,00",1,1,0,1,31,0,0,0,"1924,32",4,0,1,202005,0,5,"1924,32"
202005,3,35,350570,J,6209100,1,317110,101,9,23,"40,00",6,3,0,1,20,0,0,0,"6000,00",10,0,1,202005,0,5,"6000,00"
202005,4,42,420910,J,6201501,-1,212420,101,9,35,"42,50",6,1,0,1,31,0,0,0,"5000,00",5,0,1,202005,0,5,"5000,00"
202005,3,33,330455,J,6201501,-1,212405,101,7,24,"40,00",1,3,0,1,31,0,0,0,"7500,00",1,0,1,202005,0,5,"7500,00"
202005,3,35,355030,J,6201501,-1,212405,101,8,34,"40,00",1,1,0,1,31,0,0,0,"9801,18",10,0,1,202005,0,5,"9801,18"
202005,3,31,317020,J,6202300,-1,212405,101,7,29,"40,00",3,1,0,1,40,0,0,0,"2854,66",5,0,1,202005,0,5,"2854,66"
202005,3,35,354730,J,6209100,1,142520,101,9,44,"40,00",3,1,0,1,20,0,0,0,"8500,00",10,0,1,202005,0,5,"8500,00"
202005,3,33,330455,J,6201501,1,317110,101,9,38,"44,00",1,1,0,1,20,0,0,0,"7000,00",6,0,1,202005,0,5,"7000,00"
202005,4,43,431490,J,6201501,1,317105,101,80,30,"40,00",1,1,0,1,20,0,0,0,"8750,00",3,0,1,202005,0,5,"8750,00"
202005,3,35,350160,J,6311900,1,212405,101,80,40,"44,00",1,3,0,1,20,0,0,0,"6000,00",2,0,1,202005,0,5,"6000,00"
202005,3,35,355030,J,6201501,-1,212415,101,7,51,"40,00",1,1,0,1,31,0,0,0,"3008,70",10,0,1,202005,0,5,"3008,70"
202005,3,35,355030,J,6201501,1,212405,101,8,26,"40,00",1,1,0,1,20,0,0,0,"5500,00",10,0,1,202005,0,5,"5500,00"
202005,3,35,354730,J,6209100,1,212405,101,9,39,"40,00",3,1,0,1,20,0,0,0,"9000,00",10,0,1,202005,0,5,"9000,00"
202005,3,33,330455,J,6201501,1,142520,101,9,55,"40,00",3,3,0,1,20,0,0,0,"8000,00",5,0,1,202005,0,5,"8000,00"
202005,3,33,330455,J,6201501,1,142535,101,9,23,"40,00",1,3,0,1,20,0,0,0,"6500,00",8,0,1,202005,0,5,"6500,00"
202005,3,35,355030,J,6204000,-1,212405,101,9,30,"40,00",1,3,0,1,40,0,0,0,"2150,00",6,0,1,202005,0,5,"2150,00"
202005,3,35,355030,J,6204000,1,317110,101,9,41,"40,00",3,1,0,1,20,0,0,0,"6500,00",3,0,1,202005,0,5,"6500,00"
202005,5,52,520870,J,6203100,-1,317210,101,9,27,"44,00",3,1,0,1,31,0,0,0,"1500,00",6,0,1,202005,0,5,"1500,00"
202005,5,53,530010,J,6204000,1,212320,101,80,27,"40,00",3,1,0,1,20,0,0,0,"6500,00",7,0,1,202005,0,5,"6500,00"
202005,3,35,355030,J,6204000,-1,212405,101,9,30,"44,00",1,1,0,1,40,0,0,9,"5200,00",10,0,1,202005,0,5,"5200,00"
202005,3,35,355030,J,6201501,1,142510,101,7,38,"40,00",2,1,0,1,20,0,0,0,"40000,00",8,0,1,202005,0,5,"40000,00"
202005,3,35,355030,J,6204000,-1,317210,101,8,24,"40,00",1,1,0,1,31,0,0,0,"3631,05",6,0,1,202005,0,5,"3631,05"
202005,3,31,310620,J,6204000,-1,212405,101,9,51,"40,00",1,1,0,1,31,0,0,0,"11775,47",10,0,1,202005,0,5,"11775,47"
202005,3,33,330455,J,6201501,1,317110,101,8,24,"40,00",1,1,0,1,20,0,0,0,"3224,28",7,0,1,202005,0,5,"3224,28"
202005,3,35,355030,J,6209100,1,212420,101,8,30,"35,00",1,1,0,1,20,0,0,0,"1500,00",8,0,1,202005,0,5,"1500,00"
202005,3,35,352470,J,6201501,1,212410,101,11,38,"40,00",1,1,0,1,20,0,0,0,"5520,00",10,0,1,202005,0,5,"5520,00"
202005,3,35,355030,J,6202300,-1,212310,101,9,24,"40,00",3,1,0,1,31,0,0,0,"3457,14",9,0,1,202005,0,5,"3457,14"
202005,3,35,355030,J,6202300,1,212215,101,80,28,"40,00",3,1,0,1,20,0,0,0,"10000,00",5,0,1,202005,0,5,"10000,00"
202005,3,35,355030,J,6201501,-1,142535,101,9,37,"40,00",1,1,0,1,31,0,0,0,"8355,16",7,0,1,202005,0,5,"8355,16"
202005,3,35,355030,J,6311900,1,212210,101,10,29,"40,00",6,1,0,1,20,0,0,0,"13000,00",1,0,1,202005,0,5,"13000,00"
202005,3,35,355030,J,6209100,-1,212415,101,8,29,"44,00",6,3,0,1,90,0,0,0,"1556,68",5,0,1,202005,0,5,"1556,68"
202005,4,43,431490,J,6204000,-1,212420,101,9,44,"44,00",2,1,0,1,31,0,0,0,"6250,00",5,0,1,202005,0,5,"6250,00"
202005,3,35,355030,J,6203100,-1,212405,101,7,55,"40,00",1,1,0,1,31,0,0,0,"14466,67",9,0,1,202005,0,5,"14466,67"
202005,3,35,355030,J,6311900,-1,212420,101,9,48,"40,00",1,1,0,1,40,0,0,0,"7710,60",9,0,1,202005,0,5,"7710,60"
202005,3,35,355030,J,6203100,-1,212410,101,8,31,"40,00",2,1,0,1,31,0,0,0,"1800,00",5,0,1,202005,0,5,"1800,00"
202005,3,35,350950,J,6204000,1,212315,101,9,38,"41,07",2,3,0,1,20,0,0,0,"1700,00",10,0,1,202005,0,5,"1700,00"
202005,3,35,353870,J,6204000,1,212405,101,9,45,"44,00",1,3,0,1,20,0,0,0,"3000,00",5,0,1,202005,0,5,"3000,00"
202005,3,33,330580,J,6209100,-1,317210,101,7,32,"45,25",1,1,0,1,31,0,0,0,"1383,00",10,0,1,202005,0,5,"1383,00"
202005,3,32,320500,J,6201501,1,317110,101,9,27,"43,75",1,1,0,1,20,0,0,0,"2000,00",2,0,1,202005,0,5,"2000,00"
202005,4,43,431490,J,6311900,-1,212405,101,9,22,"44,00",1,1,0,1,40,0,0,0,"2500,00",6,0,1,202005,0,5,"2500,00"
202005,3,31,310620,J,6202300,1,317210,101,8,23,"44,00",3,1,0,1,10,0,0,0,"1770,34",7,0,1,202005,0,5,"1770,34"
202005,3,35,355030,J,6201501,-1,212420,101,9,29,"40,00",3,3,0,1,31,0,0,0,"2736,75",9,0,1,202005,0,5,"2736,75"
202005,3,35,355030,J,6209100,1,212405,101,80,39,"40,00",6,1,0,1,20,0,0,0,"2000,00",1,0,1,202005,0,5,"2000,00"
202005,4,42,420240,J,6201501,-1,212305,101,8,33,"44,00",1,1,0,1,40,0,0,0,"1600,00",5,0,1,202005,0,5,"1600,00"
202005,3,33,330455,J,6204000,1,212405,101,9,33,"40,00",1,1,0,1,20,0,0,0,"5367,19",6,0,1,202005,0,5,"5367,19"
202005,4,42,420540,J,6202300,1,317110,101,9,36,"44,00",6,1,0,1,20,0,0,0,"5300,00",10,0,1,202005,0,5,"5300,00"
202005,3,35,350570,J,6202300,1,212215,101,9,26,"40,00",3,1,0,1,20,0,0,0,"10000,00",7,0,1,202005,0,5,"10000,00"
202005,3,31,310620,J,6204000,-1,212410,101,7,28,"40,00",3,3,0,1,31,0,0,0,"2865,68",4,0,1,202005,0,5,"2865,68"
202005,4,42,420460,J,6202300,1,212420,101,7,28,"44,00",1,1,0,1,20,0,0,0,"1800,00",7,0,1,202005,0,5,"1800,00"
202005,3,35,355030,J,6209100,1,212405,101,9,27,"40,00",1,1,0,1,20,0,0,0,"6571,54",5,0,1,202005,0,5,"6571,54"
202005,3,31,310620,J,6209100,1,317110,101,9,29,"44,00",3,1,0,1,20,0,0,0,"2334,97",7,0,1,202005,0,5,"2334,97"
202005,3,31,314480,J,6311900,1,317210,101,8,28,"40,00",2,1,0,1,20,0,0,0,"1296,00",6,0,1,202005,0,5,"1296,00"
202005,4,41,411370,J,6209100,-1,317210,101,7,28,"44,00",6,3,0,1,31,0,0,0,"1651,52",5,0,1,202005,0,5,"1651,52"
202005,3,31,314480,J,6209100,-1,212205,101,10,38,"40,00",3,3,0,1,31,0,0,0,"3311,00",9,0,1,202005,0,5,"3311,00"
202005,3,35,355030,J,6209100,1,212420,101,9,35,"44,00",1,1,0,1,20,0,0,0,"1800,00",8,0,1,202005,0,5,"1800,00"
202005,3,35,355030,J,6202300,-1,212405,101,9,25,"44,00",6,1,0,1,43,0,0,0,"3500,00",5,0,1,202005,0,5,"3500,00"
202005,3,35,355030,J,6201501,-1,142520,101,9,54,"40,00",1,1,0,1,40,0,0,0,"12942,47",10,0,1,202005,0,5,"12942,47"
202005,3,35,350950,J,6204000,1,317210,101,9,18,"36,00",1,1,0,1,20,0,0,0,"1510,00",10,0,1,202005,0,5,"1510,00"
202005,2,26,261160,J,6209100,-1,317110,101,9,28,"44,00",6,1,0,1,31,0,0,0,"1774,00",4,0,1,202005,0,5,"1774,00"
202005,4,42,420910,J,6202300,-1,317210,101,7,24,"44,00",1,1,0,1,31,0,0,0,"1760,68",6,0,1,202005,0,5,"1760,68"
202005,3,35,350570,J,6201501,1,212405,101,9,26,"40,00",3,1,0,1,20,0,0,0,"4000,00",7,0,1,202005,0,5,"4000,00"
202005,3,35,355030,J,6204000,1,212405,101,11,50,"40,00",1,1,0,1,20,0,0,0,"10000,00",5,0,1,202005,0,5,"10000,00"
202005,3,35,355030,J,6201501,-1,212405,101,9,36,"40,00",1,1,0,1,43,0,0,0,"16000,00",10,0,1,202005,0,5,"16000,00"
202005,3,31,310620,J,6203100,1,317110,101,7,32,"44,00",3,1,0,1,20,0,0,0,"3184,52",7,0,1,202005,0,5,"3184,52"
202005,5,53,530010,J,6201501,-1,212405,101,9,31,"44,00",3,1,0,1,31,0,0,0,"4518,21",8,0,1,202005,0,5,"4518,21"
202005,3,35,354730,J,6209100,-1,212405,101,9,65,"40,00",1,1,0,1,31,0,0,0,"5421,45",9,0,1,202005,0,5,"5421,45"
202005,3,35,350570,J,6201501,-1,212415,101,80,44,"40,00",3,1,0,1,31,0,0,0,"2606,73",7,0,1,202005,0,5,"2606,73"
202005,2,26,261160,J,6311900,-1,317210,101,7,38,"40,00",3,1,0,1,31,0,0,0,"1107,92",7,0,1,202005,0,5,"1107,92"
202005,5,50,500270,J,6203100,1,317205,101,9,30,"44,00",6,3,0,1,20,0,0,0,"1180,00",9,0,1,202005,0,5,"1180,00"
202005,5,53,530010,J,6209100,-1,212420,101,8,34,"40,00",3,3,0,1,40,0,0,0,"2116,53",7,0,1,202005,0,5,"2116,53"
202005,3,33,330100,J,6201501,-1,317210,101,9,38,"40,00",1,1,0,1,31,0,0,0,"2256,26",9,0,1,202005,0,5,"2256,26"
202005,4,41,410690,J,6209100,-1,212410,101,9,27,"40,00",1,3,0,1,40,0,0,0,"4902,00",9,0,1,202005,0,5,"4902,00"
202005,3,35,355030,J,6201501,1,212305,101,80,36,"40,00",3,1,0,1,20,0,0,0,"11438,23",10,0,1,202005,0,5,"11438,23"
202005,3,35,355030,J,6201501,-1,142520,101,9,29,"40,00",3,3,0,1,31,0,0,0,"9992,07",5,0,1,202005,0,5,"9992,07"
202005,4,42,420240,J,6202300,-1,212405,101,9,56,"44,00",1,1,0,1,31,0,0,0,"8675,00",7,0,1,202005,0,5,"8675,00"
202005,3,35,355030,J,6201501,-1,212405,101,7,40,"40,00",1,3,0,1,31,0,0,0,"9000,00",3,0,1,202005,0,5,"9000,00"
202005,2,29,292740,J,6209100,1,317110,101,9,34,"44,00",3,1,0,1,20,0,0,0,"4200,00",5,0,1,202005,0,5,"4200,00"
202005,2,29,292740,J,6202300,-1,317110,101,8,29,"44,00",6,1,0,1,31,0,0,0,"2508,75",5,0,1,202005,0,5,"2508,75"
202005,3,35,350950,J,6202300,-1,212420,101,7,21,"40,00",6,1,0,1,40,0,0,0,"1500,00",3,0,1,202005,0,5,"1500,00"
202005,3,35,355030,J,6204000,1,212405,101,8,22,"44,00",3,1,0,1,20,0,0,9,"3000,00",10,0,1,202005,0,5,"3000,00"
202005,3,33,330455,J,6209100,-1,212405,101,9,45,"40,00",1,3,0,1,31,0,0,0,"5304,72",7,0,1,202005,0,5,"5304,72"
202005,3,35,355030,J,6201501,1,212405,101,9,35,"40,00",1,1,0,1,20,0,0,0,"12000,00",7,0,1,202005,0,5,"12000,00"
202005,5,53,530010,J,6201501,-1,212405,101,9,51,"44,00",3,1,0,1,31,0,0,0,"5000,00",8,0,1,202005,0,5,"5000,00"
202005,3,31,310620,J,6202300,-1,212405,101,9,33,"40,00",6,1,0,1,40,0,0,0,"6196,80",7,0,1,202005,0,5,"6196,80"
202005,3,35,353440,J,6201501,1,142520,101,9,36,"40,00",3,1,0,1,20,0,0,0,"9300,00",9,0,1,202005,0,5,"9300,00"
202005,3,35,350570,J,6201501,1,212405,101,9,50,"40,00",1,1,0,1,20,0,0,0,"2000,00",8,0,1,202005,0,5,"2000,00"
202005,3,35,355030,J,6201501,-1,317110,101,9,32,"40,00",3,1,0,1,43,0,0,0,"5000,00",10,0,1,202005,0,5,"5000,00"
202005,3,35,355030,J,6204000,1,212420,101,9,30,"40,00",1,1,0,1,20,0,0,0,"2500,00",7,0,1,202005,0,5,"2500,00"
202005,3,33,330455,J,6202300,-1,142510,101,9,42,"40,00",1,1,0,1,31,0,0,0,"23217,59",6,0,1,202005,0,5,"23217,59"
202005,3,35,355030,J,6209100,1,212320,101,9,33,"40,00",1,3,0,1,20,0,0,0,"6800,00",8,0,1,202005,0,5,"6800,00"
202005,3,35,355030,J,6201501,1,317110,101,9,34,"40,00",6,1,0,1,20,0,0,0,"1840,38",6,0,1,202005,0,5,"1840,38"
202005,4,42,420540,J,6203100,-1,212405,101,9,27,"44,00",6,1,0,1,31,0,0,0,"5375,08",9,0,1,202005,0,5,"5375,08"
202005,3,33,330455,J,6209100,-1,317210,101,7,48,"40,00",1,1,0,1,31,0,0,0,"1381,44",8,0,1,202005,0,5,"1381,44"
202005,3,31,317020,J,6204000,-1,317110,101,8,27,"40,00",2,1,0,1,31,0,0,0,"1633,00",8,0,1,202005,0,5,"1633,00"
202005,3,35,355030,J,6204000,1,142520,101,9,28,"40,00",1,1,0,1,20,0,0,0,"14167,00",8,0,1,202005,0,5,"14167,00"
202005,3,31,310620,J,6202300,-1,212405,101,9,28,"44,00",3,3,0,1,40,0,0,0,"5000,00",4,0,1,202005,0,5,"5000,00"
202005,3,31,317020,J,6204000,1,317110,101,9,33,"40,00",1,1,0,1,20,0,0,0,"1464,19",8,0,1,202005,0,5,"1464,19"
202005,3,35,355030,J,6204000,-1,212405,101,9,30,"20,00",1,1,0,1,40,0,0,0,"7041,13",6,0,1,202005,0,5,"7041,13"
202005,3,35,350570,J,6204000,1,212405,101,9,30,"40,00",3,1,0,1,20,0,0,0,"5500,00",8,0,1,202005,0,5,"5500,00"
202005,4,43,431490,J,6201501,-1,212405,101,9,28,"44,00",6,3,0,1,43,0,0,0,"4200,00",5,0,1,202005,0,5,"4200,00"
202005,3,35,355030,J,6201501,-1,212405,101,9,39,"40,00",1,1,0,1,31,0,0,0,"10331,72",7,0,1,202005,0,5,"10331,72"
202005,4,43,431490,J,6201501,-1,317210,101,7,33,"36,00",1,1,0,1,31,0,0,0,"1200,00",8,0,1,202005,0,5,"1200,00"
202005,4,41,410690,J,6202300,-1,317110,101,9,31,"44,00",6,1,0,1,31,0,0,0,"3500,00",3,0,1,202005,0,5,"3500,00"
202005,3,35,355030,J,6203100,1,317210,101,9,43,"40,00",1,1,0,1,20,0,0,0,"4153,84",6,0,1,202005,0,5,"4153,84"
202005,3,35,355030,J,6209100,1,212420,101,7,23,"44,00",1,1,0,1,20,0,0,0,"1689,10",5,0,1,202005,0,5,"1689,10"
202005,3,35,355030,J,6204000,-1,212405,101,9,26,"40,00",6,1,0,1,40,0,0,0,"3725,73",5,0,1,202005,0,5,"3725,73"
202005,2,25,250750,J,6311900,-1,212305,101,9,33,"44,00",6,1,0,1,31,0,0,0,"1361,42",5,0,1,202005,0,5,"1361,42"
202005,3,31,314480,J,6209100,-1,212310,101,9,39,"40,00",3,1,0,1,40,0,0,0,"4500,00",4,0,1,202005,0,5,"4500,00"
202005,3,31,310620,J,6204000,1,212405,101,80,40,"40,00",1,1,0,1,20,0,0,0,"11000,00",7,0,1,202005,0,5,"11000,00"
202005,1,15,150140,J,6209100,-1,212405,101,9,36,"22,00",3,1,0,1,40,0,0,0,"1300,00",4,0,1,202005,0,5,"1300,00"
202005,3,35,355030,J,6203100,1,212215,101,80,26,"40,00",1,1,0,1,20,0,0,0,"20500,00",8,0,1,202005,0,5,"20500,00"
202005,3,31,310620,J,6201501,1,212405,101,9,33,"40,00",3,3,0,1,20,0,0,0,"6636,54",6,0,1,202005,0,5,"6636,54"
202005,3,35,355030,J,6204000,1,212405,101,9,31,"40,00",3,1,0,1,20,0,0,0,"3000,00",4,0,1,202005,0,5,"3000,00"
202005,3,32,320530,J,6209100,-1,212405,101,9,33,"40,00",1,1,0,1,43,0,0,0,"4500,00",9,0,1,202005,0,5,"4500,00"
202005,4,43,431870,J,6202300,-1,142510,101,9,47,"40,00",1,1,0,1,31,0,0,0,"15876,82",6,0,1,202005,0,5,"15876,82"
202005,3,35,355030,J,6201501,-1,212405,101,7,30,"40,00",4,1,0,1,40,0,0,0,"5130,50",8,0,1,202005,0,5,"5130,50"
202005,3,35,355030,J,6203100,-1,212405,101,9,27,"44,00",6,1,0,1,40,0,0,0,"4864,00",9,0,1,202005,0,5,"4864,00"
202005,4,43,430460,J,6209100,-1,212410,101,11,33,"44,00",3,1,0,1,40,0,0,0,"4500,00",5,0,1,202005,0,5,"4500,00"
202005,3,35,355030,J,6204000,1,212410,101,8,24,"40,00",1,1,0,1,20,0,0,0,"5397,00",9,0,1,202005,0,5,"5397,00"
202005,3,31,310620,J,6201501,-1,212420,101,9,32,"40,00",1,3,0,1,31,0,0,0,"3800,00",6,0,1,202005,0,5,"3800,00"
202005,3,35,355030,J,6204000,1,212420,101,8,29,"40,00",3,1,0,1,20,0,0,0,"5500,00",6,0,1,202005,0,5,"5500,00"
202005,4,42,420910,J,6203100,-1,317110,101,9,20,"42,00",1,1,0,1,40,0,0,0,"3009,90",9,0,1,202005,0,5,"3009,90"
202005,3,33,330455,J,6201501,-1,212405,101,9,37,"40,00",1,1,0,1,40,0,0,0,"6704,75",6,0,1,202005,0,5,"6704,75"
202005,3,35,350950,J,6201501,-1,212210,101,9,37,"40,00",1,3,0,1,31,0,0,0,"6283,00",10,0,1,202005,0,5,"6283,00"
202005,4,42,420240,J,6201501,-1,212405,101,9,38,"40,00",6,1,0,1,40,0,0,0,"7025,18",8,0,1,202005,0,5,"7025,18"
202005,3,35,355030,J,6209100,1,212405,101,9,25,"40,00",2,1,0,1,20,0,0,0,"2049,26",5,0,1,202005,0,5,"2049,26"
202005,4,41,411850,J,6201501,-1,317110,101,7,25,"40,00",1,1,0,1,40,0,0,0,"3395,60",2,0,1,202005,0,5,"3395,60"
202005,3,31,310620,J,6209100,-1,212420,101,7,30,"44,00",3,1,0,1,31,0,0,0,",00",10,0,1,202005,0,5,",00"
202005,2,23,230440,J,6202300,1,317110,101,9,36,"40,00",3,1,0,1,20,0,0,0,"3213,72",5,0,1,202005,0,5,"3213,72"
202005,3,35,355030,J,6204000,-1,212420,101,8,42,"40,00",1,1,0,1,31,0,0,0,"1844,33",10,0,1,202005,0,5,"1844,33"
202005,3,31,317020,J,6201501,1,212405,101,8,25,"44,00",3,1,0,1,20,0,0,0,"7000,00",8,0,1,202005,0,5,"7000,00"
202005,3,35,350570,J,6209100,-1,212410,101,7,35,"44,00",2,3,0,1,31,0,0,0,"3063,00",2,0,1,202005,0,5,"3063,00"
202005,5,53,530010,J,6204000,1,142510,101,80,37,"40,00",3,3,0,1,20,0,0,0,"7000,00",7,0,1,202005,0,5,"7000,00"
202005,3,35,355030,J,6204000,-1,142520,101,80,58,"40,00",1,3,0,1,31,0,0,0,"16813,00",10,0,1,202005,0,5,"16813,00"
202005,4,43,431490,J,6311900,1,317210,101,7,19,"40,00",1,1,0,1,20,0,0,0,"1953,24",7,0,1,202005,0,5,"1953,24"
202005,5,53,530010,J,6203100,1,212405,101,9,47,"40,00",6,1,0,1,20,0,0,0,"4100,00",7,0,1,202005,0,5,"4100,00"
202005,4,41,411520,J,6201501,1,212405,101,9,31,"44,00",1,1,0,1,20,0,0,0,"2500,00",5,0,1,202005,0,5,"2500,00"
202005,2,23,230440,J,6204000,-1,317110,101,9,27,"40,00",1,1,0,1,40,0,0,0,"4815,00",7,0,1,202005,0,5,"4815,00"
202005,3,35,350570,J,6204000,1,317110,101,9,61,"40,00",6,1,0,1,20,0,0,0,"9000,00",9,0,1,202005,0,5,"9000,00"
202005,4,42,420460,J,6202300,1,212405,101,80,31,"44,00",1,1,0,1,20,0,0,0,"6639,13",6,0,1,202005,0,5,"6639,13"
202005,3,35,352690,J,6202300,1,212405,101,9,31,"40,00",6,3,0,1,20,0,0,0,"4500,00",6,0,1,202005,0,5,"4500,00"
202005,3,35,354990,J,6202300,1,212405,101,8,24,"40,00",3,1,0,1,20,0,0,0,"3500,00",4,0,1,202005,0,5,"3500,00"
202005,3,35,355030,J,6204000,1,212305,101,9,40,"44,00",1,1,0,1,20,0,0,9,"14289,80",8,0,1,202005,0,5,"14289,80"
202005,3,35,354870,J,6204000,-1,212405,101,9,40,"40,00",1,1,0,1,31,0,0,0,"28000,00",10,0,1,202005,0,5,"28000,00"
202005,5,50,500270,J,6311900,1,317210,101,9,32,"44,00",6,3,0,1,20,0,0,0,"1861,55",6,0,1,202005,0,5,"1861,55"
202005,3,35,355030,J,6204000,-1,212405,101,9,37,"40,00",1,3,0,1,31,0,0,0,"7501,56",7,0,1,202005,0,5,"7501,56"
202005,3,33,330455,J,6204000,-1,317210,101,7,26,"40,00",4,1,0,1,31,0,0,0,"1834,88",9,0,1,202005,0,5,"1834,88"
202005,3,31,310620,J,6203100,-1,317110,101,80,36,"44,00",3,1,0,1,31,0,0,0,"4251,61",7,0,1,202005,0,5,"4251,61"
202005,3,35,355030,J,6201501,1,317110,101,7,33,"40,00",1,1,0,1,20,0,0,0,"2200,00",9,0,1,202005,0,5,"2200,00"
202005,3,35,355030,J,6204000,-1,212405,101,9,47,"40,00",1,1,0,1,31,0,0,0,"8400,00",10,0,1,202005,0,5,"8400,00"
202005,3,33,330455,J,6201501,-1,212315,101,80,34,"40,00",1,1,0,1,40,0,0,0,"8596,00",9,0,1,202005,0,5,"8596,00"
202005,3,35,355030,J,6204000,-1,212405,101,9,45,"40,00",1,3,0,1,40,0,0,0,"8000,00",10,0,1,202005,0,5,"8000,00"
202005,5,51,510340,J,6202300,1,317210,101,7,22,"33,00",3,1,0,1,20,0,0,0,"1516,42",6,0,1,202005,0,5,"1516,42"
202005,3,33,330455,J,6204000,-1,212405,101,9,29,"40,00",1,1,0,1,40,0,0,0,"3000,00",8,0,1,202005,0,5,"3000,00"
202005,4,41,410690,J,6209100,-1,212410,101,9,28,"40,00",6,1,0,1,31,0,0,0,"6027,07",9,0,1,202005,0,5,"6027,07"
202005,5,53,530010,J,6203100,1,212405,101,9,40,"40,00",6,1,0,1,20,0,0,0,"8010,43",7,0,1,202005,0,5,"8010,43"
202005,3,35,355030,J,6202300,1,212405,101,8,21,"40,00",6,1,0,1,20,0,0,0,"3000,00",5,0,1,202005,0,5,"3000,00"
202005,3,35,355030,J,6201501,1,212420,101,8,31,"40,00",6,1,0,1,20,0,0,0,"4200,00",9,0,1,202005,0,5,"4200,00"
202005,4,42,420910,J,6202300,1,212420,101,80,28,"40,00",1,1,0,1,20,0,0,0,"1941,18",6,0,1,202005,0,5,"1941,18"
202005,4,43,431720,J,6203100,1,317205,101,9,22,"40,00",1,3,0,1,20,0,0,0,"1700,00",2,0,1,202005,0,5,"1700,00"
202005,4,43,431490,J,6201501,-1,212405,101,9,29,"44,00",1,1,0,1,31,0,0,0,"3807,48",8,0,1,202005,0,5,"3807,48"
202005,2,26,261160,J,6311900,-1,317210,101,7,28,"40,00",1,3,0,1,31,0,0,0,"1346,53",7,0,1,202005,0,5,"1346,53"
202005,5,53,530010,J,6204000,1,212410,101,7,29,"40,00",2,1,0,1,20,0,0,0,"3500,00",1,0,1,202005,0,5,"3500,00"
202005,4,41,411520,J,6203100,1,317110,101,9,24,"44,00",1,1,0,1,20,0,0,0,"2590,00",5,0,1,202005,0,5,"2590,00"
202005,4,42,420910,J,6201501,-1,212420,101,7,27,"42,50",6,3,0,1,31,0,0,0,"2500,00",5,0,1,202005,0,5,"2500,00"
202005,5,53,530010,J,6204000,1,212305,101,80,51,"45,00",1,1,0,1,20,0,0,0,"7500,00",8,0,1,202005,0,5,"7500,00"
202005,3,35,355030,J,6204000,1,212405,101,9,30,"44,00",1,1,0,1,20,0,0,9,"2800,00",10,0,1,202005,0,5,"2800,00"
202005,5,53,530010,J,6209100,-1,212405,101,9,40,"40,00",1,1,0,1,31,0,0,0,"8741,00",6,0,1,202005,0,5,"8741,00"
202005,3,35,350570,J,6201501,1,212405,101,7,37,"40,00",1,3,0,1,20,0,0,0,"3000,00",8,0,1,202005,0,5,"3000,00"
202005,3,35,355030,J,6201501,1,212405,101,9,25,"40,00",1,1,0,1,20,0,0,0,"6000,00",8,0,1,202005,0,5,"6000,00"
202005,3,31,310620,J,6204000,-1,212420,101,9,26,"44,00",3,1,0,1,31,0,0,0,"1572,12",6,0,1,202005,0,5,"1572,12"
202005,4,43,431680,J,6209100,1,317210,101,8,20,"44,00",1,1,0,1,20,0,0,0,"1381,64",1,0,1,202005,0,5,"1381,64"
202005,3,35,355030,J,6201501,1,317110,101,9,34,"40,00",3,1,0,1,20,0,0,0,"11500,00",9,0,1,202005,0,5,"11500,00"
202005,4,41,411850,J,6203100,1,317210,101,9,21,"44,00",1,1,0,1,20,0,0,0,"1403,60",8,0,1,202005,0,5,"1403,60"
202005,3,35,352940,J,6311900,1,212310,101,8,20,"44,00",6,1,0,1,20,0,0,0,"1360,00",3,0,1,202005,0,5,"1360,00"
202005,5,53,530010,J,6201501,-1,212420,101,8,25,"40,00",1,3,0,1,40,0,0,0,"1347,26",10,0,1,202005,0,5,"1347,26"
202005,4,41,411850,J,6203100,1,212405,101,8,22,"44,00",3,1,0,1,20,0,0,0,"2750,00",8,0,1,202005,0,5,"2750,00"
202005,3,35,350950,J,6204000,-1,212405,101,9,38,"40,83",3,1,0,1,31,0,0,0,"1424,01",10,0,1,202005,0,5,"1424,01"
202005,3,31,310620,J,6201501,-1,212405,101,9,28,"44,00",1,1,0,1,40,0,0,0,"6500,00",8,0,1,202005,0,5,"6500,00"
202005,4,41,410690,J,6201501,-1,317110,101,7,24,"40,00",6,1,0,1,40,0,0,0,"4500,00",9,0,1,202005,0,5,"4500,00"
202005,3,35,355030,J,6204000,-1,212405,101,8,29,"44,00",4,1,0,1,40,0,0,9,"8100,00",10,0,1,202005,0,5,"8100,00"
202005,5,50,500270,J,6201501,-1,212405,101,9,23,"44,00",3,1,0,1,40,0,0,0,"2175,09",7,0,1,202005,0,5,"2175,09"
202005,4,43,431870,J,6204000,-1,317110,101,9,30,"40,00",1,1,0,1,40,0,0,0,"8000,00",8,0,1,202005,0,5,"8000,00"
202005,3,35,355700,J,6201501,1,212405,101,7,35,"40,00",1,1,0,1,20,0,0,0,"3000,00",6,0,1,202005,0,5,"3000,00"
202005,2,23,230440,J,6209100,-1,317110,101,8,24,"44,00",3,1,0,1,40,0,0,0,"1662,88",1,0,1,202005,0,5,"1662,88"
202005,3,31,310620,J,6204000,1,212420,101,9,29,"40,00",1,1,0,1,20,0,0,0,"2124,00",7,0,1,202005,0,5,"2124,00"
202005,4,42,420910,J,6201501,-1,317110,101,8,33,"42,50",1,3,0,1,31,0,0,0,"5720,00",7,0,1,202005,0,5,"5720,00"
202005,3,33,330455,J,6201501,1,142535,101,9,28,"40,00",1,1,0,1,20,0,0,0,"10000,00",8,0,1,202005,0,5,"10000,00"
202005,5,53,530010,J,6209100,1,212405,101,9,33,"40,00",1,1,0,1,20,0,0,0,"9382,68",5,0,1,202005,0,5,"9382,68"
202005,4,41,411850,J,6203100,1,212420,101,9,27,"44,00",6,3,0,1,20,0,0,0,"2000,00",1,0,1,202005,0,5,"2000,00"
202005,4,43,431410,J,6204000,-1,317110,101,8,22,"40,00",1,1,0,1,31,0,0,0,"1834,38",4,0,1,202005,0,5,"1834,38"
202005,3,35,355030,J,6202300,-1,212405,101,9,27,"40,00",6,1,0,1,31,0,0,0,"3514,70",5,0,1,202005,0,5,"3514,70"
202005,3,35,355030,J,6204000,-1,212405,101,80,51,"40,00",1,1,0,1,31,0,0,0,"1675,56",4,0,1,202005,0,5,"1675,56"
202005,4,41,410690,J,6204000,-1,212405,101,9,64,"40,00",1,1,0,1,31,0,0,0,"5003,30",7,0,1,202005,0,5,"5003,30"
202005,4,43,431490,J,6201501,-1,317210,101,8,21,"44,00",1,1,0,1,31,0,0,0,"1800,00",8,0,1,202005,0,5,"1800,00"
202005,2,29,292740,J,6209100,-1,212405,101,8,26,"43,20",3,1,0,1,40,0,0,0,"1513,00",4,0,1,202005,0,5,"1513,00"
202005,3,33,330455,J,6204000,-1,317105,101,9,32,"40,00",1,1,0,1,40,0,0,0,"1936,69",8,0,1,202005,0,5,"1936,69"
202005,2,26,261160,J,6202300,1,212205,101,7,22,"40,00",2,3,0,1,10,0,0,0,"3366,00",6,0,1,202005,0,5,"3366,00"
202005,3,35,353440,J,6201501,-1,212420,101,8,26,"40,00",3,1,0,1,31,0,0,0,"2312,27",9,0,1,202005,0,5,"2312,27"
202005,3,35,354880,J,6203100,-1,212405,101,80,46,"40,00",6,1,0,1,40,0,0,0,"5000,00",7,0,1,202005,0,5,"5000,00"
202005,5,53,530010,J,6201501,1,317110,101,9,50,"44,00",3,1,0,1,20,0,0,0,"4000,00",8,0,1,202005,0,5,"4000,00"
202005,3,31,310620,J,6201501,1,212405,101,9,20,"44,00",3,1,0,1,20,0,0,0,"3500,00",8,0,1,202005,0,5,"3500,00"
202005,3,35,355030,J,6204000,-1,142510,101,9,48,"40,00",3,1,0,1,31,0,0,0,"12442,00",10,0,1,202005,0,5,"12442,00"
202005,3,35,350280,J,6201501,-1,142510,101,9,37,"44,00",1,1,0,1,31,0,0,9,"6318,14",7,0,1,202005,0,5,"6318,14"
202005,5,53,530010,J,6201501,1,212405,101,8,36,"40,00",3,3,0,1,20,0,0,0,"15500,00",10,0,1,202005,0,5,"15500,00"
202005,3,33,330455,J,6201501,1,212215,101,9,31,"40,00",1,1,0,1,20,0,0,0,"11200,00",10,0,1,202005,0,5,"11200,00"
202005,5,52,520870,J,6202300,-1,212415,101,9,37,"44,00",1,1,0,1,31,0,0,0,"1600,00",3,0,1,202005,0,5,"1600,00"
202005,3,31,313130,J,6209100,-1,212415,101,9,64,"44,00",1,1,0,1,31,0,0,0,"1539,43",5,0,1,202005,0,5,"1539,43"
202005,3,35,355030,J,6202300,-1,212415,101,8,20,"40,00",1,1,0,1,40,0,0,0,"3000,00",9,0,1,202005,0,5,"3000,00"
202005,3,35,355030,J,6209100,-1,212405,101,9,31,"40,00",2,3,0,1,31,0,0,0,"1817,98",5,0,1,202005,0,5,"1817,98"
202005,4,42,420470,J,6203100,-1,212405,101,7,31,"44,00",6,1,0,1,40,0,0,0,"3500,00",4,0,1,202005,0,5,"3500,00"
202005,4,41,410720,J,6203100,-1,212405,101,9,25,"44,00",5,3,0,1,40,0,0,0,"1633,60",5,0,1,202005,0,5,"1633,60"
202005,3,35,355030,J,6202300,-1,317110,101,9,36,"40,00",1,1,0,1,40,0,0,0,"8088,34",7,0,1,202005,0,5,"8088,34"
202005,3,35,355030,J,6201501,-1,212420,101,7,34,"40,00",6,1,0,1,40,0,0,0,"12266,86",10,0,1,202005,0,5,"12266,86"
202005,4,41,411530,J,6202300,1,317210,101,9,26,"44,00",6,1,0,1,20,0,0,9,"2759,00",6,0,1,202005,0,5,"2759,00"
202005,3,35,355030,J,6202300,1,212405,101,8,20,"40,00",1,1,0,1,20,0,0,0,"1694,33",5,0,1,202005,0,5,"1694,33"
202005,4,41,411850,J,6203100,-1,212405,101,9,37,"40,00",6,3,0,1,31,0,0,0,"2070,64",6,0,1,202005,0,5,"2070,64"
202005,3,35,354870,J,6201501,-1,212405,101,9,40,"40,00",6,1,0,1,31,0,0,0,"8592,41",9,0,1,202005,0,5,"8592,41"
202005,4,41,410690,J,6204000,-1,212420,101,9,36,"40,00",1,1,0,1,31,0,0,0,"9076,50",7,0,1,202005,0,5,"9076,50"
202005,5,53,530010,J,6202300,1,212420,101,8,28,"44,00",6,3,0,1,20,0,0,0,"1800,00",4,0,1,202005,0,5,"1800,00"
202005,3,35,355030,J,6201501,1,212405,101,9,48,"40,00",2,1,0,1,20,0,0,0,"7000,00",8,0,1,202005,0,5,"7000,00"
202005,4,42,420460,J,6202300,1,317110,101,7,20,"44,00",6,1,0,1,20,0,0,0,"2000,00",7,0,1,202005,0,5,"2000,00"
202005,3,35,355030,J,6202300,-1,212405,101,9,24,"44,00",2,1,0,1,40,0,0,9,"4600,00",8,0,1,202005,0,5,"4600,00"
202005,3,35,355030,J,6204000,-1,317110,101,9,25,"40,00",1,1,0,1,40,0,0,0,"7000,00",8,0,1,202005,0,5,"7000,00"
202005,3,35,355030,J,6209100,-1,212420,101,7,38,"40,00",6,1,0,1,60,0,0,0,"5000,00",7,0,1,202005,0,5,"5000,00"
202005,3,35,355030,J,6311900,-1,212420,101,9,30,"40,00",1,1,0,1,40,0,0,0,"3500,00",8,0,1,202005,0,5,"3500,00"
202005,4,42,420430,J,6203100,1,212420,101,8,22,"42,50",6,1,0,1,20,0,0,0,"1352,00",1,0,1,202005,0,5,"1352,00"
202005,5,50,500270,J,6202300,-1,212410,101,9,32,"44,00",3,1,0,1,40,0,0,0,"4273,24",6,0,1,202005,0,5,"4273,24"
202005,3,35,355030,J,6203100,-1,212405,101,9,34,"40,00",3,1,0,1,40,0,0,0,"8797,50",10,0,1,202005,0,5,"8797,50"
202005,3,35,355030,J,6201501,1,317110,101,9,27,"40,00",1,1,0,1,20,0,0,0,"2000,00",3,0,1,202005,0,5,"2000,00"
202005,3,31,310620,J,6204000,1,317205,101,7,22,"40,00",2,1,0,1,20,0,0,0,"2823,50",8,0,1,202005,0,5,"2823,50"
202005,4,43,431490,J,6311900,1,317205,101,9,33,"40,00",1,1,0,1,20,0,0,0,"1700,00",6,0,1,202005,0,5,"1700,00"
202005,4,43,431490,J,6311900,1,212405,101,7,25,"40,00",1,3,0,1,20,0,0,0,"7558,42",7,0,1,202005,0,5,"7558,42"
202005,3,35,355030,J,6201501,-1,212405,101,9,39,"40,00",6,1,0,1,31,0,0,0,"8206,65",10,0,1,202005,0,5,"8206,65"
202005,4,42,420910,J,6202300,1,212420,101,9,35,"44,00",1,1,0,1,20,0,0,0,"1649,64",6,0,1,202005,0,5,"1649,64"
202005,3,33,330240,J,6201501,-1,317210,101,7,26,"40,00",3,1,0,1,31,0,0,0,"1529,26",9,0,1,202005,0,5,"1529,26"
202005,5,53,530010,J,6203100,1,212405,101,9,58,"40,00",6,3,0,1,20,0,0,0,"9481,09",7,0,1,202005,0,5,"9481,09"
202005,3,35,355030,J,6204000,-1,212405,101,9,25,"40,00",3,3,0,1,31,0,0,0,"3552,99",5,0,1,202005,0,5,"3552,99"
202005,4,41,410690,J,6201501,1,212405,101,9,46,"40,00",1,1,0,1,20,0,0,0,"11000,00",7,0,1,202005,0,5,"11000,00"
202005,3,35,355030,J,6202300,-1,212405,101,9,40,"44,00",6,1,0,1,40,0,0,0,"1831,59",5,0,1,202005,0,5,"1831,59"
202005,3,31,310620,J,6209100,-1,212405,101,9,39,"40,00",3,1,0,1,40,0,0,0,"6433,78",7,0,1,202005,0,5,"6433,78"
202005,3,35,355030,J,6204000,-1,212405,101,9,27,"40,00",1,3,0,1,31,0,0,0,"3200,00",6,0,1,202005,0,5,"3200,00"
202005,3,31,310620,J,6204000,-1,212405,101,9,47,"40,00",1,1,0,1,31,0,0,0,"2500,00",6,0,1,202005,0,5,"2500,00"
202005,5,53,530010,J,6201501,-1,212405,101,9,25,"44,00",3,1,0,1,40,0,0,0,"3967,20",9,0,1,202005,0,5,"3967,20"
202005,3,35,355030,J,6201501,-1,212405,101,9,29,"40,00",1,1,0,1,40,0,0,0,"6978,00",7,0,1,202005,0,5,"6978,00"
202005,2,29,291920,J,6201501,1,212405,101,9,38,"44,00",3,1,0,1,20,0,0,0,"5500,00",7,0,1,202005,0,5,"5500,00"
202005,3,35,355030,J,6202300,-1,212405,101,9,21,"40,00",1,3,0,1,31,0,0,0,"3458,04",7,0,1,202005,0,5,"3458,04"
202005,3,31,310620,J,6204000,-1,212405,101,9,38,"40,00",1,1,0,1,43,0,0,0,"4418,00",8,0,1,202005,0,5,"4418,00"
202005,3,35,355030,J,6201501,1,212405,101,9,37,"40,00",3,1,0,1,20,0,0,0,"9592,10",10,0,1,202005,0,5,"9592,10"
202005,4,43,431490,J,6203100,1,317110,101,9,23,"40,00",1,1,0,1,20,0,0,0,"3200,00",5,0,1,202005,0,5,"3200,00"
202005,4,41,411850,J,6203100,-1,317210,101,8,20,"44,00",1,1,0,1,31,0,0,0,"1984,45",8,0,1,202005,0,5,"1984,45"
202005,3,35,350570,J,6201501,-1,317110,101,9,24,"40,00",1,3,0,1,31,0,0,0,"3033,60",9,0,1,202005,0,5,"3033,60"
202005,3,35,355030,J,6204000,-1,212420,101,9,32,"40,00",2,1,0,1,40,0,0,0,"3000,00",5,0,1,202005,0,5,"3000,00"
202005,3,35,350570,J,6209100,1,212420,101,9,29,"40,00",1,1,0,1,20,0,0,0,"1800,00",10,0,1,202005,0,5,"1800,00"
202005,3,35,350950,J,6204000,-1,212405,101,9,39,"40,67",1,3,0,1,31,0,0,0,"1400,00",10,0,1,202005,0,5,"1400,00"
202005,4,43,431490,J,6203100,1,142520,101,9,35,"44,00",1,3,0,1,20,0,0,9,"5500,00",5,0,1,202005,0,5,"5500,00"
202005,4,42,420910,J,6204000,-1,212420,101,8,37,"44,00",6,1,0,1,31,0,0,0,"2104,20",6,0,1,202005,0,5,"2104,20"
202005,3,31,317020,J,6204000,1,317110,101,9,24,"40,00",1,1,0,1,20,0,0,0,"1464,19",8,0,1,202005,0,5,"1464,19"
202005,4,42,420910,J,6209100,-1,317110,101,9,46,"44,00",6,1,0,1,31,0,0,0,"1990,20",3,0,1,202005,0,5,"1990,20"
202005,4,41,410690,J,6201501,-1,317110,101,10,55,"40,00",1,1,0,1,31,0,0,0,"6500,00",9,0,1,202005,0,5,"6500,00"
202005,3,35,355030,J,6203100,1,212405,101,9,41,"40,00",3,1,0,1,20,0,0,0,"8000,00",7,0,1,202005,0,5,"8000,00"
202005,3,35,355030,J,6202300,1,317110,101,9,23,"45,00",1,3,0,1,20,0,0,0,"2000,00",2,0,1,202005,0,5,"2000,00"
202005,4,43,431490,J,6209100,-1,317210,101,7,26,"40,00",1,1,0,1,31,0,0,0,"1689,10",5,0,1,202005,0,5,"1689,10"
202005,3,35,355030,J,6204000,-1,212420,101,8,36,"40,00",1,1,0,1,31,0,0,0,"1947,46",10,0,1,202005,0,5,"1947,46"
202005,5,53,530010,J,6204000,-1,317110,101,8,33,"40,00",3,1,0,1,40,0,0,0,"3250,00",7,0,1,202005,0,5,"3250,00"
202005,3,35,354390,J,6202300,1,317110,101,8,25,"40,00",1,1,0,1,10,0,0,0,"2264,00",5,0,1,202005,0,5,"2264,00"
202005,4,42,420910,J,6201501,-1,317110,101,9,28,"42,50",1,1,0,1,31,0,0,0,"2448,00",8,0,1,202005,0,5,"2448,00"
202005,4,41,410480,J,6203100,-1,212420,101,9,20,"40,00",3,1,0,1,40,0,0,0,"1722,00",7,0,1,202005,0,5,"1722,00"
202005,4,42,420240,J,6202300,1,317110,101,7,19,"44,00",1,1,0,1,20,0,0,0,"1876,50",7,0,1,202005,0,5,"1876,50"
202005,3,33,330455,J,6209100,-1,212420,101,9,44,"40,00",1,1,0,1,31,0,0,0,"2063,00",8,0,1,202005,0,5,"2063,00"
202005,3,35,355030,J,6209100,1,212420,101,9,23,"44,00",1,1,0,1,20,0,0,0,"3500,00",4,0,1,202005,0,5,"3500,00"
202005,3,31,313670,J,6204000,-1,212405,101,9,26,"40,00",1,3,0,1,40,0,0,0,"1612,85",5,0,1,202005,0,5,"1612,85"
202005,4,42,420420,J,6203100,1,212315,101,9,29,"44,00",1,3,0,1,20,0,0,0,"2422,00",7,0,1,202005,0,5,"2422,00"
202005,3,35,355030,J,6209100,-1,212420,101,9,34,"40,00",3,1,0,1,31,0,0,0,"1629,23",8,0,1,202005,0,5,"1629,23"
202005,3,33,330455,J,6201501,1,212405,101,8,23,"40,00",3,3,0,1,10,0,0,0,"3740,00",7,0,1,202005,0,5,"3740,00"
202005,3,32,320530,J,6209100,-1,212405,101,7,33,"40,00",6,3,0,1,31,0,0,0,"1900,00",5,0,1,202005,0,5,"1900,00"
202005,4,42,421660,J,6201501,-1,212410,101,9,28,"44,00",1,1,0,1,40,0,0,0,"2534,00",5,0,1,202005,0,5,"2534,00"
202005,2,29,292740,J,6204000,-1,212405,101,9,34,"44,00",3,3,0,1,31,0,0,0,"3597,17",9,0,1,202005,0,5,"3597,17"
202005,4,43,431140,J,6202300,-1,212405,101,8,24,"30,00",1,1,0,1,31,0,0,0,"969,00",5,0,1,202005,0,5,"969,00"
202005,5,53,530010,J,6203100,-1,212405,101,8,67,"44,00",1,3,0,1,40,0,0,0,"11879,73",7,0,1,202005,0,5,"11879,73"
202005,5,53,530010,J,6203100,1,212405,101,9,25,"44,00",3,1,0,1,20,0,0,0,"5500,00",8,0,1,202005,0,5,"5500,00"
202005,3,35,350950,J,6201501,-1,212210,101,9,32,"40,00",1,1,0,1,40,0,0,0,"8199,00",10,0,1,202005,0,5,"8199,00"
202005,4,43,431870,J,6203100,-1,142520,101,9,35,"44,00",1,1,0,1,40,0,0,9,"7901,89",7,0,1,202005,0,5,"7901,89"
202005,3,35,355030,J,6204000,-1,212405,101,9,27,"40,00",1,3,0,1,40,0,0,0,"8805,22",8,0,1,202005,0,5,"8805,22"
202005,3,35,355030,J,6204000,-1,212405,101,9,41,"40,00",6,1,0,1,31,0,0,0,"6000,00",6,0,1,202005,0,5,"6000,00"
202005,5,53,530010,J,6204000,-1,212420,101,9,29,"36,00",3,1,0,1,31,0,0,0,"1479,85",7,0,1,202005,0,5,"1479,85"
202005,3,35,355030,J,6201501,-1,212310,101,9,31,"40,00",3,1,0,1,40,0,0,0,"7313,60",9,0,1,202005,0,5,"7313,60"
202005,5,53,530010,J,6203100,-1,212405,101,9,44,"40,00",1,1,0,1,31,0,0,0,"8030,72",6,0,1,202005,0,5,"8030,72"
202005,4,43,431340,J,6202300,-1,317210,101,8,24,"44,00",1,3,0,1,31,0,0,0,"2865,54",7,0,1,202005,0,5,"2865,54"
202005,3,35,355030,J,6311900,-1,142510,101,9,42,"40,00",1,1,0,1,40,0,0,0,"18746,15",8,0,1,202005,0,5,"18746,15"
202005,3,35,355030,J,6204000,-1,317105,101,9,31,"40,00",1,1,0,1,43,0,0,0,"14000,00",7,0,1,202005,0,5,"14000,00"
202005,3,35,355030,J,6209100,-1,317110,101,9,31,"40,00",3,3,0,1,31,0,0,0,"4500,00",5,0,1,202005,0,5,"4500,00"
202005,3,35,355030,J,6204000,-1,212405,101,9,28,"40,00",1,1,0,1,40,0,0,0,"6000,00",6,0,1,202005,0,5,"6000,00"
202005,3,35,354870,J,6311900,1,212420,101,6,29,"40,00",1,1,0,1,20,0,0,0,"1700,00",6,0,1,202005,0,5,"1700,00"
202005,3,33,330455,J,6204000,-1,212405,101,9,28,"40,00",2,3,0,1,40,0,0,0,"4000,00",5,0,1,202005,0,5,"4000,00"
202005,4,43,431490,J,6203100,1,212420,101,9,30,"40,00",2,3,0,1,20,0,0,0,"2256,00",7,0,1,202005,0,5,"2256,00"
202005,3,35,354980,J,6209100,-1,212420,101,8,25,"40,00",1,1,0,1,43,0,0,0,"2000,00",5,0,1,202005,0,5,"2000,00"
202005,3,35,350570,J,6204000,1,317110,101,9,60,"40,00",6,1,0,1,20,0,0,0,"11000,00",9,0,1,202005,0,5,"11000,00"
202005,3,35,355030,J,6204000,1,212420,101,8,19,"40,00",3,1,0,1,10,0,0,0,"1300,00",5,0,1,202005,0,5,"1300,00"
202005,2,23,230440,J,6204000,-1,317205,101,7,24,"36,00",3,3,0,1,31,0,0,0,"1300,00",8,0,1,202005,0,5,"1300,00"
202005,4,43,431490,J,6202300,-1,212405,101,9,46,"42,50",1,3,0,1,31,0,0,0,"4916,53",4,0,1,202005,0,5,"4916,53"
202005,5,52,520870,J,6202300,-1,317210,101,9,56,"40,00",1,3,0,1,40,0,0,0,"1053,00",2,0,1,202005,0,5,"1053,00"
202005,3,35,355030,J,6201501,1,212405,101,8,41,"40,00",1,1,0,1,20,0,0,0,"5500,00",10,0,1,202005,0,5,"5500,00"
202005,3,35,355030,J,6209100,-1,317210,101,7,43,"36,00",1,1,0,1,33,0,0,0,"1512,57",9,0,1,202005,0,5,"1512,57"
202005,3,33,330455,J,6201501,-1,212405,101,9,30,"40,00",2,1,0,1,40,0,0,0,"10700,00",7,0,1,202005,0,5,"10700,00"
202005,4,42,420540,J,6202300,1,317110,101,9,29,"44,00",6,1,0,1,20,3,0,0,"6000,00",10,0,1,202005,0,5,"6000,00"
202005,3,35,355030,J,6204000,1,317110,101,9,32,"40,00",3,1,0,1,20,0,0,0,"7800,00",7,0,1,202005,0,5,"7800,00"
202005,3,33,330455,J,6311900,-1,142535,101,9,38,"40,00",2,1,0,1,31,0,0,0,"6483,82",5,0,1,202005,0,5,"6483,82"
202005,4,42,420910,J,6201501,-1,317210,101,8,24,"44,00",1,1,0,1,31,0,0,0,"2418,50",6,0,1,202005,0,5,"2418,50"
202005,5,50,500270,J,6201501,1,212405,101,7,19,"44,00",3,3,0,1,10,0,0,0,"1746,51",7,0,1,202005,0,5,"1746,51"
202005,3,35,355030,J,6201501,-1,212405,101,9,35,"40,00",3,1,0,1,40,0,0,0,"14335,00",7,0,1,202005,0,5,"14335,00"
202005,4,41,410480,J,6202300,-1,212420,101,8,23,"44,00",6,1,0,1,40,0,0,0,"1300,00",1,0,1,202005,0,5,"1300,00"
202005,3,35,355030,J,6204000,-1,212410,101,9,29,"40,00",3,1,0,1,40,0,0,0,"9000,00",6,0,1,202005,0,5,"9000,00"
202005,5,50,500370,J,6203100,-1,212405,101,7,25,"44,00",6,1,0,1,40,0,0,0,"3300,00",5,0,1,202005,0,5,"3300,00"
202005,3,31,310620,J,6204000,-1,212405,101,9,39,"32,17",3,1,0,1,31,0,0,0,"3003,57",10,0,1,202005,0,5,"3003,57"
202005,3,35,355030,J,6311900,-1,317205,101,7,27,"44,00",1,1,0,1,40,0,0,0,"5500,00",5,0,1,202005,0,5,"5500,00"
202005,3,35,350950,J,6204000,1,212320,101,80,33,"40,00",2,1,0,1,20,0,0,0,"12000,00",10,0,1,202005,0,5,"12000,00"
202005,4,42,420420,J,6202300,1,317210,101,9,26,"44,00",1,1,0,1,20,0,0,0,"2500,00",4,0,1,202005,0,5,"2500,00"
202005,2,26,261160,J,6311900,-1,317210,101,8,42,"40,00",1,1,0,1,31,0,0,0,"1652,57",7,0,1,202005,0,5,"1652,57"
202005,5,53,530010,J,6201501,-1,212405,101,9,27,"40,00",1,1,0,1,40,0,0,0,"8526,77",10,0,1,202005,0,5,"8526,77"
202005,3,35,355030,J,6201501,-1,212415,101,9,37,"40,00",3,1,0,1,31,0,0,0,"4281,67",9,0,1,202005,0,5,"4281,67"
202005,3,35,355030,J,6204000,-1,142520,101,80,35,"44,00",6,1,0,1,40,0,0,9,"10368,53",10,0,1,202005,0,5,"10368,53"
202005,4,41,410690,J,6201501,-1,317110,101,9,39,"40,00",6,1,0,1,31,0,0,0,"4000,00",7,0,1,202005,0,5,"4000,00"
202005,3,35,355030,J,6201501,-1,317110,101,9,48,"40,00",4,1,0,1,40,0,0,0,"7150,62",10,0,1,202005,0,5,"7150,62"
202005,1,13,130260,J,6209100,-1,212420,101,9,27,"44,00",3,1,0,1,31,0,0,0,"1248,00",4,0,1,202005,0,5,"1248,00"
202005,4,43,431490,J,6311900,-1,212420,101,9,28,"40,00",1,1,0,1,40,0,0,0,"3000,00",6,0,1,202005,0,5,"3000,00"
202005,4,41,410690,J,6204000,-1,212405,101,9,38,"40,00",1,1,0,1,31,0,0,0,"9746,59",7,0,1,202005,0,5,"9746,59"
202005,5,51,510340,J,6209100,-1,142530,101,9,27,"44,00",3,3,0,1,40,0,0,0,"4000,00",4,0,1,202005,0,5,"4000,00"
202005,3,35,355030,J,6209100,-1,212320,101,9,34,"30,00",6,1,0,1,40,0,0,0,"1939,31",2,0,1,202005,0,5,"1939,31"
202005,3,35,350950,J,6201501,-1,212405,101,9,25,"40,00",1,1,0,1,40,0,0,0,"4783,62",7,0,1,202005,0,5,"4783,62"
202005,3,31,317020,J,6201501,1,212405,101,8,30,"36,00",5,1,0,1,20,0,0,0,"2500,00",8,0,1,202005,0,5,"2500,00"
202005,4,43,431490,J,6201501,1,212405,101,9,26,"44,00",1,1,0,1,20,0,0,0,"5000,00",6,0,1,202005,0,5,"5000,00"
202005,3,35,354730,J,6209100,1,212420,101,9,31,"40,00",6,1,0,1,20,0,0,0,"5000,00",10,0,1,202005,0,5,"5000,00"
202005,3,35,355030,J,6203100,-1,142515,101,80,27,"40,00",1,1,0,1,40,0,0,0,"6500,00",4,0,1,202005,0,5,"6500,00"
202005,3,35,355030,J,6311900,1,212405,101,9,24,"44,00",1,1,0,1,20,0,0,0,"7500,00",7,0,1,202005,0,5,"7500,00"
202005,3,35,355030,J,6201501,-1,142520,101,9,31,"40,00",3,3,0,1,40,0,0,0,"9186,30",6,0,1,202005,0,5,"9186,30"
202005,3,33,330455,J,6201501,-1,212405,101,8,21,"40,00",1,1,0,1,40,0,0,0,"2052,60",6,0,1,202005,0,5,"2052,60"
202005,5,53,530010,J,6204000,1,212410,101,9,32,"38,57",1,1,0,1,20,0,0,0,"2900,00",8,0,1,202005,0,5,"2900,00"
202005,3,35,355030,J,6201501,1,212405,101,8,44,"40,00",1,1,0,1,20,0,0,0,"10000,00",5,0,1,202005,0,5,"10000,00"
202005,3,35,350570,J,6203100,1,212405,101,9,36,"44,00",6,1,0,1,20,0,0,0,"6500,00",6,0,1,202005,0,5,"6500,00"
202005,3,35,355030,J,6204000,-1,317110,101,8,21,"40,00",1,1,0,1,31,0,0,0,"1800,00",6,0,1,202005,0,5,"1800,00"
202005,4,43,431490,J,6201501,1,212315,101,8,35,"40,00",3,1,0,1,20,0,0,0,"2500,00",4,0,1,202005,0,5,"2500,00"
202005,3,35,355030,J,6202300,1,212405,101,8,19,"40,00",3,1,0,1,20,0,0,0,"7000,00",9,0,1,202005,0,5,"7000,00"
202005,3,35,355030,J,6202300,1,212405,101,9,23,"40,00",1,1,0,1,20,0,0,0,"3800,00",6,0,1,202005,0,5,"3800,00"
202005,4,43,431490,J,6203100,1,212420,101,7,22,"40,00",1,1,0,1,20,0,0,0,",00",7,0,1,202005,0,5,",00"
202005,2,23,230440,J,6209100,-1,317110,101,9,27,"44,00",1,1,0,1,40,0,0,0,"2702,39",5,0,1,202005,0,5,"2702,39"
202005,3,35,354980,J,6209100,-1,212420,101,9,43,"40,00",6,3,0,1,31,0,0,0,"2352,00",7,0,1,202005,0,5,"2352,00"
202005,4,42,420540,J,6202300,1,212405,101,9,34,"44,00",1,3,0,1,20,0,0,0,"6000,00",5,0,1,202005,0,5,"6000,00"
202005,3,35,355030,J,6209100,-1,212205,101,9,39,"40,00",6,1,0,1,31,0,0,0,"9400,11",4,0,1,202005,0,5,"9400,11"
202005,3,35,350570,J,6311900,1,142535,101,9,56,"44,00",1,1,0,1,20,0,0,0,"10000,00",4,0,1,202005,0,5,"10000,00"
202005,3,35,354980,J,6203100,-1,212405,101,9,32,"40,00",1,1,0,1,31,0,0,0,"2696,00",6,0,1,202005,0,5,"2696,00"
202005,2,25,250750,J,6201501,1,212405,101,9,24,"44,00",2,1,0,1,20,0,0,0,"2600,00",7,0,1,202005,0,5,"2600,00"
202005,3,35,355030,J,6209100,-1,317110,101,7,23,"44,00",1,1,0,1,90,0,0,0,"2300,00",5,0,1,202005,0,5,"2300,00"
202005,3,35,355030,J,6311900,1,317110,101,9,27,"44,00",1,1,0,1,20,0,0,0,"7500,00",5,0,1,202005,0,5,"7500,00"
202005,3,35,355030,J,6209100,-1,317110,101,9,29,"40,00",1,1,0,1,40,0,0,0,"3000,00",5,0,1,202005,0,5,"3000,00"
202005,4,42,420540,J,6204000,-1,212420,101,9,36,"40,00",3,1,0,1,31,0,0,0,"2669,78",5,0,1,202005,0,5,"2669,78"
202005,4,43,430460,J,6311900,1,317210,101,7,24,"44,00",1,3,0,1,20,0,0,0,"1348,00",6,0,1,202005,0,5,"1348,00"
202005,3,35,350570,J,6201501,1,317110,101,9,60,"40,00",1,1,0,1,20,0,0,0,"13000,00",9,0,1,202005,0,5,"13000,00"
202005,2,26,261160,J,6311900,-1,317210,101,9,27,"40,00",3,1,0,1,31,0,0,0,"1652,57",7,0,1,202005,0,5,"1652,57"
202005,4,41,410690,J,6201501,-1,317110,101,9,27,"40,00",1,1,0,1,40,0,0,0,"5450,00",9,0,1,202005,0,5,"5450,00"
202005,3,35,350570,J,6201501,-1,317110,101,8,20,"40,00",1,1,0,1,31,0,0,0,"2178,41",9,0,1,202005,0,5,"2178,41"
202005,3,35,355030,J,6204000,-1,317110,101,9,22,"40,00",1,1,0,1,40,0,0,0,"4000,00",5,0,1,202005,0,5,"4000,00"
202005,4,41,410720,J,6203100,-1,317105,101,8,21,"42,30",1,1,0,1,40,0,0,0,"2509,28",8,0,1,202005,0,5,"2509,28"
202005,3,31,310620,J,6201501,1,212405,101,9,31,"40,00",1,3,0,1,20,0,0,0,"8800,00",9,0,1,202005,0,5,"8800,00"
202005,3,31,317020,J,6204000,-1,212420,101,8,31,"40,00",3,3,0,1,31,0,0,0,"1864,72",8,0,1,202005,0,5,"1864,72"
202005,5,53,530010,J,6201501,-1,212405,101,80,45,"40,00",3,3,0,1,40,0,0,0,"6296,40",7,0,1,202005,0,5,"6296,40"
202005,2,26,261160,J,6204000,1,317110,101,9,31,"40,00",1,1,0,1,20,0,0,0,"8309,80",9,0,1,202005,0,5,"8309,80"
202005,3,35,355030,J,6209100,-1,212405,101,7,32,"40,00",1,1,0,1,32,0,0,0,"4120,00",7,0,1,202005,0,5,"4120,00"
202005,3,35,355030,J,6201501,-1,212405,101,9,30,"40,00",3,1,0,1,40,0,0,0,"8274,40",9,0,1,202005,0,5,"8274,40"
202005,3,35,355670,J,6311900,-1,212420,101,8,22,"40,00",6,3,0,1,31,0,0,0,"1944,18",7,0,1,202005,0,5,"1944,18"
202005,3,35,355030,J,6201501,1,212405,101,8,53,"40,00",1,1,0,1,20,0,0,0,"7000,00",8,0,1,202005,0,5,"7000,00"
202005,5,53,530010,J,6204000,1,212410,101,9,48,"40,00",2,1,0,1,20,0,0,0,"7000,00",1,0,1,202005,0,5,"7000,00"
202005,4,42,421660,J,6209100,1,317210,101,9,31,"30,00",6,1,0,1,20,0,0,0,"1845,51",8,0,1,202005,0,5,"1845,51"
202005,3,35,355030,J,6209100,-1,212405,101,9,31,"40,00",3,1,0,1,40,0,0,0,"8521,25",7,0,1,202005,0,5,"8521,25"
202005,3,35,355030,J,6311900,-1,142515,101,9,23,"40,00",1,3,0,1,31,0,0,0,"10000,00",5,0,1,202005,0,5,"10000,00"
202005,4,43,431490,J,6311900,-1,212420,101,7,31,"44,00",6,1,0,1,31,0,0,0,"1535,52",5,0,1,202005,0,5,"1535,52"
202005,3,35,355030,J,6201501,1,317110,101,8,25,"40,00",3,1,0,1,20,0,0,0,"7677,97",9,0,1,202005,0,5,"7677,97"
202005,2,26,261160,J,6311900,-1,317210,101,7,37,"40,00",3,1,0,1,31,0,0,0,"1346,53",7,0,1,202005,0,5,"1346,53"
202005,3,33,330455,J,6201501,-1,212405,101,8,29,"40,00",3,1,0,1,40,0,0,0,"6047,22",8,0,1,202005,0,5,"6047,22"
202005,4,42,420910,J,6201501,-1,212405,101,9,26,"43,00",6,1,0,1,31,0,0,0,"3640,00",7,0,1,202005,0,5,"3640,00"
202005,3,31,310620,J,6203100,1,317110,101,9,24,"44,00",3,1,0,1,20,0,0,0,"4166,45",7,0,1,202005,0,5,"4166,45"
202005,3,35,350950,J,6204000,-1,142520,101,80,60,"40,00",1,1,0,1,31,0,0,0,"8000,00",10,0,1,202005,0,5,"8000,00"
202005,3,35,355030,J,6201501,1,212420,101,7,30,"40,00",3,1,0,1,20,0,0,0,"2347,80",7,0,1,202005,0,5,"2347,80"
202005,3,35,355030,J,6201501,-1,317110,101,9,24,"40,00",3,1,0,1,40,0,0,0,"1620,00",8,0,1,202005,0,5,"1620,00"
202005,2,27,270430,J,6201501,-1,212405,101,9,39,"44,00",6,1,0,1,31,0,0,0,"11500,00",3,0,1,202005,0,5,"11500,00"
202005,3,35,355030,J,6201501,1,212405,101,9,57,"40,00",4,1,0,1,20,0,0,0,"7500,00",10,0,1,202005,0,5,"7500,00"
202005,5,53,530010,J,6204000,1,212405,101,9,26,"44,00",6,1,0,1,20,0,0,0,"6300,00",5,0,1,202005,0,5,"6300,00"
202005,4,41,411850,J,6203100,-1,212405,101,8,21,"44,00",6,3,0,1,40,0,0,0,"1940,33",7,0,1,202005,0,5,"1940,33"
202005,3,31,317020,J,6201501,-1,212405,101,9,26,"40,00",3,3,0,1,40,0,0,0,"5000,00",7,0,1,202005,0,5,"5000,00"
202005,3,35,355220,J,6201501,-1,212405,101,7,23,"40,00",1,1,0,1,40,0,0,0,"4525,57",4,0,1,202005,0,5,"4525,57"
202005,4,41,411520,J,6203100,1,212420,101,9,31,"44,00",6,1,0,1,20,0,0,0,"1389,21",7,0,1,202005,0,5,"1389,21"
202005,3,35,355030,J,6204000,-1,212405,101,9,62,"40,00",1,3,0,1,60,0,0,0,"5341,00",10,0,1,202005,0,5,"5341,00"
202005,3,35,352470,J,6201501,-1,317210,101,9,30,"40,00",1,1,0,1,31,0,0,0,"1804,01",10,0,1,202005,0,5,"1804,01"
202005,4,43,431490,J,6204000,-1,212405,101,9,39,"43,75",1,1,0,1,31,0,0,0,"6928,00",7,0,1,202005,0,5,"6928,00"
202005,3,31,310620,J,6204000,-1,212405,101,9,29,"40,00",3,1,0,1,31,0,0,0,"2736,00",8,0,1,202005,0,5,"2736,00"
202005,4,42,420910,J,6204000,-1,212420,101,9,40,"44,00",1,1,0,1,31,0,0,0,"1968,51",6,0,1,202005,0,5,"1968,51"
202005,4,42,420910,J,6204000,1,317110,101,9,26,"42,50",1,1,0,1,20,0,0,0,"2500,00",7,0,1,202005,0,5,"2500,00"
202005,2,23,230440,J,6204000,-1,317205,101,7,40,"31,00",3,1,0,1,31,0,0,0,"1132,93",8,0,1,202005,0,5,"1132,93"
202005,3,31,310620,J,6204000,1,212420,101,7,29,"40,00",3,1,0,1,20,0,0,0,"1584,69",7,0,1,202005,0,5,"1584,69"
202005,3,35,355030,J,6201501,-1,212405,101,80,31,"40,00",1,1,0,1,40,0,0,0,"2200,00",8,0,1,202005,0,5,"2200,00"
202005,3,35,350570,J,6204000,-1,212410,101,9,32,"40,00",3,1,0,1,31,0,0,0,"11013,50",6,0,1,202005,0,5,"11013,50"
202005,3,33,330455,J,6311900,-1,212405,101,9,61,"40,00",6,1,0,1,31,0,0,0,"6500,00",8,0,1,202005,0,5,"6500,00"
202005,2,26,261160,J,6204000,-1,212215,101,9,26,"40,00",3,1,0,1,31,0,0,0,"2416,00",5,0,1,202005,0,5,"2416,00"
202005,3,31,313670,J,6202300,-1,317110,101,8,27,"44,00",6,1,0,1,31,0,0,0,"1650,00",1,0,1,202005,0,5,"1650,00"
202005,2,26,260960,J,6202300,1,212215,101,9,21,"40,00",2,1,0,1,20,0,0,0,"2500,00",4,0,1,202005,0,5,"2500,00"
202005,5,53,530010,J,6204000,-1,212405,101,9,30,"49,00",3,1,0,1,40,0,0,0,"6894,29",5,0,1,202005,0,5,"6894,29"
202005,3,35,350570,J,6201501,1,212415,101,9,37,"40,00",1,3,0,1,20,0,0,0,"2606,73",7,0,1,202005,0,5,"2606,73"
202005,3,31,317020,J,6201501,-1,142510,101,9,36,"40,00",1,1,0,1,40,0,0,0,"20656,00",8,0,1,202005,0,5,"20656,00"
202005,4,42,420910,J,6202300,-1,212420,101,8,31,"40,00",3,3,0,1,31,0,0,0,"2264,32",6,0,1,202005,0,5,"2264,32"
202005,3,31,310620,J,6209100,-1,212420,101,9,53,"44,00",1,1,0,1,31,0,0,0,"2235,31",10,0,1,202005,0,5,"2235,31"
202005,2,23,230440,J,6209100,-1,212410,101,8,23,"30,00",2,3,0,1,40,0,0,0,"1800,00",5,0,1,202005,0,5,"1800,00"
202005,5,53,530010,J,6201501,1,212405,101,80,37,"40,00",1,1,0,1,20,0,0,0,"7000,00",10,0,1,202005,0,5,"7000,00"
202005,3,35,355030,J,6201501,1,212405,101,9,28,"40,00",3,1,0,1,20,0,0,0,"4941,20",7,0,1,202005,0,5,"4941,20"
202005,3,33,330455,J,6203100,-1,317110,101,7,31,"44,00",3,1,0,1,31,0,0,0,"1785,58",6,0,1,202005,0,5,"1785,58"
202005,5,53,530010,J,6201501,-1,212410,101,9,26,"44,00",1,1,0,1,40,0,0,0,"1945,87",10,0,1,202005,0,5,"1945,87"
202005,5,53,530010,J,6204000,-1,317210,101,8,24,"40,00",1,3,0,1,31,0,0,0,"2000,00",6,0,1,202005,0,5,"2000,00"
202005,3,33,330455,J,6204000,-1,212420,101,9,39,"40,00",2,1,0,1,31,0,0,0,"1890,69",6,0,1,202005,0,5,"1890,69"
202005,4,41,410690,J,6209100,-1,317210,101,9,37,"36,00",1,1,0,1,43,0,0,0,"1777,64",9,0,1,202005,0,5,"1777,64"
202005,3,32,320520,J,6209100,1,212420,101,7,36,"40,00",2,1,0,1,20,0,0,0,"1705,00",5,0,1,202005,0,5,"1705,00"
202005,3,31,310620,J,6209100,1,317205,101,7,22,"44,00",1,1,0,1,20,0,0,0,"1188,57",10,0,1,202005,0,5,"1188,57"
202005,3,35,355030,J,6204000,1,212405,101,8,21,"40,00",1,1,0,1,10,0,0,0,"1800,00",5,0,1,202005,0,5,"1800,00"
202005,3,35,354580,J,6201501,-1,317110,101,7,21,"40,00",6,1,0,1,40,0,0,0,"1675,56",1,0,1,202005,0,5,"1675,56"
202005,3,31,310620,J,6201501,1,212410,101,7,22,"40,00",2,3,0,1,20,0,0,0,"1700,00",2,0,1,202005,0,5,"1700,00"
202005,3,33,330455,J,6201501,1,212405,101,8,22,"40,00",1,1,0,1,20,0,0,0,"3500,00",3,0,1,202005,0,5,"3500,00"
202005,3,33,330455,J,6204000,-1,212405,101,8,30,"40,00",1,1,0,1,40,0,0,0,"7320,58",6,0,1,202005,0,5,"7320,58"
202005,3,35,355030,J,6204000,1,317205,101,9,33,"44,00",1,1,0,1,20,0,0,0,"1100,00",6,0,1,202005,0,5,"1100,00"
202005,4,43,431490,J,6203100,-1,212405,101,9,34,"44,00",3,3,0,1,31,0,0,9,"2510,63",5,0,1,202005,0,5,"2510,63"
202005,5,53,530010,J,6201501,-1,212420,101,9,43,"44,00",6,1,0,1,31,0,0,0,"3946,04",9,0,1,202005,0,5,"3946,04"
202005,3,35,350570,J,6201501,-1,317110,101,9,38,"40,00",3,1,0,1,40,0,0,0,"6036,82",9,0,1,202005,0,5,"6036,82"
202005,4,43,431490,J,6203100,1,317110,101,9,21,"40,00",1,1,0,1,10,0,0,0,"4200,00",7,0,1,202005,0,5,"4200,00"
202005,3,35,355030,J,6204000,1,212405,101,9,53,"44,00",1,1,0,1,20,0,0,9,"3000,00",10,0,1,202005,0,5,"3000,00"
202005,3,35,355030,J,6204000,-1,212405,101,9,35,"40,00",1,3,0,1,40,0,0,0,"15616,50",7,0,1,202005,0,5,"15616,50"
202005,3,31,310160,J,6311900,1,317205,101,7,29,"44,00",6,3,0,1,20,0,0,0,"1155,00",4,0,1,202005,0,5,"1155,00"
202005,4,42,421860,J,6202300,-1,212420,101,7,24,"40,00",1,1,0,1,31,0,0,0,"1536,90",3,0,1,202005,0,5,"1536,90"
202005,3,35,355030,J,6201501,1,212405,101,8,27,"40,00",3,1,0,1,20,0,0,0,"1807,00",5,0,1,202005,0,5,"1807,00"
202005,4,43,431490,J,6311900,1,317210,101,8,26,"40,00",3,1,0,1,20,0,0,0,"1953,24",7,0,1,202005,0,5,"1953,24"
202005,5,53,530010,J,6201501,1,212305,101,9,40,"44,00",3,1,0,1,20,0,0,0,"6000,00",8,0,1,202005,0,5,"6000,00"
202005,3,35,355030,J,6201501,-1,317110,101,9,34,"40,00",3,1,0,1,40,0,0,0,"5791,80",9,0,1,202005,0,5,"5791,80"
202005,3,35,354980,J,6203100,1,212420,101,8,26,"40,00",1,1,0,1,20,0,0,0,"1811,00",4,0,1,202005,0,5,"1811,00"
202005,3,35,350950,J,6204000,-1,142530,101,80,39,"40,00",1,1,0,1,31,0,0,0,"12000,00",10,0,1,202005,0,5,"12000,00"
202005,3,31,317020,J,6204000,-1,212420,101,9,27,"40,00",1,3,0,1,40,0,0,0,"1500,00",5,0,1,202005,0,5,"1500,00"
202005,3,31,317020,J,6204000,1,317110,101,9,25,"40,00",1,1,0,1,20,0,0,0,"1633,00",8,0,1,202005,0,5,"1633,00"
202005,5,53,530010,J,6204000,-1,212420,101,9,40,"20,00",3,1,0,1,43,0,0,1,"8000,00",7,0,1,202005,0,5,"8000,00"
202005,3,31,310620,J,6201501,-1,212405,101,80,59,"44,00",1,1,0,1,31,0,0,0,"13005,00",5,0,1,202005,0,5,"13005,00"
202005,3,33,330455,J,6204000,1,212405,101,80,61,"40,00",1,1,0,1,20,0,0,0,"7200,00",9,0,1,202005,0,5,"7200,00"
202005,3,35,355030,J,6201501,-1,212405,101,9,35,"40,00",3,3,0,1,40,0,0,0,"7689,79",10,0,1,202005,0,5,"7689,79"
202005,5,53,530010,J,6204000,1,212420,101,9,39,"40,00",3,1,0,1,20,0,0,0,"5500,00",7,0,1,202005,0,5,"5500,00"
202005,3,35,355030,J,6201501,1,212405,101,9,53,"40,00",1,1,0,1,20,0,0,0,"2015,00",8,0,1,202005,0,5,"2015,00"
202005,4,41,411370,J,6203100,-1,317210,101,9,30,"40,00",6,1,0,1,40,0,0,0,"1442,42",8,0,1,202005,0,5,"1442,42"
202005,3,35,354140,J,6209100,-1,212405,101,9,34,"40,00",1,3,0,1,40,0,0,0,"3500,00",5,0,1,202005,0,5,"3500,00"
202005,3,35,354340,J,6202300,-1,212405,101,9,38,"40,00",1,1,0,1,40,0,0,0,"7286,56",3,0,1,202005,0,5,"7286,56"
202005,4,41,410690,J,6203100,1,212420,101,7,23,"40,00",6,1,0,1,20,0,0,0,"2000,00",5,0,1,202005,0,5,"2000,00"
202005,3,35,355030,J,6202300,1,142510,101,80,48,"44,00",1,1,0,1,20,0,0,9,"30000,00",9,0,1,202005,0,5,"30000,00"
202005,3,35,355030,J,6201501,-1,142510,101,9,36,"40,00",1,1,0,1,40,0,0,0,"17337,53",10,0,1,202005,0,5,"17337,53"
202005,3,35,355030,J,6204000,1,212405,101,8,36,"44,00",5,1,0,1,20,0,0,9,"6000,00",10,0,1,202005,0,5,"6000,00"
202005,3,35,355030,J,6201501,1,212420,101,9,25,"40,00",1,1,0,1,20,0,0,0,"4094,35",7,0,1,202005,0,5,"4094,35"
202005,3,35,354730,J,6204000,-1,212405,101,80,32,"40,00",1,3,0,1,31,0,0,0,"5887,89",9,0,1,202005,0,5,"5887,89"
202005,3,35,355030,J,6209100,-1,317210,101,7,31,"44,00",6,1,0,1,31,0,0,0,"1998,00",2,0,1,202005,0,5,"1998,00"
202005,3,31,310620,J,6201501,-1,317110,101,9,21,"40,00",1,3,0,1,31,0,0,0,"2500,00",5,0,1,202005,0,5,"2500,00"
202005,5,53,530010,J,6203100,1,212405,101,9,39,"40,00",6,3,0,1,20,0,0,0,"9029,20",7,0,1,202005,0,5,"9029,20"
202005,3,31,310620,J,6204000,1,212420,101,7,38,"40,00",1,1,0,1,20,0,0,0,"1584,69",7,0,1,202005,0,5,"1584,69"
202005,3,35,355030,J,6204000,1,212405,101,9,37,"44,00",1,1,0,1,20,0,0,9,"6500,00",10,0,1,202005,0,5,"6500,00"
202005,3,35,352590,J,6209100,-1,212405,101,9,32,"40,00",1,1,0,1,31,0,0,0,"2172,03",4,0,1,202005,0,5,"2172,03"
202005,4,41,411520,J,6202300,1,317110,101,9,24,"44,00",1,1,0,1,20,0,0,0,"1598,40",1,0,1,202005,0,5,"1598,40"
202005,3,33,330455,J,6201501,-1,317210,101,9,29,"40,00",3,1,0,1,31,0,0,0,"1381,44",9,0,1,202005,0,5,"1381,44"
202005,2,29,292740,J,6201501,1,212405,101,9,43,"44,00",3,1,0,1,20,0,0,0,"3500,00",7,0,1,202005,0,5,"3500,00"
202005,3,35,355030,J,6204000,-1,212420,101,8,41,"40,00",1,1,0,1,40,0,0,0,"2123,94",10,0,1,202005,0,5,"2123,94"
202005,3,35,354780,J,6209100,-1,142520,101,80,34,"40,00",1,1,0,1,31,0,0,0,"8514,91",6,0,1,202005,0,5,"8514,91"
202005,2,23,230440,J,6204000,-1,317210,101,7,25,"44,00",3,3,0,1,31,0,0,9,"1781,69",9,0,1,202005,0,5,"1781,69"
202005,4,41,410690,J,6311900,1,212405,101,9,28,"40,00",1,3,0,1,20,0,0,0,"4500,00",8,0,1,202005,0,5,"4500,00"
202005,4,43,431490,J,6311900,-1,317205,101,8,48,"40,00",3,1,0,1,31,0,0,0,"2461,00",6,0,1,202005,0,5,"2461,00"
202005,3,35,355030,J,6202300,1,317110,101,7,26,"40,00",1,1,0,1,20,0,0,0,"8000,00",3,0,1,202005,0,5,"8000,00"
202005,3,35,355030,J,6201501,1,212405,101,9,25,"44,00",1,1,0,1,20,0,0,0,"6500,00",6,0,1,202005,0,5,"6500,00"
202005,3,35,355030,J,6201501,1,212405,101,7,22,"40,00",3,1,0,1,20,0,0,0,"1515,00",2,0,1,202005,0,5,"1515,00"
202005,3,33,330455,J,6201501,1,212405,101,9,36,"40,00",1,1,0,1,20,0,0,0,"17000,00",7,0,1,202005,0,5,"17000,00"
202005,4,41,410690,J,6203100,-1,142510,101,9,43,"40,00",6,1,0,1,31,0,0,0,"5066,50",8,0,1,202005,0,5,"5066,50"
202005,3,35,355030,J,6204000,-1,212405,101,10,47,"40,00",1,1,0,1,31,0,0,0,"16000,00",7,0,1,202005,0,5,"16000,00"
202005,3,35,355030,J,6201501,-1,212405,101,7,57,"40,00",3,1,0,1,31,0,0,0,"4229,29",9,0,1,202005,0,5,"4229,29"
202005,3,35,352590,J,6209100,-1,212405,101,80,37,"40,00",1,1,0,1,40,0,0,0,"6000,00",4,0,1,202005,0,5,"6000,00"
202005,3,35,350570,J,6209100,1,317110,101,9,27,"40,00",6,3,0,1,20,0,0,0,"8000,00",10,0,1,202005,0,5,"8000,00"
202005,3,35,355030,J,6201501,1,212420,101,9,25,"40,00",1,1,0,1,20,0,0,0,"1675,56",9,0,1,202005,0,5,"1675,56"
202005,3,31,310620,J,6201501,1,212405,101,8,22,"40,00",3,1,0,1,20,0,0,0,"2300,00",8,0,1,202005,0,5,"2300,00"
202005,3,35,350950,J,6203100,1,317110,101,9,35,"40,00",1,1,0,1,20,0,0,0,"9000,00",7,0,1,202005,0,5,"9000,00"
202005,3,31,315960,J,6311900,1,212405,101,9,31,"40,00",3,1,0,1,20,0,0,0,"13000,00",1,0,1,202005,0,5,"13000,00"
202005,3,33,330455,J,6201501,1,212405,101,80,42,"40,00",1,1,0,1,20,0,0,0,"8000,00",9,0,1,202005,0,5,"8000,00"
202005,4,42,420910,J,6203100,-1,317110,101,8,22,"42,50",1,1,0,1,31,0,0,0,"1367,60",3,0,1,202005,0,5,"1367,60"
202005,3,35,350950,J,6202300,1,212410,101,8,28,"42,50",1,1,0,1,20,0,0,0,"1800,00",4,0,1,202005,0,5,"1800,00"
202005,3,33,330330,J,6204000,1,317205,101,7,36,"36,00",3,1,0,1,20,0,0,0,"1198,00",5,0,1,202005,0,5,"1198,00"
202005,5,53,530010,J,6204000,-1,212405,101,9,30,"44,00",3,1,0,1,31,0,0,0,"4870,66",8,0,1,202005,0,5,"4870,66"
202005,3,35,350570,J,6203100,1,212405,101,80,40,"40,00",3,1,0,1,20,0,0,0,"11000,00",9,0,1,202005,0,5,"11000,00"
202005,4,43,431870,J,6203100,-1,212415,101,8,21,"44,00",6,1,0,1,31,0,0,0,"2064,78",5,0,1,202005,0,5,"2064,78"
202005,3,35,355030,J,6201501,-1,212405,101,9,40,"40,00",3,1,0,1,43,0,0,0,"8093,60",10,0,1,202005,0,5,"8093,60"
202005,4,41,412810,J,6209100,1,317110,101,7,24,"44,00",6,1,0,1,20,0,0,0,"1200,00",3,0,1,202005,0,5,"1200,00"
202005,5,53,530010,J,6201501,1,212405,101,7,42,"44,00",1,1,0,1,20,0,0,0,"1045,00",3,0,1,202005,0,5,"1045,00"
202005,3,31,310620,J,6201501,-1,212405,101,80,43,"44,00",1,1,0,1,31,0,0,0,"8454,99",6,0,1,202005,0,5,"8454,99"
202005,4,42,420460,J,6202300,1,212405,101,9,36,"44,00",1,1,0,1,20,0,0,0,"6661,10",6,0,1,202005,0,5,"6661,10"
202005,3,35,352900,J,6201501,1,212410,101,9,33,"40,00",1,1,0,1,20,0,0,0,"6000,00",7,0,1,202005,0,5,"6000,00"
202005,3,31,317020,J,6204000,1,142520,101,9,26,"40,00",1,1,0,1,20,0,0,0,"5800,00",8,0,1,202005,0,5,"5800,00"
202005,4,43,430510,J,6209100,1,317110,101,8,18,"44,00",1,1,0,1,20,0,0,0,"2300,00",4,0,1,202005,0,5,"2300,00"
202005,3,35,355030,J,6201501,1,212405,101,9,23,"40,00",1,1,0,1,20,0,0,0,"7000,00",10,0,1,202005,0,5,"7000,00"
202005,3,33,330455,J,6204000,-1,212420,101,9,35,"40,00",1,1,0,1,40,0,0,0,"5000,00",5,0,1,202005,0,5,"5000,00"
202005,3,35,355030,J,6201501,-1,212405,101,9,38,"44,00",1,1,0,1,40,0,0,0,"3671,00",6,0,1,202005,0,5,"3671,00"
202005,4,43,431490,J,6201501,1,142520,101,9,26,"40,00",1,1,0,1,20,0,0,0,"6750,00",3,0,1,202005,0,5,"6750,00"
202005,3,35,350950,J,6201501,1,212405,101,9,40,"40,00",1,1,0,1,20,0,0,0,"12000,00",7,0,1,202005,0,5,"12000,00"
202005,3,33,330455,J,6204000,-1,317110,101,7,26,"40,00",3,1,0,1,31,0,0,0,"4140,31",7,0,1,202005,0,5,"4140,31"
202005,3,35,355030,J,6204000,1,212420,101,8,20,"40,00",1,1,0,1,20,0,0,0,"3500,00",7,0,1,202005,0,5,"3500,00"
202005,3,35,355030,J,6204000,-1,212410,101,9,22,"20,00",1,1,0,1,31,0,0,0,"1750,63",2,0,1,202005,0,5,"1750,63"
202005,3,35,350950,J,6201501,1,212405,101,8,22,"40,00",1,3,0,1,20,0,0,0,"5500,00",7,0,1,202005,0,5,"5500,00"
202005,3,31,310620,J,6209100,-1,212420,101,8,30,"44,00",1,1,0,1,31,0,0,0,"1336,35",6,0,1,202005,0,5,"1336,35"
202005,3,35,355030,J,6203100,-1,212405,101,7,30,"40,00",1,1,0,1,40,0,0,0,"3100,00",10,0,1,202005,0,5,"3100,00"
202005,3,35,350570,J,6204000,-1,317110,101,7,51,"40,00",3,1,0,1,31,0,0,0,"10633,09",9,0,1,202005,0,5,"10633,09"
202005,3,33,330455,J,6204000,1,317110,101,80,35,"40,00",3,3,0,1,20,0,0,0,"8300,00",9,0,1,202005,0,5,"8300,00"
202005,3,35,350570,J,6201501,-1,317210,101,9,29,"40,00",3,1,0,1,31,0,0,0,"2177,82",4,0,1,202005,0,5,"2177,82"
202005,3,33,330455,J,6201501,-1,212405,101,9,32,"40,00",1,1,0,1,31,0,0,0,"2990,00",5,0,1,202005,0,5,"2990,00"
202005,3,35,355030,J,6203100,-1,212405,101,80,23,"40,00",1,1,0,1,40,0,0,0,"5436,63",10,0,1,202005,0,5,"5436,63"
202005,3,35,354980,J,6204000,1,212420,101,9,25,"40,00",1,3,0,1,10,0,0,0,"200,00",4,0,1,202005,0,5,"200,00"
202005,3,31,313670,J,6202300,1,317205,101,9,26,"40,00",1,1,0,1,10,0,0,0,"2000,00",1,0,1,202005,0,5,"2000,00"
202005,3,35,354340,J,6202300,-1,317210,101,9,28,"40,00",1,1,0,1,33,0,0,0,"1794,00",8,0,1,202005,0,5,"1794,00"
202005,4,43,431870,J,6204000,1,212405,101,8,19,"40,00",1,1,0,1,20,0,0,0,"5564,00",10,0,1,202005,0,5,"5564,00"
202005,3,31,310620,J,6204000,1,212405,101,7,31,"44,00",6,3,0,1,20,0,0,0,"3076,65",6,0,1,202005,0,5,"3076,65"
202005,5,52,520140,J,6203100,-1,212420,101,9,34,"36,00",3,3,0,1,31,0,0,0,"1747,37",6,0,1,202005,0,5,"1747,37"
202005,5,53,530010,J,6204000,1,212410,101,9,27,"38,57",1,3,0,1,20,0,0,0,"2000,00",8,0,1,202005,0,5,"2000,00"
202005,5,53,530010,J,6202300,1,212420,101,9,40,"44,00",6,3,0,1,20,0,0,0,"1791,20",4,0,1,202005,0,5,"1791,20"
202005,3,31,310620,J,6201501,-1,212405,101,9,32,"44,00",3,1,0,1,43,0,0,0,"7500,00",8,0,1,202005,0,5,"7500,00"
202005,3,31,316470,J,6209100,1,317210,101,7,20,"44,00",3,1,0,1,20,0,0,0,"1087,77",5,0,1,202005,0,5,"1087,77"
202005,3,31,310620,J,6201501,1,212405,101,9,22,"40,00",3,1,0,1,20,0,0,0,"5000,00",6,0,1,202005,0,5,"5000,00"
202005,2,26,261160,J,6202300,-1,317110,101,9,27,"44,00",3,1,0,1,40,0,0,9,"2026,23",9,0,1,202005,0,5,"2026,23"
202005,4,41,411520,J,6203100,-1,317210,101,9,26,"44,00",1,3,0,1,31,0,0,0,"2090,55",7,0,1,202005,0,5,"2090,55"
202005,2,29,292740,J,6311900,-1,317210,101,8,44,"40,00",3,1,0,1,31,0,0,0,"2145,71",7,0,1,202005,0,5,"2145,71"
202005,3,33,330455,J,6311900,1,212420,101,7,43,"42,00",1,3,0,1,20,0,0,0,"1712,37",1,0,1,202005,0,5,"1712,37"
202005,4,42,421660,J,6209100,1,317210,101,9,28,"30,00",6,1,0,1,20,0,0,0,"1845,51",8,0,1,202005,0,5,"1845,51"
202005,4,42,420290,J,6204000,1,317210,101,9,29,"40,00",3,1,0,1,20,0,0,0,"1652,68",5,0,1,202005,0,5,"1652,68"
202005,3,31,310620,J,6202300,1,142520,101,9,44,"42,50",1,1,0,1,20,0,0,0,"6400,00",5,0,1,202005,0,5,"6400,00"
202005,3,35,355030,J,6201501,-1,317110,101,80,36,"40,00",3,1,0,1,31,0,0,0,"10500,00",10,0,1,202005,0,5,"10500,00"
202005,4,41,411520,J,6201501,-1,212405,101,9,29,"44,00",2,1,0,1,31,0,0,0,"3750,00",8,0,1,202005,0,5,"3750,00"
202005,4,41,410690,J,6204000,-1,212405,101,9,38,"40,00",1,1,0,1,31,0,0,0,"7000,00",7,0,1,202005,0,5,"7000,00"
202005,4,41,411520,J,6203100,1,317110,101,80,24,"40,00",6,3,0,1,20,0,0,0,"2000,00",6,0,1,202005,0,5,"2000,00"
202005,3,33,330455,J,6204000,1,142520,101,9,50,"44,00",3,1,0,1,20,0,0,9,"12000,00",8,0,1,202005,0,5,"12000,00"
202005,3,35,355030,J,6209100,-1,317210,101,7,32,"36,00",1,1,0,1,33,0,0,0,"1512,57",9,0,1,202005,0,5,"1512,57"
202005,3,35,355700,J,6201501,1,212405,101,8,21,"40,00",1,3,0,1,20,0,0,0,"3000,00",6,0,1,202005,0,5,"3000,00"
202005,2,29,292740,J,6202300,-1,212420,101,9,36,"44,00",6,3,0,1,31,0,0,0,"2246,20",5,0,1,202005,0,5,"2246,20"
202005,3,31,317020,J,6201501,1,212405,101,8,20,"44,00",1,1,0,1,20,0,0,0,"2300,00",8,0,1,202005,0,5,"2300,00"
202005,3,35,355030,J,6204000,-1,317110,101,9,20,"40,00",1,1,0,1,43,0,0,0,"1751,00",2,0,1,202005,0,5,"1751,00"
202005,2,26,261160,J,6311900,-1,317210,101,8,35,"40,00",2,1,0,1,31,0,0,0,"1346,53",7,0,1,202005,0,5,"1346,53"
202005,4,43,431490,J,6204000,1,212420,101,9,25,"44,00",1,1,0,1,20,0,0,0,"10000,00",7,0,1,202005,0,5,"10000,00"
202005,4,41,411520,J,6209100,-1,317110,101,9,43,"44,00",3,1,0,1,31,0,0,0,"2673,30",5,0,1,202005,0,5,"2673,30"
202005,3,31,310620,J,6202300,1,212410,101,9,34,"44,00",3,1,0,1,20,0,0,0,"3500,00",7,0,1,202005,0,5,"3500,00"
202005,3,31,317020,J,6201501,1,212405,101,9,25,"44,00",1,1,0,1,20,0,0,0,"6000,00",8,0,1,202005,0,5,"6000,00"
202005,4,41,410690,J,6204000,1,212405,101,9,25,"40,00",1,1,0,1,10,0,0,0,"1600,00",2,0,1,202005,0,5,"1600,00"
202005,3,32,320520,J,6209100,-1,212405,101,9,46,"40,00",1,1,0,1,31,0,0,0,"5470,89",6,0,1,202005,0,5,"5470,89"
202005,3,35,354340,J,6201501,1,212405,101,9,25,"44,00",6,1,0,1,20,0,0,0,"2612,50",5,0,1,202005,0,5,"2612,50"
202005,4,43,431490,J,6201501,1,317110,101,9,33,"40,00",1,1,0,1,20,0,0,0,"7000,00",8,0,1,202005,0,5,"7000,00"
202005,5,53,530010,J,6204000,-1,142520,101,80,40,"40,00",1,3,0,1,31,0,0,0,"11543,40",9,0,1,202005,0,5,"11543,40"
202005,4,41,412550,J,6203100,-1,212405,101,9,29,"40,00",1,1,0,1,31,0,0,0,"6700,00",7,0,1,202005,0,5,"6700,00"
202005,3,35,350320,J,6204000,-1,212405,101,9,60,"40,00",3,1,0,1,31,0,0,0,"7000,00",8,0,1,202005,0,5,"7000,00"
202005,3,33,330455,J,6204000,-1,142520,101,80,54,"44,00",1,1,0,1,40,0,0,9,"10220,91",8,0,1,202005,0,5,"10220,91"
202005,3,35,355030,J,6204000,-1,212420,101,7,53,"40,00",2,1,0,1,31,0,0,0,"1381,45",10,0,1,202005,0,5,"1381,45"
202005,3,35,355030,J,6204000,1,317205,101,9,32,"44,00",3,1,0,1,20,0,0,0,"1100,00",6,0,1,202005,0,5,"1100,00"
202005,3,35,355030,J,6311900,-1,317210,101,9,29,"40,00",3,1,0,1,40,0,0,0,"1620,00",9,0,1,202005,0,5,"1620,00"
202005,4,43,430676,J,6209100,-1,212420,101,9,27,"44,00",1,1,0,1,40,0,0,0,"3434,81",10,0,1,202005,0,5,"3434,81"
202005,3,31,313760,J,6311900,1,212405,101,9,34,"44,00",6,3,0,1,20,0,0,0,"1500,00",4,0,1,202005,0,5,"1500,00"
202005,4,42,421190,J,6201501,1,212405,101,9,42,"44,00",1,1,0,1,20,0,0,0,"4080,00",7,0,1,202005,0,5,"4080,00"
202005,2,23,230100,J,6204000,-1,212405,101,8,28,"40,00",6,1,0,1,40,0,0,0,"5253,50",5,0,1,202005,0,5,"5253,50"
202005,3,35,355030,J,6204000,1,317110,101,9,27,"44,00",3,1,0,1,20,0,0,0,"5000,00",2,0,1,202005,0,5,"5000,00"
202005,3,35,350570,J,6203100,-1,212420,101,7,32,"44,00",3,3,0,1,40,0,0,0,"2100,00",2,0,1,202005,0,5,"2100,00"
202005,5,53,530010,J,6204000,1,212410,101,9,38,"40,00",3,1,0,1,20,0,0,0,"8000,00",1,0,1,202005,0,5,"8000,00"
202005,3,35,350160,J,6202300,1,212420,101,7,33,"44,00",3,3,0,1,20,0,0,0,"1401,00",4,0,1,202005,0,5,"1401,00"
202005,4,41,411840,J,6203100,-1,317110,101,7,22,"44,00",6,1,0,1,40,0,0,0,"1269,40",3,0,1,202005,0,5,"1269,40"
202005,4,43,431020,J,6202300,1,317110,101,10,26,"44,00",6,1,0,1,10,0,0,0,"2020,14",4,0,1,202005,0,5,"2020,14"
202005,3,35,355030,J,6201501,1,212405,101,9,34,"45,75",6,1,0,1,20,0,0,0,"3187,52",6,0,1,202005,0,5,"3187,52"
202005,3,35,355030,J,6204000,-1,212405,101,7,33,"40,00",1,1,0,1,40,0,0,0,"1620,00",10,0,1,202005,0,5,"1620,00"
202005,4,42,420910,J,6201501,-1,212420,101,8,22,"42,50",5,3,0,1,31,0,0,0,"2330,67",7,0,1,202005,0,5,"2330,67"
202005,4,43,431490,J,6209100,1,317210,101,8,29,"44,00",3,1,0,1,20,0,0,0,"1850,00",8,0,1,202005,0,5,"1850,00"
202005,3,33,330455,J,6204000,-1,212405,101,9,35,"40,00",3,1,0,1,40,0,0,0,"3000,00",5,0,1,202005,0,5,"3000,00"
202005,3,35,355030,J,6209100,-1,212405,101,8,28,"40,00",1,3,0,1,31,0,0,0,"2028,58",3,0,1,202005,0,5,"2028,58"
202005,3,33,330455,J,6203100,1,212420,101,9,32,"44,00",3,3,0,1,20,0,0,9,"1250,00",5,0,1,202005,0,5,"1250,00"
202005,3,35,355030,J,6202300,1,212405,101,9,53,"40,00",1,3,0,1,20,0,0,0,"8500,00",6,0,1,202005,0,5,"8500,00"
202005,4,42,420240,J,6201501,-1,317210,101,8,27,"40,00",1,1,0,1,31,0,0,0,"2441,56",8,0,1,202005,0,5,"2441,56"
202005,3,31,312230,J,6209100,1,317110,101,8,23,"40,00",2,1,0,1,20,0,0,0,"1045,00",5,0,1,202005,0,5,"1045,00"
202005,5,53,530010,J,6201501,1,212405,101,11,49,"40,00",1,3,0,1,20,0,0,0,"7600,00",10,0,1,202005,0,5,"7600,00"
202005,4,43,430210,J,6209100,1,317210,101,7,24,"40,00",6,1,0,1,20,0,0,0,"1947,00",7,0,1,202005,0,5,"1947,00"
202005,4,43,430210,J,6209100,1,317210,101,80,34,"40,00",6,3,0,1,20,0,0,0,"1947,00",7,0,1,202005,0,5,"1947,00"
202005,3,35,354730,J,6204000,-1,212405,101,9,37,"40,00",1,1,0,1,31,0,0,0,"18687,09",9,0,1,202005,0,5,"18687,09"
202005,5,53,530010,J,6201501,-1,142520,101,80,40,"44,00",1,3,0,1,40,0,0,0,"6000,00",8,0,1,202005,0,5,"6000,00"
202005,3,31,317020,J,6201501,1,212405,101,8,25,"36,00",1,3,0,1,20,0,0,0,"2500,00",8,0,1,202005,0,5,"2500,00"
202005,3,35,352690,J,6203100,1,212420,101,7,21,"44,00",6,1,0,1,20,0,0,0,"1689,34",4,0,1,202005,0,5,"1689,34"
202005,3,31,310620,J,6204000,-1,212405,101,9,39,"40,00",3,1,0,1,31,0,0,0,"3459,58",6,0,1,202005,0,5,"3459,58"
202005,3,35,350570,J,6203100,1,212405,101,8,26,"40,00",2,1,0,1,20,0,0,0,"8200,00",9,0,1,202005,0,5,"8200,00"
202005,3,35,355030,J,6202300,1,212405,101,9,27,"40,00",3,3,0,1,20,0,0,0,"5500,00",6,0,1,202005,0,5,"5500,00"
202005,4,41,411370,J,6209100,-1,212405,101,9,31,"40,00",3,1,0,1,40,0,0,0,"4705,00",8,0,1,202005,0,5,"4705,00"
202005,3,35,355030,J,6204000,1,212405,101,9,32,"44,00",3,1,0,1,20,0,0,9,"11000,00",10,0,1,202005,0,5,"11000,00"
202005,4,41,411520,J,6201501,-1,317110,101,9,33,"44,00",1,1,0,1,40,0,0,0,"7000,00",8,0,1,202005,0,5,"7000,00"
202005,3,35,355030,J,6209100,1,212405,101,9,25,"40,00",3,1,0,1,20,0,0,0,"6500,00",5,0,1,202005,0,5,"6500,00"
202005,3,35,355030,J,6201502,1,317110,101,7,30,"40,00",2,1,0,1,20,0,0,0,"10500,00",5,0,1,202005,0,5,"10500,00"
202005,3,35,350570,J,6204000,-1,212405,101,9,51,"40,00",3,1,0,1,31,0,0,0,"2500,00",5,0,1,202005,0,5,"2500,00"
202005,2,26,261160,J,6202300,1,317110,101,80,32,"40,00",3,1,0,1,20,0,0,0,"6323,20",8,0,1,202005,0,5,"6323,20"
202005,5,53,530010,J,6203100,1,212405,101,9,44,"40,00",6,3,0,1,20,0,0,0,"9168,49",7,0,1,202005,0,5,"9168,49"
202005,3,35,350570,J,6202300,1,212405,101,9,38,"40,00",1,1,0,1,20,0,0,0,"9000,00",9,0,1,202005,0,5,"9000,00"
202005,4,42,420240,J,6202300,1,212405,101,8,19,"40,00",1,1,0,1,10,0,0,0,"2181,00",9,0,1,202005,0,5,"2181,00"
202005,5,51,510340,J,6202300,-1,212405,101,7,42,"44,00",3,1,0,1,31,0,0,0,"2886,73",7,0,1,202005,0,5,"2886,73"
202005,3,35,355030,J,6201501,1,142520,101,80,51,"40,00",1,1,0,1,20,0,0,0,"9500,00",10,0,1,202005,0,5,"9500,00"
202005,3,33,330455,J,6209100,-1,317210,101,7,21,"40,00",1,1,0,1,31,0,0,0,"1381,44",8,0,1,202005,0,5,"1381,44"
202005,3,35,355030,J,6204000,-1,212405,101,80,58,"40,00",1,1,0,1,31,0,0,0,"7669,13",7,0,1,202005,0,5,"7669,13"
202005,3,35,355030,J,6203100,1,212405,101,9,22,"40,00",1,3,0,1,10,0,0,0,"4012,63",6,0,1,202005,0,5,"4012,63"
202005,3,31,313760,J,6311900,1,212405,101,9,25,"44,00",1,1,0,1,20,0,0,0,"4600,00",4,0,1,202005,0,5,"4600,00"
202005,4,43,431440,J,6203100,-1,212420,101,9,23,"44,00",1,1,0,1,40,0,0,0,"1600,00",6,0,1,202005,0,5,"1600,00"
202005,3,35,354730,J,6209100,1,212305,101,9,31,"30,00",3,1,0,1,20,0,0,0,"5000,00",10,0,1,202005,0,5,"5000,00"
202005,3,35,355030,J,6201501,1,212420,101,8,26,"40,00",1,1,0,1,20,0,0,0,"3146,26",7,0,1,202005,0,5,"3146,26"
202005,3,35,350570,J,6201501,1,212405,101,8,41,"40,00",1,1,0,1,20,0,0,0,"1679,54",7,0,1,202005,0,5,"1679,54"
202005,3,35,355030,J,6204000,1,212405,101,7,39,"40,00",1,1,0,1,20,0,0,0,"14000,00",10,0,1,202005,0,5,"14000,00"
202005,3,33,330455,J,6204000,1,317110,101,8,33,"40,00",2,1,0,1,20,0,0,0,"5000,00",9,0,1,202005,0,5,"5000,00"
202005,2,23,230765,J,6209100,-1,317210,101,8,30,"44,00",3,1,0,1,31,0,0,0,"1050,00",2,0,1,202005,0,5,"1050,00"
202005,3,35,355030,J,6204000,-1,212405,101,9,31,"40,00",1,1,0,1,40,0,0,0,"5737,05",2,0,1,202005,0,5,"5737,05"
202005,4,41,411520,J,6203100,1,317110,101,9,32,"44,00",1,1,0,1,20,0,0,0,"4035,00",5,0,1,202005,0,5,"4035,00"
202005,3,31,310620,J,6204000,1,212420,101,9,37,"36,00",6,1,0,1,20,0,0,0,"1770,34",6,0,1,202005,0,5,"1770,34"
202005,3,35,350570,J,6202300,1,212420,101,7,39,"40,00",1,1,0,1,20,0,0,0,"10000,00",9,0,1,202005,0,5,"10000,00"
202005,3,31,317020,J,6203100,-1,317110,101,9,25,"44,00",1,1,0,1,40,0,0,0,"3520,00",8,0,1,202005,0,5,"3520,00"
202005,3,35,350950,J,6204000,-1,212405,101,80,49,"40,00",1,1,0,1,31,0,0,0,"3857,58",10,0,1,202005,0,5,"3857,58"
202005,3,35,355030,J,6209100,1,212410,101,9,36,"40,00",1,3,0,1,20,0,0,0,"8000,00",1,0,1,202005,0,5,"8000,00"
202005,4,42,420910,J,6203100,-1,212405,101,9,31,"42,00",1,1,0,1,40,0,0,0,"7650,00",9,0,1,202005,0,5,"7650,00"
202005,5,53,530010,J,6204000,1,142520,101,80,51,"40,00",1,1,0,1,20,0,0,0,"10000,00",9,0,1,202005,0,5,"10000,00"
202005,3,35,355030,J,6201501,1,142520,101,7,49,"40,00",3,3,0,1,20,0,0,0,"9848,66",10,0,1,202005,0,5,"9848,66"
202005,3,31,310620,J,6204000,-1,212420,101,7,33,"40,00",3,1,0,1,31,0,0,0,"1385,00",7,0,1,202005,0,5,"1385,00"
202005,3,35,355030,J,6204000,-1,212405,101,80,59,"40,00",1,1,0,1,31,0,0,0,"14858,14",5,0,1,202005,0,5,"14858,14"
202005,4,41,412550,J,6203100,-1,317110,101,9,23,"40,00",6,3,0,1,31,0,0,0,"3500,00",7,0,1,202005,0,5,"3500,00"
202005,3,35,355030,J,6201501,-1,317110,101,9,26,"40,00",1,1,0,1,40,0,0,0,"3078,90",10,0,1,202005,0,5,"3078,90"
202005,3,35,355030,J,6202300,-1,317110,101,9,26,"44,00",1,1,0,1,90,0,0,0,"3200,00",3,0,1,202005,0,5,"3200,00"
202005,3,35,354870,J,6204000,-1,212405,101,9,24,"40,00",3,1,0,1,43,0,0,0,"3900,00",10,0,1,202005,0,5,"3900,00"
202005,4,42,420540,J,6203100,-1,317110,101,9,30,"44,00",1,1,0,1,40,0,0,0,"14538,18",9,0,1,202005,0,5,"14538,18"
202005,5,53,530010,J,6203100,-1,317110,101,9,32,"44,00",3,1,0,1,40,0,0,0,"6528,00",8,0,1,202005,0,5,"6528,00"
202005,3,35,350570,J,6201501,-1,317110,101,80,30,"40,00",6,3,0,1,31,0,0,0,"3800,00",3,0,1,202005,0,5,"3800,00"
202005,3,35,355030,J,6203100,1,212405,101,8,25,"40,00",2,1,0,1,10,0,0,0,"3516,62",6,0,1,202005,0,5,"3516,62"
202005,3,31,310620,J,6204000,1,212420,101,8,59,"40,00",1,1,0,1,20,0,0,0,"2500,00",7,0,1,202005,0,5,"2500,00"
202005,2,23,230440,J,6204000,1,317210,101,7,21,"44,00",3,3,0,1,20,0,0,9,"1450,36",9,0,1,202005,0,5,"1450,36"
202005,3,35,350570,J,6201501,1,212405,101,9,27,"40,00",1,1,0,1,20,0,0,0,"2000,00",8,0,1,202005,0,5,"2000,00"
202005,5,53,530010,J,6204000,-1,212410,101,7,33,"40,00",3,1,0,1,43,0,0,0,"6124,93",1,0,1,202005,0,5,"6124,93"
202005,4,41,412550,J,6203100,-1,317110,101,9,25,"40,00",3,1,0,1,31,0,0,0,"3600,00",7,0,1,202005,0,5,"3600,00"
202005,3,35,354730,J,6204000,-1,142515,101,80,39,"40,00",3,1,0,1,31,0,0,0,"15793,73",9,0,1,202005,0,5,"15793,73"
202005,4,41,410690,J,6203100,1,317110,101,7,22,"40,00",1,1,0,1,20,0,0,0,"1650,00",3,0,1,202005,0,5,"1650,00"
202005,4,41,410690,J,6201501,-1,212405,101,8,60,"40,00",1,1,0,1,40,0,0,0,"3091,00",6,0,1,202005,0,5,"3091,00"
202005,3,33,330040,J,6201501,1,212405,101,9,31,"44,00",1,3,0,1,20,0,0,0,"6000,00",6,0,1,202005,0,5,"6000,00"
202005,3,35,355030,J,6204000,1,212405,101,7,18,"40,00",2,1,0,1,20,0,0,0,"2200,00",10,0,1,202005,0,5,"2200,00"
202005,4,41,410690,J,6204000,1,212405,101,9,27,"40,00",1,1,0,1,20,0,0,0,"4500,00",3,0,1,202005,0,5,"4500,00"
202005,3,35,350570,J,6203100,1,212405,101,9,34,"40,00",1,1,0,1,20,0,0,0,"8500,00",9,0,1,202005,0,5,"8500,00"
202005,3,31,310620,J,6209100,-1,317210,101,9,24,"40,00",6,3,0,1,31,0,0,0,"1269,52",7,0,1,202005,0,5,"1269,52"
202005,4,42,420910,J,6201501,-1,317110,101,8,22,"42,50",1,1,0,1,43,0,0,0,"2666,00",8,0,1,202005,0,5,"2666,00"
202005,4,43,431490,J,6201501,1,317110,101,9,27,"44,00",2,1,0,1,20,0,0,0,"3739,19",6,0,1,202005,0,5,"3739,19"
202005,3,31,310620,J,6204000,1,212405,101,9,28,"40,00",3,1,0,1,20,0,0,0,"6563,70",7,0,1,202005,0,5,"6563,70"
202005,3,35,350570,J,6204000,-1,142520,101,80,30,"40,00",1,3,0,1,31,0,0,0,"5198,56",6,0,1,202005,0,5,"5198,56"
202005,3,32,320470,J,6201501,-1,317110,101,9,28,"44,00",3,1,0,1,31,0,0,0,"3121,20",5,0,1,202005,0,5,"3121,20"
202005,3,35,355030,J,6201501,1,317110,101,9,19,"40,00",1,1,0,1,20,0,0,0,"4500,00",6,0,1,202005,0,5,"4500,00"
202005,5,53,530010,J,6201501,1,212420,101,9,33,"40,00",3,1,0,1,20,0,0,0,"1400,00",10,0,1,202005,0,5,"1400,00"
202005,3,35,355030,J,6201501,-1,212405,101,9,56,"40,00",5,1,0,1,31,0,0,0,"5000,00",6,0,1,202005,0,5,"5000,00"
202005,4,42,420240,J,6201501,1,212205,101,9,38,"44,00",6,1,0,1,20,0,0,0,"7942,46",6,0,1,202005,0,5,"7942,46"
202005,3,35,355030,J,6203100,-1,142510,101,80,43,"40,00",1,1,0,1,31,0,0,0,"21020,29",8,0,1,202005,0,5,"21020,29"
202005,3,33,330455,J,6209100,-1,317210,101,9,52,"36,00",3,1,0,1,31,0,0,0,"1300,00",8,0,1,202005,0,5,"1300,00"
202005,2,29,292740,J,6204000,1,317205,101,9,29,"40,00",3,3,0,1,20,0,0,0,"1800,00",6,0,1,202005,0,5,"1800,00"
202005,4,43,431265,J,6209100,-1,317105,101,7,30,"44,00",1,1,0,1,40,0,0,0,"2180,00",3,0,1,202005,0,5,"2180,00"
202005,3,31,317010,J,6209100,-1,317210,101,9,34,"43,00",3,3,0,1,31,0,0,0,"3194,03",5,0,1,202005,0,5,"3194,03"
202005,3,35,355030,J,6201501,1,212405,101,9,26,"40,00",1,1,0,1,20,0,0,0,"5000,00",4,0,1,202005,0,5,"5000,00"
202005,3,33,330455,J,6204000,1,317110,101,9,24,"44,00",1,1,0,1,20,0,0,9,"4500,00",8,0,1,202005,0,5,"4500,00"
202005,3,35,354780,J,6209100,-1,212405,101,80,37,"40,00",1,1,0,1,31,0,0,0,"6416,80",6,0,1,202005,0,5,"6416,80"
202005,3,35,354340,J,6201501,-1,212420,101,9,41,"40,00",1,3,0,1,31,0,0,0,"3039,96",5,0,1,202005,0,5,"3039,96"
202005,4,42,420420,J,6209100,-1,212420,101,7,35,"44,00",1,1,0,1,31,0,0,0,"1790,00",7,0,1,202005,0,5,"1790,00"
202005,3,35,350570,J,6201501,-1,317205,101,9,31,"40,00",1,1,0,1,31,0,0,0,"2461,21",9,0,1,202005,0,5,"2461,21"
202005,3,35,355030,J,6204000,1,212405,101,8,35,"40,00",3,1,0,1,20,0,0,0,"11000,00",7,0,1,202005,0,5,"11000,00"
202005,3,35,355030,J,6204000,-1,212405,101,8,24,"40,00",1,1,0,1,40,0,0,0,"1620,00",10,0,1,202005,0,5,"1620,00"
202005,3,35,355030,J,6209100,1,212420,101,9,39,"40,00",1,1,0,1,20,0,0,0,"1688,00",8,0,1,202005,0,5,"1688,00"
202005,5,53,530010,J,6209100,1,212410,101,8,24,"44,00",1,1,0,1,20,0,0,0,"1350,00",4,0,1,202005,0,5,"1350,00"
202005,3,35,355030,J,6201501,-1,212410,101,9,23,"40,00",1,3,0,1,31,0,0,0,"2079,00",4,0,1,202005,0,5,"2079,00"
202005,3,35,355030,J,6201501,-1,212405,101,9,27,"40,00",1,1,0,1,40,0,0,0,"4778,31",9,0,1,202005,0,5,"4778,31"
202005,3,35,355030,J,6203100,1,317210,101,9,27,"40,00",1,1,0,1,20,0,0,0,"6500,00",6,0,1,202005,0,5,"6500,00"
202005,4,43,431870,J,6204000,1,212405,101,9,35,"40,00",1,1,0,1,10,0,0,0,"12672,00",10,0,1,202005,0,5,"12672,00"
202005,4,42,420700,J,6202300,-1,212405,101,80,28,"44,00",1,3,0,1,40,0,0,0,"5026,33",5,0,1,202005,0,5,"5026,33"
202005,3,35,355030,J,6209100,1,212420,101,8,21,"44,00",1,3,0,1,20,0,0,9,"4795,77",10,0,1,202005,0,5,"4795,77"
202005,3,33,330455,J,6204000,1,142520,101,9,47,"40,00",1,1,0,1,20,0,0,0,"7300,00",9,0,1,202005,0,5,"7300,00"
202005,3,35,350950,J,6201501,1,142520,101,9,33,"40,00",2,1,0,1,20,0,0,0,"11533,00",10,0,1,202005,0,5,"11533,00"
202005,3,35,355030,J,6201501,-1,142520,101,9,54,"40,00",1,1,0,1,31,0,0,0,"12143,66",10,0,1,202005,0,5,"12143,66"
202005,5,53,530010,J,6203100,-1,212405,101,80,30,"40,00",3,3,0,1,40,0,0,0,"5464,52",8,0,1,202005,0,5,"5464,52"
202005,3,35,350570,J,6201501,-1,212405,101,9,51,"40,00",3,3,0,1,31,0,0,0,"10617,60",9,0,1,202005,0,5,"10617,60"
202005,3,35,355030,J,6204000,1,212420,101,7,23,"40,00",1,1,0,1,20,0,0,0,"4532,37",4,0,1,202005,0,5,"4532,37"
202005,4,41,410690,J,6204000,-1,212405,101,9,24,"40,00",1,3,0,1,31,0,0,0,"1832,00",7,0,1,202005,0,5,"1832,00"
202005,3,31,310620,J,6202300,-1,212205,101,10,33,"40,00",6,1,0,1,40,0,0,0,"5393,33",8,0,1,202005,0,5,"5393,33"
202005,3,33,330455,J,6209100,1,212405,101,9,27,"40,00",1,1,0,1,20,0,0,0,"8500,00",6,0,1,202005,0,5,"8500,00"
202005,3,31,310620,J,6204000,1,212420,101,7,26,"36,00",4,1,0,1,20,0,0,0,"2500,00",7,0,1,202005,0,5,"2500,00"
202005,3,35,350320,J,6204000,1,212405,101,9,33,"40,00",3,1,0,1,20,0,0,0,"6674,86",8,0,1,202005,0,5,"6674,86"
202005,4,41,410690,J,6202300,-1,212405,101,9,23,"40,00",1,1,0,1,40,0,0,0,"4500,00",6,0,1,202005,0,5,"4500,00"
202005,3,35,354870,J,6203100,-1,317210,101,7,20,"40,00",3,1,0,1,31,0,0,0,"1768,57",5,0,1,202005,0,5,"1768,57"
202005,2,27,270430,J,6201501,-1,317110,101,9,22,"44,00",1,1,0,1,40,0,0,0,"3120,00",5,0,1,202005,0,5,"3120,00"
202005,3,35,355030,J,6311900,1,212405,101,9,32,"40,00",2,1,0,1,20,0,0,0,"11500,00",8,0,1,202005,0,5,"11500,00"
202005,3,35,355030,J,6203100,1,212405,101,80,28,"40,00",1,1,0,1,20,0,0,0,"9000,00",7,0,1,202005,0,5,"9000,00"
202005,3,33,330455,J,6209100,1,317210,101,7,40,"40,00",3,1,0,1,20,0,0,0,"1550,00",8,0,1,202005,0,5,"1550,00"
202005,3,35,355030,J,6202300,1,212405,101,9,37,"40,00",1,3,0,1,20,0,0,0,"8500,00",6,0,1,202005,0,5,"8500,00"
202005,3,35,355030,J,6204000,1,212405,101,9,26,"44,00",1,1,0,1,20,0,0,9,"5500,00",10,0,1,202005,0,5,"5500,00"
202005,3,35,355030,J,6204000,1,317105,101,8,34,"40,00",1,3,0,1,20,0,0,0,"3200,00",4,0,1,202005,0,5,"3200,00"
202005,3,35,355030,J,6201501,1,212405,101,8,26,"40,00",1,1,0,1,20,0,0,0,"7000,00",10,0,1,202005,0,5,"7000,00"
202005,3,35,355030,J,6311900,1,212405,101,8,23,"40,00",1,1,0,1,20,0,0,0,"4212,97",5,0,1,202005,0,5,"4212,97"
202005,3,35,355030,J,6209100,-1,212420,101,9,31,"36,00",6,1,0,1,40,0,0,0,"1500,00",8,0,1,202005,0,5,"1500,00"
202005,4,43,431180,J,6203100,1,317110,101,9,27,"44,00",1,1,0,1,20,0,0,0,"2600,00",5,0,1,202005,0,5,"2600,00"
202005,3,35,355030,J,6203100,1,317210,101,9,45,"40,00",1,1,0,1,20,0,0,0,"4000,00",6,0,1,202005,0,5,"4000,00"
202005,4,42,420240,J,6203100,1,212405,101,9,31,"44,00",1,1,0,1,20,0,0,0,"6000,00",4,0,1,202005,0,5,"6000,00"
202005,3,32,320530,J,6209100,-1,212420,101,80,46,"56,00",1,1,0,1,40,0,0,0,"2200,00",7,0,1,202005,0,5,"2200,00"
202005,3,35,355030,J,6201501,1,317110,101,8,27,"40,00",1,1,0,1,20,0,0,0,"6259,28",7,0,1,202005,0,5,"6259,28"
202005,3,31,310620,J,6209100,1,212405,101,9,35,"37,50",6,1,0,1,20,0,0,0,"5718,63",9,0,1,202005,0,5,"5718,63"
202005,5,53,530010,J,6209100,1,212405,101,9,43,"44,00",3,1,0,1,20,0,0,0,"1220,99",6,0,1,202005,0,5,"1220,99"
202005,3,35,352690,J,6202300,-1,212420,101,9,28,"40,00",1,1,0,1,40,0,0,0,"3510,53",7,0,1,202005,0,5,"3510,53"
202005,3,35,355030,J,6202300,-1,212405,101,9,49,"40,00",3,3,0,1,31,0,0,0,"1675,56",3,0,1,202005,0,5,"1675,56"
202005,3,35,355030,J,6204000,-1,212420,101,9,42,"40,00",1,1,0,1,31,0,0,0,"6000,00",3,0,1,202005,0,5,"6000,00"
202005,3,35,350570,J,6201501,1,212415,101,9,59,"40,00",1,1,0,1,20,0,0,0,"2606,73",7,0,1,202005,0,5,"2606,73"
202005,3,35,350570,J,6201501,-1,212405,101,9,64,"40,00",4,1,0,1,31,0,0,0,"3000,00",8,0,1,202005,0,5,"3000,00"
202005,3,35,350570,J,6202300,1,212415,101,7,40,"40,00",3,1,0,1,20,0,0,0,"3500,00",7,0,1,202005,0,5,"3500,00"
202005,3,35,355030,J,6201501,-1,212405,101,9,30,"40,00",3,3,0,1,40,0,0,0,"4700,00",8,0,1,202005,0,5,"4700,00"
202005,3,35,351620,J,6209100,-1,212215,101,9,24,"44,00",1,1,0,1,40,0,0,9,"2298,56",3,0,1,202005,0,5,"2298,56"
202005,3,35,354730,J,6209100,-1,212420,101,9,35,"36,00",1,1,0,1,40,0,0,0,"1816,11",6,0,1,202005,0,5,"1816,11"
202005,3,35,355030,J,6201501,-1,317110,101,8,23,"40,00",1,1,0,1,40,0,0,0,"1620,00",8,0,1,202005,0,5,"1620,00"
202005,3,32,320530,J,6209100,-1,317210,101,8,31,"40,00",3,1,0,1,31,0,0,0,"1375,68",6,0,1,202005,0,5,"1375,68"
202005,5,53,530010,J,6201501,1,212405,101,9,44,"44,00",3,1,0,1,20,2,0,0,"2558,92",10,0,1,202005,0,5,"2558,92"
202005,3,35,350950,J,6204000,-1,212405,101,11,56,"40,00",3,1,0,1,40,0,0,0,"8000,00",10,0,1,202005,0,5,"8000,00"
202005,4,41,411370,J,6202300,-1,317110,101,8,22,"40,00",1,1,0,1,31,0,0,0,"2200,00",3,0,1,202005,0,5,"2200,00"
202005,3,35,355030,J,6203100,-1,142520,101,80,33,"44,00",1,3,0,1,40,0,0,9,"7545,00",7,0,1,202005,0,5,"7545,00"
202005,4,43,430510,J,6203100,-1,317110,101,8,21,"44,00",1,3,0,1,31,0,0,0,"1400,00",3,0,1,202005,0,5,"1400,00"
202005,5,53,530010,J,6209100,1,212405,101,9,22,"44,00",3,3,0,1,20,0,0,0,"5400,00",8,0,1,202005,0,5,"5400,00"
202005,4,42,420910,J,6201501,-1,317110,101,9,24,"42,50",1,1,0,1,31,0,0,0,"6630,00",7,0,1,202005,0,5,"6630,00"
202005,3,35,354730,J,6209100,-1,317205,101,9,29,"36,00",3,1,0,1,90,0,0,0,"1322,77",10,0,1,202005,0,5,"1322,77"
202005,4,43,431490,J,6311900,-1,212405,101,9,28,"40,00",1,3,0,1,40,0,0,0,"2100,00",7,0,1,202005,0,5,"2100,00"
202005,3,35,350570,J,6204000,-1,212420,101,9,32,"40,00",6,3,0,1,31,0,0,0,"3000,00",4,0,1,202005,0,5,"3000,00"
202005,3,35,350570,J,6203100,1,212405,101,80,30,"40,00",1,1,0,1,20,0,0,0,"17000,00",9,0,1,202005,0,5,"17000,00"
202005,3,35,355030,J,6201501,-1,212405,101,9,26,"40,00",3,1,0,1,40,0,0,0,"5750,00",5,0,1,202005,0,5,"5750,00"
202005,4,43,431490,J,6202300,-1,317110,101,9,23,"40,00",1,1,0,1,40,0,0,0,"2389,70",7,0,1,202005,0,5,"2389,70"
202005,3,35,350950,J,6202300,1,212405,101,7,25,"40,00",1,1,0,1,20,0,0,0,"9000,00",8,0,1,202005,0,5,"9000,00"
202005,4,43,431490,J,6201501,1,212405,101,9,34,"40,00",1,1,0,1,20,0,0,0,"8200,00",7,0,1,202005,0,5,"8200,00"
202005,3,35,355030,J,6201501,1,212410,101,9,24,"40,00",2,1,0,1,20,0,0,0,"1675,56",9,0,1,202005,0,5,"1675,56"
202005,2,29,292740,J,6201501,1,212205,101,9,31,"44,00",3,1,0,1,20,0,0,0,"5500,00",5,0,1,202005,0,5,"5500,00"
202005,4,43,431490,J,6201501,-1,212405,101,10,30,"44,00",1,1,0,1,40,0,0,0,"9343,72",6,0,1,202005,0,5,"9343,72"
202005,3,35,355030,J,6204000,-1,142520,101,9,41,"44,00",1,3,0,1,40,0,0,9,"7984,62",10,0,1,202005,0,5,"7984,62"
202005,3,35,350950,J,6203100,-1,212405,101,7,23,"40,00",3,1,0,1,40,0,0,0,"7000,00",5,0,1,202005,0,5,"7000,00"
202005,4,42,420540,J,6203100,-1,142520,101,9,28,"44,00",1,3,0,1,31,0,0,0,"8000,00",9,0,1,202005,0,5,"8000,00"
202005,3,35,355030,J,6204000,1,212405,101,80,28,"40,00",1,3,0,1,20,0,0,0,"8000,00",6,0,1,202005,0,5,"8000,00"
202005,3,35,355030,J,6201501,1,212405,101,9,28,"40,00",1,3,0,1,20,0,0,0,"5500,00",8,0,1,202005,0,5,"5500,00"
202005,3,33,330455,J,6201501,-1,212405,101,9,31,"40,00",1,1,0,1,31,0,0,0,"1280,00",1,0,1,202005,0,5,"1280,00"
202005,4,43,431490,J,6201501,1,317110,101,9,30,"40,00",1,1,0,1,20,0,0,0,"8000,00",8,0,1,202005,0,5,"8000,00"
202005,3,35,355700,J,6201501,1,212405,101,8,22,"40,00",1,1,0,1,20,0,0,0,"3000,00",6,0,1,202005,0,5,"3000,00"
202005,3,31,310620,J,6204000,-1,212405,101,8,41,"40,00",3,1,0,1,31,0,0,0,"5535,32",6,0,1,202005,0,5,"5535,32"
202005,3,35,354870,J,6202300,1,317110,101,8,19,"40,00",1,1,0,1,20,0,0,0,"3080,10",5,0,1,202005,0,5,"3080,10"
202005,3,35,350950,J,6201501,1,212205,101,9,38,"44,00",1,1,0,1,20,0,0,9,"10318,00",10,0,1,202005,0,5,"10318,00"
202005,4,43,430210,J,6202300,-1,317110,101,8,26,"44,00",1,1,0,1,43,0,0,0,"3700,00",5,0,1,202005,0,5,"3700,00"
202005,3,35,355220,J,6204000,-1,317210,101,8,24,"40,00",1,3,0,1,40,0,0,0,"2100,00",5,0,1,202005,0,5,"2100,00"
202005,2,29,292740,J,6204000,-1,212405,101,9,31,"40,00",6,1,0,1,43,0,0,0,"7000,00",9,0,1,202005,0,5,"7000,00"
202005,3,35,355030,J,6201501,-1,212405,101,9,38,"40,00",1,3,0,1,31,0,0,0,"10126,75",9,0,1,202005,0,5,"10126,75"
202005,5,53,530010,J,6203100,1,212405,101,9,38,"44,00",1,1,0,1,20,0,0,0,"8501,00",8,0,1,202005,0,5,"8501,00"
202005,3,35,355030,J,6311900,1,212420,101,9,34,"40,00",3,1,0,1,20,0,0,0,"8000,00",6,0,1,202005,0,5,"8000,00"
202005,3,35,355030,J,6201501,1,317110,101,9,30,"40,00",3,1,0,1,20,0,0,0,"7100,00",6,0,1,202005,0,5,"7100,00"
202005,3,35,355030,J,6204000,-1,212405,101,9,28,"40,00",1,3,0,1,40,0,0,0,"7546,98",6,0,1,202005,0,5,"7546,98"
202005,5,53,530010,J,6202300,1,212420,101,9,24,"44,00",6,1,0,1,20,0,0,0,"1791,20",4,0,1,202005,0,5,"1791,20"
202005,3,35,355030,J,6209100,-1,317105,101,9,25,"40,00",4,1,0,1,40,0,0,0,"3408,95",4,0,1,202005,0,5,"3408,95"
202005,3,35,355030,J,6311900,-1,317210,101,6,28,"36,00",1,3,0,1,40,0,0,0,"1587,00",6,0,1,202005,0,5,"1587,00"
202005,3,35,355030,J,6311900,-1,212405,101,9,28,"44,00",1,1,0,1,43,0,0,0,"3800,00",4,0,1,202005,0,5,"3800,00"
202005,4,42,421660,J,6209100,-1,317210,101,80,36,"36,00",3,1,0,1,40,0,0,0,"2833,60",8,0,1,202005,0,5,"2833,60"
202005,3,33,330455,J,6203100,-1,317210,101,8,22,"40,00",3,1,0,1,40,0,0,0,"1608,40",5,0,1,202005,0,5,"1608,40"
202005,3,35,355030,J,6201501,-1,212405,101,9,30,"40,00",3,1,0,1,40,0,0,0,"8210,40",10,0,1,202005,0,5,"8210,40"
202005,3,35,355030,J,6201501,1,317110,101,9,35,"40,00",3,1,0,1,20,0,0,0,"8593,51",10,0,1,202005,0,5,"8593,51"
202005,4,41,411520,J,6201501,-1,212405,101,8,21,"44,00",1,1,0,1,40,0,0,0,"1420,00",5,0,1,202005,0,5,"1420,00"
202005,3,35,355030,J,6203100,-1,212405,101,8,33,"44,00",1,1,0,1,40,0,0,0,"2500,00",4,0,1,202005,0,5,"2500,00"
202005,3,35,355030,J,6201501,1,212405,101,8,30,"40,00",2,1,0,1,20,0,0,0,"5500,00",10,0,1,202005,0,5,"5500,00"
202005,3,35,355030,J,6201501,-1,212405,101,9,34,"40,00",3,3,0,1,40,0,0,0,"4200,00",5,0,1,202005,0,5,"4200,00"
202005,3,35,355030,J,6201501,-1,212405,101,9,27,"40,00",1,3,0,1,31,0,0,0,"5000,00",8,0,1,202005,0,5,"5000,00"
202005,3,35,355030,J,6209100,1,212420,101,9,28,"40,00",6,1,0,1,20,0,0,0,"2042,00",2,0,1,202005,0,5,"2042,00"
202005,3,35,350950,J,6201501,1,212420,101,9,27,"40,00",1,1,0,1,20,0,0,0,"4752,00",8,0,1,202005,0,5,"4752,00"
202005,3,31,310620,J,6204000,-1,212420,101,80,46,"40,00",3,1,0,1,31,0,0,0,"5593,77",10,0,1,202005,0,5,"5593,77"
202005,3,31,310620,J,6201501,-1,212405,101,80,33,"40,00",3,3,0,1,40,0,0,0,"6636,54",6,0,1,202005,0,5,"6636,54"
202005,4,41,412550,J,6203100,-1,212410,101,7,26,"40,00",2,1,0,1,31,0,0,0,"1680,00",7,0,1,202005,0,5,"1680,00"
202005,2,29,292740,J,6202300,-1,212420,101,9,44,"44,00",6,3,0,1,31,0,0,0,"4578,75",5,0,1,202005,0,5,"4578,75"
202005,3,35,350570,J,6201501,-1,212405,101,8,25,"40,00",1,1,0,1,40,0,0,0,"3000,00",7,0,1,202005,0,5,"3000,00"
202005,3,35,355030,J,6209100,-1,317210,101,7,33,"36,00",1,3,0,1,31,0,0,0,"1462,41",9,0,1,202005,0,5,"1462,41"
202005,3,35,350600,J,6201501,-1,317110,101,9,21,"40,00",6,1,0,1,31,0,0,0,"1759,56",6,0,1,202005,0,5,"1759,56"
202005,4,41,411370,J,6311900,-1,317110,101,7,28,"40,00",6,1,0,1,31,0,0,0,"1744,00",7,0,1,202005,0,5,"1744,00"
202005,3,35,350950,J,6204000,-1,212410,101,9,38,"44,00",1,1,0,1,31,0,0,0,"5000,00",5,0,1,202005,0,5,"5000,00"
202005,4,41,411850,J,6209100,1,317110,101,8,18,"44,00",1,1,0,1,20,0,0,0,"1600,00",4,0,1,202005,0,5,"1600,00"
202005,5,50,500270,J,6203100,-1,317205,101,7,36,"36,00",1,1,0,1,32,0,0,0,"1180,00",9,0,1,202005,0,5,"1180,00"
202005,3,35,352440,J,6209100,-1,212405,101,9,35,"40,00",1,1,0,1,40,0,0,0,"2007,70",5,0,1,202005,0,5,"2007,70"
202005,4,42,420910,J,6203100,-1,212420,101,7,29,"44,00",1,1,0,1,43,0,0,0,"1800,00",4,0,1,202005,0,5,"1800,00"
202005,5,53,530010,J,6201501,1,212405,101,11,40,"40,00",3,3,0,1,20,0,0,0,"8000,00",10,0,1,202005,0,5,"8000,00"
202005,4,42,420240,J,6201501,-1,317110,101,8,23,"44,00",1,1,0,1,31,0,0,0,"2589,96",10,0,1,202005,0,5,"2589,96"
202005,5,53,530010,J,6204000,1,317110,101,7,29,"40,00",6,1,0,1,20,0,0,0,"9500,00",7,0,1,202005,0,5,"9500,00"
202005,3,35,350950,J,6202300,1,212405,101,8,27,"40,00",1,1,0,1,20,0,0,0,"6500,00",8,0,1,202005,0,5,"6500,00"
202005,4,41,411520,J,6203100,-1,317110,101,9,33,"40,00",1,1,0,1,40,0,0,0,"5500,00",6,0,1,202005,0,5,"5500,00"
202005,3,35,353440,J,6311900,1,317210,101,5,21,"36,00",6,1,0,1,20,0,0,0,"1211,39",8,0,1,202005,0,5,"1211,39"
202005,4,42,420420,J,6201501,-1,317210,101,7,19,"44,00",1,1,0,1,31,0,0,0,"1500,00",3,0,1,202005,0,5,"1500,00"
202005,3,33,330455,J,6204000,-1,212420,101,7,34,"40,00",3,1,0,1,31,0,0,0,"1995,47",5,0,1,202005,0,5,"1995,47"
202005,2,26,261160,J,6311900,-1,317210,101,7,33,"40,00",3,1,0,1,31,0,0,0,"1421,85",7,0,1,202005,0,5,"1421,85"
202005,3,33,330455,J,6204000,-1,317110,101,7,21,"40,00",2,1,0,1,40,0,0,0,"2500,00",5,0,1,202005,0,5,"2500,00"
202005,3,35,355030,J,6201501,1,212420,101,8,26,"40,00",6,1,0,1,20,0,0,0,"4500,00",9,0,1,202005,0,5,"4500,00"
202005,3,35,355030,J,6201501,-1,317110,101,9,23,"40,00",3,1,0,1,40,0,0,0,"8311,31",10,0,1,202005,0,5,"8311,31"
202005,3,35,352050,J,6209100,-1,317105,101,9,34,"44,00",1,1,0,1,31,0,0,0,"1800,00",2,0,1,202005,0,5,"1800,00"
202005,5,53,530010,J,6209100,-1,212320,101,9,35,"40,00",2,1,0,1,40,0,0,0,"10500,00",7,0,1,202005,0,5,"10500,00"
202005,3,35,350950,J,6201501,1,212410,101,9,36,"40,00",1,3,0,1,20,0,0,0,"4830,00",8,0,1,202005,0,5,"4830,00"
202005,3,33,330100,J,6201501,1,212405,101,9,25,"40,00",1,1,0,1,20,0,0,0,"1850,00",9,0,1,202005,0,5,"1850,00"
202005,3,35,355030,J,6209100,1,212405,101,9,29,"40,00",2,1,0,1,20,0,0,0,"10800,00",5,0,1,202005,0,5,"10800,00"
202005,3,35,355030,J,6204000,1,212405,101,9,33,"44,00",1,3,0,1,20,0,0,9,"4000,00",10,0,1,202005,0,5,"4000,00"
202005,4,42,420460,J,6202300,1,212420,101,10,40,"44,00",1,3,0,1,20,0,0,0,"4772,31",6,0,1,202005,0,5,"4772,31"
202005,2,29,293050,J,6202300,1,317205,101,7,19,"44,00",6,1,0,1,20,0,0,0,"1045,00",2,0,1,202005,0,5,"1045,00"
202005,3,35,355030,J,6203100,-1,212405,101,9,30,"40,00",3,1,0,1,40,0,0,0,"4146,00",7,0,1,202005,0,5,"4146,00"
202005,3,33,330455,J,6204000,1,212405,101,9,37,"18,67",1,1,0,1,20,0,0,0,"3453,03",7,0,1,202005,0,5,"3453,03"
202005,3,31,310620,J,6201501,-1,212405,101,9,39,"44,00",1,1,0,1,40,0,0,0,"13942,80",7,0,1,202005,0,5,"13942,80"
202005,3,35,355670,J,6201501,-1,212405,101,80,46,"44,00",1,1,0,1,31,0,0,0,"8500,00",5,0,1,202005,0,5,"8500,00"
202005,3,35,350570,J,6201501,-1,212405,101,9,32,"40,00",1,1,0,1,40,0,0,0,"5619,60",10,0,1,202005,0,5,"5619,60"
202005,3,35,355030,J,6209100,-1,212410,101,8,38,"44,00",1,1,0,1,31,0,0,0,"3546,00",5,0,1,202005,0,5,"3546,00"
202005,3,31,317020,J,6204000,-1,317110,101,9,28,"40,00",3,1,0,1,40,0,0,0,"2163,54",8,0,1,202005,0,5,"2163,54"
202005,3,35,355030,J,6201501,-1,212420,101,7,29,"40,00",1,1,0,1,40,0,0,0,"2188,38",6,0,1,202005,0,5,"2188,38"
202005,3,33,330455,J,6204000,-1,212405,101,9,28,"40,00",1,3,0,1,43,0,0,0,"2110,00",5,0,1,202005,0,5,"2110,00"
202005,3,35,355030,J,6201501,-1,317110,101,7,42,"40,00",1,1,0,1,40,0,0,0,"4000,31",6,0,1,202005,0,5,"4000,31"
202005,4,42,420890,J,6311900,1,317205,101,8,22,"44,00",6,3,0,1,20,0,0,0,"1391,00",5,0,1,202005,0,5,"1391,00"
202005,3,35,350950,J,6204000,1,317210,101,9,25,"36,00",1,1,0,1,20,0,0,0,"1510,00",10,0,1,202005,0,5,"1510,00"
202005,5,53,530010,J,6203100,-1,212405,101,9,38,"44,00",1,1,0,1,40,0,0,0,"11048,31",7,0,1,202005,0,5,"11048,31"
202005,3,35,352470,J,6201501,-1,317210,101,9,51,"44,00",3,1,0,1,43,0,0,0,"1539,43",10,0,1,202005,0,5,"1539,43"
202005,3,35,354730,J,6204000,-1,212405,101,9,36,"40,00",1,1,0,1,31,0,0,0,"13862,48",9,0,1,202005,0,5,"13862,48"
202005,3,35,350570,J,6201501,-1,212405,101,9,28,"40,00",3,1,0,1,31,0,0,0,"4000,00",7,0,1,202005,0,5,"4000,00"
202005,4,43,431490,J,6203100,-1,212205,101,9,31,"44,00",1,1,0,1,40,0,0,0,"10000,00",6,0,1,202005,0,5,"10000,00"
202005,3,35,354730,J,6209100,1,317205,101,9,35,"36,00",3,1,0,1,20,0,0,0,"1200,00",10,0,1,202005,0,5,"1200,00"
202005,3,35,350950,J,6204000,-1,212320,101,9,33,"36,00",3,1,0,1,40,0,0,0,"3025,73",10,0,1,202005,0,5,"3025,73"
202005,5,51,510340,J,6201501,-1,212405,101,9,31,"40,00",1,3,0,1,31,0,0,0,"2500,00",5,0,1,202005,0,5,"2500,00"
202005,3,35,355030,J,6201501,-1,212420,101,9,42,"40,00",1,1,0,1,31,0,0,0,"8029,87",7,0,1,202005,0,5,"8029,87"
202005,3,35,355030,J,6204000,1,212405,101,8,24,"40,00",6,1,0,1,20,0,0,0,"3000,00",4,0,1,202005,0,5,"3000,00"
202005,3,35,355030,J,6204000,1,317110,101,10,27,"44,00",2,3,0,1,20,0,0,9,"2800,00",10,0,1,202005,0,5,"2800,00"
202005,3,35,355030,J,6201501,1,212405,101,9,25,"40,00",3,1,0,1,20,0,0,0,"6000,00",8,0,1,202005,0,5,"6000,00"
202005,3,35,355030,J,6311900,1,212405,101,9,23,"40,00",3,3,0,1,20,0,0,0,"6986,00",1,0,1,202005,0,5,"6986,00"
202005,5,51,510622,J,6202300,-1,212405,101,9,24,"44,00",6,1,0,1,40,0,0,0,"2500,00",7,0,1,202005,0,5,"2500,00"
202005,2,29,292740,J,6311900,-1,317210,101,7,33,"40,00",3,1,0,1,31,0,0,0,"1204,60",7,0,1,202005,0,5,"1204,60"
202005,3,35,350570,J,6209100,-1,212405,101,9,35,"44,00",3,1,0,1,31,0,0,0,"5431,11",2,0,1,202005,0,5,"5431,11"
202005,4,41,410690,J,6201501,-1,317210,101,7,33,"40,00",1,1,0,1,31,0,0,0,"2004,43",2,0,1,202005,0,5,"2004,43"
202005,4,42,420540,J,6203100,-1,212405,101,9,30,"44,00",1,1,0,1,40,0,0,0,"5750,00",9,0,1,202005,0,5,"5750,00"
202005,4,43,431490,J,6201501,-1,212405,101,8,47,"44,00",6,1,0,1,31,0,0,0,"4500,00",6,0,1,202005,0,5,"4500,00"
202005,4,41,411520,J,6201501,-1,317110,101,8,22,"44,00",1,3,0,1,40,0,0,0,"3500,00",8,0,1,202005,0,5,"3500,00"
202005,3,35,354980,J,6201501,-1,212420,101,9,35,"44,00",6,1,0,1,43,0,0,0,"1900,00",2,0,1,202005,0,5,"1900,00"
202005,2,25,250400,J,6209100,1,317205,101,7,18,"44,00",3,1,0,1,20,0,0,0,"1045,00",3,0,1,202005,0,5,"1045,00"
202005,3,35,350950,J,6201501,-1,142520,101,9,29,"40,00",1,1,0,1,40,0,0,0,"15851,00",10,0,1,202005,0,5,"15851,00"
202005,4,41,410690,J,6201501,-1,212405,101,9,21,"40,00",1,1,0,1,43,0,0,0,"4500,00",7,0,1,202005,0,5,"4500,00"
202005,3,31,310620,J,6204000,-1,212405,101,9,26,"44,00",1,1,0,1,40,0,0,0,"3234,76",6,0,1,202005,0,5,"3234,76"
202005,3,31,310620,J,6204000,1,317110,101,9,33,"44,00",3,1,0,1,20,0,0,0,"4500,00",4,0,1,202005,0,5,"4500,00"
202005,3,35,355030,J,6201501,-1,212405,101,11,56,"40,00",1,1,0,1,40,0,0,0,"8940,20",10,0,1,202005,0,5,"8940,20"
202005,4,43,431490,J,6201501,-1,212415,101,8,33,"44,00",1,1,0,1,43,0,0,0,"3275,87",8,0,1,202005,0,5,"3275,87"
202005,3,35,350950,J,6201501,-1,212210,101,9,26,"40,00",1,1,0,1,40,0,0,0,"7251,00",10,0,1,202005,0,5,"7251,00"
202005,3,32,320530,J,6209100,-1,317210,101,8,27,"40,00",6,1,0,1,31,0,0,0,"1574,56",7,0,1,202005,0,5,"1574,56"
202005,4,43,430510,J,6203100,-1,212315,101,9,39,"44,00",1,1,0,1,31,0,0,9,"4205,00",7,0,1,202005,0,5,"4205,00"
202005,4,41,411520,J,6201501,-1,317110,101,9,25,"40,00",1,1,0,1,40,0,0,0,"3863,40",1,0,1,202005,0,5,"3863,40"
202005,3,35,355030,J,6201501,1,317110,101,9,39,"40,00",1,1,0,1,20,0,0,0,"4371,35",6,0,1,202005,0,5,"4371,35"
202005,4,43,431490,J,6202300,-1,212420,101,8,25,"40,00",1,3,0,1,40,0,0,0,"1500,00",7,0,1,202005,0,5,"1500,00"
202005,3,33,330455,J,6201501,1,212405,101,8,29,"40,00",3,1,0,1,20,0,0,0,"2214,70",6,0,1,202005,0,5,"2214,70"
202005,3,31,310620,J,6201501,1,212405,101,9,32,"44,00",2,1,0,1,20,0,0,0,"12500,00",7,0,1,202005,0,5,"12500,00"
202005,4,43,431490,J,6202300,-1,212405,101,9,30,"44,00",6,3,0,1,40,0,0,0,"4220,87",6,0,1,202005,0,5,"4220,87"
202005,4,43,430700,J,6201501,1,317110,101,7,24,"42,50",1,1,0,1,20,0,0,0,"1500,00",3,0,1,202005,0,5,"1500,00"
202005,3,31,317150,J,6201501,-1,212410,101,9,23,"44,00",6,1,0,1,40,0,0,0,"2000,00",8,0,1,202005,0,5,"2000,00"
202005,3,35,355030,J,6202300,-1,212405,101,9,26,"40,00",3,1,0,1,31,0,0,0,"7000,00",1,0,1,202005,0,5,"7000,00"
202005,3,35,350950,J,6201501,-1,212315,101,9,29,"40,00",1,3,0,1,40,0,0,0,"5000,00",6,0,1,202005,0,5,"5000,00"
202005,3,35,355030,J,6311900,-1,142520,101,9,42,"40,00",1,1,0,1,31,0,0,0,"12000,00",7,0,1,202005,0,5,"12000,00"
202005,3,35,350570,J,6201501,1,212405,101,9,48,"40,00",3,1,0,1,20,0,0,0,"3000,00",8,0,1,202005,0,5,"3000,00"
202005,4,42,420540,J,6201501,1,317110,101,80,34,"40,00",3,1,0,1,20,0,0,0,"7300,00",3,0,1,202005,0,5,"7300,00"
202005,4,41,410140,J,6209100,1,212420,101,8,23,"44,00",1,3,0,1,20,0,0,0,"1355,20",6,0,1,202005,0,5,"1355,20"
202005,3,35,355030,J,6202300,-1,317110,101,8,26,"40,00",6,1,0,1,40,0,0,0,"2377,86",6,0,1,202005,0,5,"2377,86"
202005,3,32,320530,J,6201501,-1,212410,101,9,32,"40,00",3,1,0,1,31,0,0,0,"3729,71",6,0,1,202005,0,5,"3729,71"
202005,3,35,355030,J,6203100,-1,212405,101,9,48,"40,00",3,1,0,1,31,0,0,0,"3129,56",8,0,1,202005,0,5,"3129,56"
202005,3,35,355030,J,6203100,1,317210,101,8,23,"40,00",1,1,0,1,20,0,0,0,"4153,84",6,0,1,202005,0,5,"4153,84"
202005,3,33,330455,J,6201501,-1,212420,101,9,37,"40,00",1,1,0,1,40,0,0,0,"6157,20",6,0,1,202005,0,5,"6157,20"
202005,3,35,354890,J,6203100,-1,212205,101,9,24,"40,00",1,1,0,1,40,0,0,0,"7000,00",7,0,1,202005,0,5,"7000,00"
202005,3,35,355030,J,6203100,-1,212420,101,9,49,"40,00",1,3,0,1,31,0,0,0,"2278,36",8,0,1,202005,0,5,"2278,36"
202005,4,41,411850,J,6203100,-1,212420,101,7,31,"42,50",6,1,0,1,43,0,0,0,"2200,00",5,0,1,202005,0,5,"2200,00"
202005,4,43,431870,J,6204000,1,317110,101,8,26,"40,00",1,1,0,1,20,0,0,0,"1800,00",8,0,1,202005,0,5,"1800,00"
202005,4,43,431490,J,6201501,-1,317210,101,8,37,"40,00",2,1,0,1,31,0,0,0,"2000,00",8,0,1,202005,0,5,"2000,00"
202005,5,53,530010,J,6201501,1,212205,101,11,39,"40,00",2,1,0,1,20,0,0,0,"14000,00",10,0,1,202005,0,5,"14000,00"
202005,5,53,530010,J,6201501,-1,212405,101,8,40,"44,00",6,1,0,1,40,0,0,0,"8500,00",7,0,1,202005,0,5,"8500,00"
202005,4,43,431490,J,6201501,-1,317110,101,9,31,"40,00",4,1,0,1,40,0,0,0,"4300,00",8,0,1,202005,0,5,"4300,00"
202005,5,53,530010,J,6202300,1,212420,101,9,37,"44,00",6,3,0,1,20,0,0,0,"1791,20",4,0,1,202005,0,5,"1791,20"
202005,5,51,510790,J,6202300,-1,317110,101,8,44,"44,00",1,1,0,1,31,0,0,0,"4900,00",3,0,1,202005,0,5,"4900,00"
202005,3,35,355030,J,6311900,-1,212405,101,8,26,"44,00",2,1,0,1,40,0,0,0,"4297,36",9,0,1,202005,0,5,"4297,36"
202005,3,33,330455,J,6204000,-1,317110,101,8,53,"40,00",3,1,0,1,31,0,0,0,"6844,15",9,0,1,202005,0,5,"6844,15"
202005,3,35,354730,J,6209100,-1,212405,101,9,40,"40,00",1,1,0,1,31,0,0,0,"12718,44",9,0,1,202005,0,5,"12718,44"
202005,3,33,330455,J,6204000,-1,212310,101,9,39,"40,00",3,1,0,1,31,0,0,0,"2506,09",9,0,1,202005,0,5,"2506,09"
202005,3,35,350950,J,6209100,-1,212405,101,9,40,"40,00",1,1,0,1,40,0,0,0,"12068,00",8,0,1,202005,0,5,"12068,00"
202005,2,29,292740,J,6202300,-1,212405,101,9,34,"44,00",6,3,0,1,31,0,0,0,"2042,00",5,0,1,202005,0,5,"2042,00"
202005,5,53,530010,J,6201501,1,212305,101,80,27,"44,00",3,1,0,1,20,0,0,0,"2800,00",8,0,1,202005,0,5,"2800,00"
202005,3,31,310620,J,6204000,1,212420,101,7,24,"40,00",3,1,0,1,20,0,0,0,"1700,00",7,0,1,202005,0,5,"1700,00"
202005,2,25,250750,J,6202300,1,212405,101,9,36,"44,00",6,3,0,1,20,0,0,0,"4000,00",4,0,1,202005,0,5,"4000,00"
202005,3,35,355030,J,6311900,-1,317110,101,7,24,"35,00",1,1,0,1,40,0,0,0,"12875,00",5,0,1,202005,0,5,"12875,00"
202005,3,33,330455,J,6201501,-1,212405,101,9,30,"40,00",1,3,0,1,40,0,0,0,"4548,15",8,0,1,202005,0,5,"4548,15"
202005,3,33,330515,J,6209100,1,317210,101,7,26,"44,00",6,1,0,1,20,0,0,0,"3000,00",3,0,1,202005,0,5,"3000,00"
202005,3,35,355030,J,6201501,1,212405,101,9,32,"40,00",3,1,0,1,20,0,0,0,"12000,00",8,0,1,202005,0,5,"12000,00"
202005,3,33,330455,J,6204000,-1,212405,101,9,29,"40,00",1,1,0,1,40,0,0,0,"2500,00",5,0,1,202005,0,5,"2500,00"
202005,3,35,350570,J,6201501,1,317205,101,9,27,"40,00",1,1,0,1,20,0,0,0,"11500,00",9,0,1,202005,0,5,"11500,00"
202005,1,15,150553,J,6204000,-1,212310,101,9,28,"40,00",3,1,0,1,31,0,0,0,"2800,00",5,0,1,202005,0,5,"2800,00"
202005,3,31,310620,J,6201501,-1,142510,101,10,33,"40,00",1,1,0,1,31,0,0,0,"13429,42",9,0,1,202005,0,5,"13429,42"
202005,3,35,355030,J,6201501,-1,212405,101,8,57,"40,00",6,3,0,1,31,0,0,0,"6139,80",10,0,1,202005,0,5,"6139,80"
202005,4,43,431490,J,6209100,1,212420,101,8,25,"40,00",1,1,0,1,20,0,0,0,"2100,00",5,0,1,202005,0,5,"2100,00"
202005,3,35,355030,J,6202300,-1,212420,101,7,44,"40,00",6,1,0,1,40,0,0,0,"2182,37",7,0,1,202005,0,5,"2182,37"
202005,3,35,355030,J,6201501,1,212405,101,9,28,"40,00",3,3,0,1,20,0,0,0,"5000,00",7,0,1,202005,0,5,"5000,00"
202005,3,35,355030,J,6201501,1,212405,101,9,23,"40,00",1,1,0,1,20,0,0,0,"10500,00",7,0,1,202005,0,5,"10500,00"
202005,3,35,355030,J,6204000,-1,212420,101,9,30,"44,00",1,3,0,1,40,0,0,9,"5218,85",10,0,1,202005,0,5,"5218,85"
202005,2,29,292740,J,6311900,-1,317210,101,9,43,"40,00",1,1,0,1,31,0,0,0,"1182,46",7,0,1,202005,0,5,"1182,46"
202005,3,35,355030,J,6202300,-1,212405,101,9,22,"44,00",6,1,0,1,31,0,0,0,"2500,00",5,0,1,202005,0,5,"2500,00"
202005,4,43,431490,J,6203100,1,212420,101,7,21,"40,00",1,1,0,1,20,0,0,0,"1880,00",7,0,1,202005,0,5,"1880,00"
202005,3,35,355030,J,6204000,1,212405,101,9,32,"44,00",1,1,0,1,20,0,0,9,"7500,00",10,0,1,202005,0,5,"7500,00"
202005,5,53,530010,J,6201501,1,317110,101,9,32,"40,00",1,1,0,1,20,0,0,0,"7500,00",7,0,1,202005,0,5,"7500,00"
202005,3,35,355030,J,6204000,-1,212420,101,9,28,"40,00",1,1,0,1,31,0,0,0,"1620,00",10,0,1,202005,0,5,"1620,00"
202005,3,33,330455,J,6311900,-1,212405,101,9,58,"40,00",1,1,0,1,31,0,0,0,"9377,61",8,0,1,202005,0,5,"9377,61"
202005,3,32,320530,J,6209100,1,212405,101,9,33,"40,00",4,1,0,1,20,0,0,0,"5800,00",9,0,1,202005,0,5,"5800,00"
202005,3,35,355030,J,6311900,-1,212420,101,9,35,"40,00",1,1,0,1,40,0,0,0,"5877,94",9,0,1,202005,0,5,"5877,94"
202005,3,35,355030,J,6204000,-1,212405,101,9,35,"40,00",2,3,0,1,31,0,0,0,"4292,59",10,0,1,202005,0,5,"4292,59"
202005,3,35,355670,J,6311900,-1,212420,101,9,43,"40,00",6,3,0,1,31,0,0,0,"2075,00",7,0,1,202005,0,5,"2075,00"
202005,4,43,430850,J,6209100,-1,317210,101,9,26,"44,00",1,1,0,1,40,0,0,0,"1300,00",3,0,1,202005,0,5,"1300,00"
202005,3,31,310620,J,6209100,1,317205,101,7,31,"44,00",1,3,0,1,20,0,0,0,"1188,57",10,0,1,202005,0,5,"1188,57"
202005,5,50,500370,J,6203100,-1,212420,101,7,19,"44,00",6,3,0,1,40,0,0,0,"1130,00",5,0,1,202005,0,5,"1130,00"
202005,3,35,355030,J,6209100,-1,317210,101,9,34,"40,00",1,1,0,1,31,0,0,0,"1763,07",7,0,1,202005,0,5,"1763,07"
202005,4,41,410480,J,6202300,1,212420,101,8,22,"44,00",6,1,0,1,20,0,0,0,"1269,40",1,0,1,202005,0,5,"1269,40"
202005,3,31,310620,J,6209100,1,317205,101,9,26,"44,00",1,3,0,1,20,0,0,0,"1188,57",10,0,1,202005,0,5,"1188,57"
202005,5,53,530010,J,6203100,1,212405,101,80,29,"44,00",3,1,0,1,20,0,0,0,"5877,00",8,0,1,202005,0,5,"5877,00"
202005,3,35,355030,J,6201501,1,142520,101,9,48,"40,00",3,3,0,1,20,0,0,0,"14500,00",10,0,1,202005,0,5,"14500,00"
202005,3,35,354880,J,6202300,1,212320,101,7,29,"40,00",1,1,0,1,20,0,0,0,"5000,00",7,0,1,202005,0,5,"5000,00"
202005,3,35,355030,J,6204000,1,212405,101,9,27,"44,00",1,3,0,1,20,0,0,9,"4000,00",10,0,1,202005,0,5,"4000,00"
202005,3,35,355030,J,6204000,-1,212420,101,80,45,"40,00",6,3,0,1,40,0,0,0,"9022,50",7,0,1,202005,0,5,"9022,50"
202005,3,35,350950,J,6203100,-1,212405,101,80,31,"40,00",6,1,0,1,40,0,0,0,"3654,56",7,0,1,202005,0,5,"3654,56"
202005,3,35,355030,J,6201501,-1,317110,101,9,42,"40,00",1,1,0,1,40,0,0,0,"9315,00",10,0,1,202005,0,5,"9315,00"
202005,4,43,431140,J,6203100,-1,317110,101,8,27,"42,50",1,1,0,1,40,0,0,0,"2579,89",6,0,1,202005,0,5,"2579,89"
202005,3,35,355030,J,6204000,-1,212405,101,9,24,"40,00",1,1,0,1,40,0,0,0,"8500,00",6,0,1,202005,0,5,"8500,00"
202005,5,53,530010,J,6201501,1,212405,101,11,58,"40,00",3,3,0,1,20,0,0,0,"8000,00",10,0,1,202005,0,5,"8000,00"
202005,3,35,350570,J,6201501,1,212420,101,9,34,"40,00",1,1,0,1,20,0,0,0,"3000,00",8,0,1,202005,0,5,"3000,00"
202005,2,29,292740,J,6201501,1,212405,101,80,29,"40,00",1,1,0,1,20,0,0,0,"5910,00",8,0,1,202005,0,5,"5910,00"
202005,4,42,421660,J,6209100,-1,317205,101,8,22,"43,69",1,1,0,1,31,0,0,0,"1700,00",2,0,1,202005,0,5,"1700,00"
202005,3,35,355030,J,6204000,1,212405,101,9,35,"40,00",3,1,0,1,20,0,0,0,"6000,00",7,0,1,202005,0,5,"6000,00"
202005,3,35,355030,J,6204000,1,317110,101,8,20,"44,00",4,1,0,1,20,0,0,9,"3500,00",10,0,1,202005,0,5,"3500,00"
202005,2,26,261160,J,6311900,-1,317210,101,7,30,"40,00",3,1,0,1,31,0,0,0,"1407,65",7,0,1,202005,0,5,"1407,65"
202005,3,35,350570,J,6203100,-1,212405,101,9,37,"40,00",1,3,0,1,31,0,0,0,"2460,00",6,0,1,202005,0,5,"2460,00"
202005,3,33,330455,J,6209100,-1,212410,101,9,37,"40,00",6,1,0,1,31,0,0,0,"7500,00",5,0,1,202005,0,5,"7500,00"
202005,5,53,530010,J,6202300,1,317105,101,8,20,"44,00",6,1,0,1,20,0,0,0,"1500,00",1,0,1,202005,0,5,"1500,00"
202005,3,35,350950,J,6204000,1,212405,101,11,29,"40,00",1,3,0,1,20,0,0,0,"9000,00",6,0,1,202005,0,5,"9000,00"
202005,3,35,355030,J,6201501,-1,142520,101,9,46,"40,00",3,3,0,1,40,0,0,0,"10536,21",9,0,1,202005,0,5,"10536,21"
202005,2,26,261160,J,6203100,1,317110,101,8,22,"40,00",6,1,0,1,20,0,0,0,"2146,52",6,0,1,202005,0,5,"2146,52"
202005,3,31,310620,J,6204000,1,212405,101,8,33,"40,00",3,1,0,1,20,0,0,0,"4800,00",7,0,1,202005,0,5,"4800,00"
202005,3,35,355030,J,6201502,1,317110,101,7,22,"40,00",1,1,0,1,10,0,0,0,"7000,00",5,0,1,202005,0,5,"7000,00"
202005,4,41,410690,J,6209100,1,212420,101,8,21,"40,00",3,1,0,1,20,0,0,0,"1500,00",2,0,1,202005,0,5,"1500,00"
202005,3,35,350570,J,6201501,-1,317205,101,9,25,"40,00",2,3,0,1,31,0,0,0,"2498,63",9,0,1,202005,0,5,"2498,63"
202005,3,35,355030,J,6204000,-1,212405,101,9,31,"44,00",3,1,0,1,40,0,0,9,"8424,50",10,0,1,202005,0,5,"8424,50"
202005,3,33,330330,J,6204000,1,317205,101,7,41,"36,00",1,1,0,1,20,0,0,0,"1198,00",5,0,1,202005,0,5,"1198,00"
202005,3,35,355670,J,6311900,-1,212405,101,7,55,"40,00",6,1,0,1,31,0,0,0,"3416,05",7,0,1,202005,0,5,"3416,05"
202005,4,41,410690,J,6204000,-1,212405,101,9,30,"40,00",1,1,0,1,43,0,0,0,"6000,00",1,0,1,202005,0,5,"6000,00"
202005,3,35,355030,J,6201501,-1,212405,101,8,21,"44,00",4,1,0,1,31,0,0,0,"2000,00",5,0,1,202005,0,5,"2000,00"
202005,3,35,355030,J,6204000,1,212415,101,9,30,"40,00",1,1,0,1,20,0,0,0,"4500,00",10,0,1,202005,0,5,"4500,00"
202005,3,33,330455,J,6201501,-1,212405,101,9,55,"40,00",3,3,0,1,40,0,0,0,"6980,91",8,0,1,202005,0,5,"6980,91"
202005,3,31,310620,J,6209100,1,212405,101,9,52,"37,50",6,1,0,1,20,0,0,0,"8028,06",9,0,1,202005,0,5,"8028,06"
202005,4,41,410720,J,6203100,-1,212420,101,8,24,"44,00",1,1,0,1,40,0,0,0,"2030,99",8,0,1,202005,0,5,"2030,99"
202005,4,41,410690,J,6209100,1,212405,101,8,24,"40,00",2,1,0,1,20,0,0,0,"1913,64",4,0,1,202005,0,5,"1913,64"
202005,3,33,330455,J,6201501,1,212205,101,8,41,"40,00",1,1,0,1,20,0,0,0,"6215,00",7,0,1,202005,0,5,"6215,00"
202005,3,35,355030,J,6201501,-1,212410,101,9,61,"40,00",1,3,0,1,31,0,0,0,"7725,74",10,0,1,202005,0,5,"7725,74"
202005,3,31,310620,J,6201501,-1,212210,101,8,35,"40,00",1,1,0,1,31,0,0,0,"7847,00",8,0,1,202005,0,5,"7847,00"
202005,4,42,420540,J,6202300,1,212405,101,7,38,"44,00",3,1,0,1,20,0,0,0,"3290,00",4,0,1,202005,0,5,"3290,00"
202005,2,23,230440,J,6203100,-1,317110,101,9,31,"40,00",3,1,0,1,31,0,0,0,"5200,88",8,0,1,202005,0,5,"5200,88"
202005,4,41,412550,J,6202300,1,317110,101,8,20,"44,00",1,1,0,1,20,0,0,9,"1321,67",4,0,1,202005,0,5,"1321,67"
202005,3,35,355030,J,6203100,-1,212315,101,9,30,"40,00",1,1,0,1,31,0,0,0,"3875,24",4,0,1,202005,0,5,"3875,24"
202005,3,32,320530,J,6201501,-1,212405,101,9,26,"40,00",3,1,0,1,31,0,0,0,"1950,00",7,0,1,202005,0,5,"1950,00"
202005,5,53,530010,J,6204000,1,212320,101,9,22,"44,00",1,1,0,1,20,0,0,0,"2000,00",4,0,1,202005,0,5,"2000,00"
202005,3,31,310620,J,6204000,-1,317110,101,7,33,"40,00",3,1,0,1,31,0,0,0,"4428,12",10,0,1,202005,0,5,"4428,12"
202005,3,35,355030,J,6204000,1,142520,101,9,47,"40,00",1,1,0,1,20,0,0,0,"25000,00",10,0,1,202005,0,5,"25000,00"
202005,4,43,431490,J,6202300,-1,317110,101,9,44,"40,00",1,1,0,1,43,0,0,0,"5235,00",3,0,1,202005,0,5,"5235,00"
202005,3,35,350950,J,6202300,1,212420,101,9,24,"40,00",1,3,0,1,20,0,0,0,"2000,00",7,0,1,202005,0,5,"2000,00"
202005,4,41,411520,J,6203100,-1,212420,101,9,34,"44,00",1,1,0,1,40,0,0,0,"2155,12",7,0,1,202005,0,5,"2155,12"
202005,3,35,355030,J,6203100,-1,212405,101,9,47,"40,00",1,3,0,1,31,0,0,0,"5486,40",8,0,1,202005,0,5,"5486,40"
202005,3,35,355030,J,6209100,-1,142520,101,9,28,"40,00",3,3,0,1,40,0,0,0,"9000,00",5,0,1,202005,0,5,"9000,00"
202005,3,35,355030,J,6203100,-1,212405,101,9,34,"40,00",1,1,0,1,40,0,0,0,"6832,00",7,0,1,202005,0,5,"6832,00"
202005,3,35,355030,J,6204000,1,212405,101,8,55,"40,00",1,1,0,1,20,0,0,0,"2235,45",6,0,1,202005,0,5,"2235,45"
202005,5,53,530010,J,6203100,-1,142515,101,80,62,"44,00",3,1,0,1,31,1,0,0,"17757,35",7,0,1,202005,0,5,"17757,35"
202005,3,35,355030,J,6201501,1,212405,101,9,28,"40,00",1,1,0,1,20,0,0,0,"8600,00",10,0,1,202005,0,5,"8600,00"
202005,4,43,431490,J,6311900,1,317110,101,9,33,"40,00",1,1,0,1,20,0,0,0,"10900,00",7,0,1,202005,0,5,"10900,00"
202005,3,32,320530,J,6201501,-1,212405,101,9,33,"40,00",3,3,0,1,31,0,0,0,"3250,00",7,0,1,202005,0,5,"3250,00"
202005,4,43,431490,J,6204000,-1,142520,101,9,45,"44,00",1,3,0,1,31,0,0,0,"4882,06",3,0,1,202005,0,5,"4882,06"
202005,4,43,431490,J,6202300,-1,317110,101,8,22,"40,00",1,1,0,1,40,0,0,0,"3601,00",6,0,1,202005,0,5,"3601,00"
202005,3,33,330455,J,6209100,-1,212405,101,7,33,"40,00",6,1,0,1,40,0,0,0,"4000,00",5,0,1,202005,0,5,"4000,00"
202005,3,35,355030,J,6204000,1,212405,101,9,37,"40,00",4,1,0,1,20,0,0,0,"10214,88",6,0,1,202005,0,5,"10214,88"
202005,4,42,420910,J,6203100,-1,317110,101,9,26,"20,00",1,1,0,1,40,0,0,1,"1500,00",2,0,1,202005,0,5,"1500,00"
202005,3,33,330330,J,6201501,1,212405,101,80,44,"56,00",1,3,0,1,20,0,0,0,"9500,00",7,0,1,202005,0,5,"9500,00"
202005,3,35,355030,J,6209100,-1,142520,101,9,45,"40,00",1,1,0,1,31,0,0,0,"14680,60",6,0,1,202005,0,5,"14680,60"
202005,4,42,420910,J,6203100,-1,212405,101,9,23,"42,00",1,1,0,1,40,0,0,0,"5059,67",9,0,1,202005,0,5,"5059,67"
202005,3,35,355030,J,6203100,-1,212405,101,9,42,"40,00",1,1,0,1,40,0,0,0,"2100,00",6,0,1,202005,0,5,"2100,00"
202005,3,31,314800,J,6209100,-1,317210,101,9,24,"44,00",3,1,0,1,31,0,0,0,"1300,00",4,0,1,202005,0,5,"1300,00"
202005,2,24,240810,J,6209100,-1,317210,101,7,26,"44,00",6,1,0,1,31,0,0,0,"1225,38",5,0,1,202005,0,5,"1225,38"
202005,3,35,353440,J,6201501,-1,212405,101,9,29,"40,00",3,1,0,1,31,0,0,0,"7000,00",9,0,1,202005,0,5,"7000,00"
202005,3,35,355030,J,6209100,-1,212410,101,7,27,"40,00",3,1,0,1,31,0,0,0,"3056,39",8,0,1,202005,0,5,"3056,39"
202005,3,33,330455,J,6201501,1,212420,101,8,27,"40,00",6,1,0,1,20,0,0,0,"2475,60",6,0,1,202005,0,5,"2475,60"
202005,5,51,510340,J,6202300,1,212420,101,9,25,"44,00",6,1,0,1,20,0,0,0,"2404,73",5,0,1,202005,0,5,"2404,73"
202005,3,35,354980,J,6202300,-1,212310,101,9,37,"40,00",1,1,0,1,40,0,0,0,"3739,99",5,0,1,202005,0,5,"3739,99"
202005,3,35,350950,J,6209100,1,212405,101,9,27,"40,00",1,3,0,1,20,0,0,0,"6228,00",8,0,1,202005,0,5,"6228,00"
202005,4,43,431180,J,6203100,-1,317110,101,8,21,"44,00",1,1,0,1,31,0,0,9,"2600,00",5,0,1,202005,0,5,"2600,00"
202005,3,35,355030,J,6204000,1,212305,101,10,44,"44,00",1,1,0,1,20,0,0,9,"10717,00",8,0,1,202005,0,5,"10717,00"
202005,4,41,411850,J,6203100,1,212420,101,9,24,"44,00",1,3,0,1,20,0,0,0,"2500,00",8,0,1,202005,0,5,"2500,00"
202005,3,35,355030,J,6204000,-1,212420,101,9,45,"40,00",1,1,0,1,31,0,0,0,"2615,70",10,0,1,202005,0,5,"2615,70"
202005,3,35,355220,J,6203100,-1,317205,101,9,28,"40,00",1,1,0,1,40,0,0,0,"6000,00",7,0,1,202005,0,5,"6000,00"
202005,3,35,354730,J,6209100,1,212405,101,9,39,"40,00",3,1,0,1,20,0,0,0,"6000,00",10,0,1,202005,0,5,"6000,00"
202005,4,42,421870,J,6203100,-1,212420,101,7,57,"44,00",1,1,0,1,31,0,0,0,"2367,84",5,0,1,202005,0,5,"2367,84"
202005,3,35,355030,J,6311900,-1,212410,101,9,28,"40,00",1,3,0,1,31,0,0,0,"2844,33",3,0,1,202005,0,5,"2844,33"
202005,4,43,431870,J,6202300,-1,212405,101,9,28,"44,00",1,3,0,1,40,0,0,0,"1734,00",8,0,1,202005,0,5,"1734,00"
202005,3,31,314480,J,6209100,-1,212405,101,7,43,"40,00",3,3,0,1,31,0,0,0,"1751,00",9,0,1,202005,0,5,"1751,00"
202005,2,29,292740,J,6204000,-1,317110,101,8,32,"40,00",3,1,0,1,40,0,0,0,"3600,00",6,0,1,202005,0,5,"3600,00"
202005,5,52,520140,J,6203100,-1,212420,101,9,40,"36,00",6,3,0,1,40,0,0,0,"1646,01",6,0,1,202005,0,5,"1646,01"
202005,3,35,350570,J,6204000,1,317110,101,9,38,"40,00",1,1,0,1,20,0,0,0,"6000,00",9,0,1,202005,0,5,"6000,00"
202005,3,31,310620,J,6204000,1,212420,101,9,31,"40,00",2,3,0,1,20,0,0,0,"2200,00",5,0,1,202005,0,5,"2200,00"
202005,3,31,310620,J,6311900,-1,212405,101,9,66,"40,00",1,1,0,1,31,0,0,0,"6397,50",5,0,1,202005,0,5,"6397,50"
202005,4,41,410690,J,6204000,-1,212405,101,9,29,"40,00",6,1,0,1,31,0,0,0,"4200,00",7,0,1,202005,0,5,"4200,00"
202005,3,35,355030,J,6209100,-1,212405,101,9,32,"48,00",6,1,0,1,31,0,0,0,"2308,70",4,0,1,202005,0,5,"2308,70"
202005,4,41,410840,J,6201501,1,317210,101,8,21,"44,00",1,3,0,1,20,0,0,0,"1389,53",5,0,1,202005,0,5,"1389,53"
202005,3,32,320530,J,6201501,-1,212405,101,9,34,"40,00",2,1,0,1,31,0,0,0,"5408,00",7,0,1,202005,0,5,"5408,00"
202005,3,35,355030,J,6201501,1,212405,101,8,33,"40,00",1,1,0,1,20,0,0,0,"7600,00",8,0,1,202005,0,5,"7600,00"
202005,3,35,354580,J,6201501,-1,317110,101,80,25,"44,00",1,1,0,1,40,0,0,9,"6667,05",5,0,1,202005,0,5,"6667,05"
202005,3,35,355030,J,6204000,-1,212405,101,9,62,"40,00",1,1,0,1,31,0,0,0,"13993,00",10,0,1,202005,0,5,"13993,00"
202005,3,35,350950,J,6202300,-1,212420,101,9,42,"40,00",1,1,0,1,40,0,0,0,"6000,00",7,0,1,202005,0,5,"6000,00"
202005,3,35,355030,J,6201501,-1,212405,101,9,35,"40,00",3,1,0,1,40,0,0,0,"4500,00",8,0,1,202005,0,5,"4500,00"
202005,2,23,230440,J,6204000,1,212405,101,7,20,"44,00",3,1,0,1,20,0,0,9,"1500,00",9,0,1,202005,0,5,"1500,00"
202005,3,33,330455,J,6209100,-1,317210,101,7,39,"40,00",3,1,0,1,31,0,0,0,"1381,44",8,0,1,202005,0,5,"1381,44"
202005,3,33,330330,J,6204000,1,317205,101,7,36,"45,00",1,1,0,1,20,0,0,0,"1198,00",5,0,1,202005,0,5,"1198,00"
202005,3,31,310620,J,6209100,1,317205,101,9,50,"44,00",1,3,0,1,20,0,0,0,"1188,57",10,0,1,202005,0,5,"1188,57"
202005,5,53,530010,J,6201501,-1,317210,101,9,25,"40,00",3,3,0,1,31,0,0,0,"1288,00",9,0,1,202005,0,5,"1288,00"
202005,3,35,355030,J,6201501,-1,212405,101,80,52,"40,00",1,3,0,1,31,0,0,0,"9600,00",10,0,1,202005,0,5,"9600,00"
202005,2,23,230440,J,6209100,-1,212405,101,9,30,"44,00",3,3,0,1,31,0,0,0,"2251,72",4,0,1,202005,0,5,"2251,72"
202005,3,35,355030,J,6311900,-1,212405,101,9,38,"40,00",1,1,0,1,31,0,0,0,"11097,00",1,0,1,202005,0,5,"11097,00"
202005,3,31,310620,J,6204000,1,212420,101,9,31,"40,00",1,1,0,1,20,0,0,0,"2500,00",7,0,1,202005,0,5,"2500,00"
202005,3,35,355030,J,6201501,-1,317110,101,8,38,"40,00",3,1,0,1,40,0,0,0,"6000,00",9,0,1,202005,0,5,"6000,00"
202005,4,41,411520,J,6203100,1,212420,101,8,25,"44,00",1,1,0,1,20,0,0,0,"1389,21",7,0,1,202005,0,5,"1389,21"
202005,4,43,431490,J,6201501,-1,317110,101,10,36,"40,00",1,1,0,1,40,0,0,0,"6198,32",8,0,1,202005,0,5,"6198,32"
202005,3,35,355030,J,6311900,-1,212420,101,9,29,"40,00",1,1,0,1,40,0,0,0,"3954,30",9,0,1,202005,0,5,"3954,30"
202005,3,35,350320,J,6204000,-1,212305,101,80,37,"40,00",1,1,0,1,31,0,0,0,"12348,50",8,0,1,202005,0,5,"12348,50"
202005,3,35,354870,J,6201501,1,317210,101,8,25,"40,00",1,1,0,1,20,0,0,0,"1995,00",8,0,1,202005,0,5,"1995,00"
202005,4,41,410480,J,6202300,1,212420,101,9,35,"35,00",6,1,0,1,20,0,0,0,"1000,00",1,0,1,202005,0,5,"1000,00"
202005,3,35,355030,J,6202300,1,212405,101,9,25,"40,00",3,1,0,1,20,0,0,0,"6000,00",9,0,1,202005,0,5,"6000,00"
202005,5,53,530010,J,6203100,-1,212405,101,9,35,"44,00",3,1,0,1,40,0,0,0,"7918,00",8,0,1,202005,0,5,"7918,00"
202005,3,33,330455,J,6209100,-1,317205,101,7,31,"40,00",4,1,0,1,31,0,0,0,"1502,80",4,0,1,202005,0,5,"1502,80"
202005,3,35,355700,J,6201501,1,212405,101,8,25,"40,00",1,1,0,1,20,0,0,0,"2571,46",6,0,1,202005,0,5,"2571,46"
202005,3,35,355030,J,6201501,-1,317110,101,9,59,"40,00",1,1,0,1,40,0,0,0,"6993,51",10,0,1,202005,0,5,"6993,51"
202005,3,35,352470,J,6201501,-1,142520,101,9,44,"40,00",1,1,0,1,40,0,0,0,"9000,00",10,0,1,202005,0,5,"9000,00"
202005,3,35,350570,J,6204000,1,317110,101,9,27,"40,00",6,1,0,1,20,0,0,0,"8000,00",9,0,1,202005,0,5,"8000,00"
202005,3,31,310620,J,6201501,1,212405,101,9,33,"44,00",1,1,0,1,20,0,0,0,"8500,00",7,0,1,202005,0,5,"8500,00"
202005,4,41,410420,J,6209100,1,317210,101,7,31,"40,00",1,1,0,1,20,0,0,0,"2050,00",4,0,1,202005,0,5,"2050,00"
202005,3,35,355030,J,6204000,-1,212405,101,9,30,"40,00",3,1,0,1,31,0,0,0,"2500,00",2,0,1,202005,0,5,"2500,00"
202005,3,35,352470,J,6201501,-1,317210,101,8,18,"40,00",1,1,0,1,43,0,0,0,"1675,56",10,0,1,202005,0,5,"1675,56"
202005,3,31,310620,J,6204000,-1,212420,101,7,24,"40,00",3,1,0,1,40,0,0,0,"3200,00",7,0,1,202005,0,5,"3200,00"
202005,3,35,355030,J,6201501,1,212410,101,8,23,"40,00",6,1,0,1,20,0,0,0,"2000,00",7,0,1,202005,0,5,"2000,00"
202005,3,31,310620,J,6203100,-1,212420,101,8,33,"44,00",1,1,0,1,31,0,0,0,"2734,19",6,0,1,202005,0,5,"2734,19"
202005,3,31,310620,J,6204000,-1,212405,101,9,32,"44,00",6,1,0,1,40,0,0,0,"5477,28",6,0,1,202005,0,5,"5477,28"
202005,3,33,330330,J,6204000,1,212405,101,9,29,"40,00",3,1,0,1,20,0,0,0,"11500,00",8,0,1,202005,0,5,"11500,00"
202005,3,35,355030,J,6204000,-1,212315,101,7,21,"40,00",1,1,0,1,31,0,0,0,"1808,88",6,0,1,202005,0,5,"1808,88"
202005,4,41,410690,J,6201501,-1,212405,101,10,39,"40,00",1,1,0,1,40,0,0,0,"7595,06",9,0,1,202005,0,5,"7595,06"
202005,3,35,352050,J,6204000,-1,212420,101,7,27,"40,00",1,1,0,1,40,0,0,0,"1810,05",3,0,1,202005,0,5,"1810,05"
202005,3,32,320530,J,6209100,1,212405,101,9,41,"40,00",1,1,0,1,20,0,0,0,"5300,00",9,0,1,202005,0,5,"5300,00"
202005,3,32,320530,J,6201501,-1,212405,101,8,22,"40,00",1,1,0,1,31,0,0,0,"1950,00",7,0,1,202005,0,5,"1950,00"
202005,3,35,354770,J,6209100,-1,142530,101,8,29,"44,00",1,1,0,1,31,0,0,0,"2126,10",7,0,1,202005,0,5,"2126,10"
202005,3,35,355030,J,6204000,1,212405,101,9,39,"44,00",1,1,0,1,20,0,0,9,"10000,00",10,0,1,202005,0,5,"10000,00"
202005,3,32,320530,J,6209100,-1,212420,101,9,50,"44,00",6,1,0,1,31,0,0,9,"6123,64",7,0,1,202005,0,5,"6123,64"
202005,3,35,355030,J,6202300,-1,212405,101,9,24,"40,00",1,3,0,1,31,0,0,0,"1882,59",7,0,1,202005,0,5,"1882,59"
202005,3,35,350410,J,6201501,1,212405,101,8,25,"40,00",3,1,0,1,20,0,0,0,"4827,13",6,0,1,202005,0,5,"4827,13"
202005,3,35,354730,J,6204000,-1,212320,101,11,36,"40,00",3,1,0,1,31,0,0,0,"6000,00",9,0,1,202005,0,5,"6000,00"
202005,3,35,350570,J,6203100,-1,212420,101,7,40,"40,00",1,1,0,1,40,0,0,0,"4719,05",6,0,1,202005,0,5,"4719,05"
202005,3,35,350950,J,6204000,1,212405,101,9,33,"44,00",1,1,0,1,20,0,0,0,"1800,00",4,0,1,202005,0,5,"1800,00"
202005,3,35,355030,J,6203100,-1,142510,101,10,33,"40,00",1,1,0,1,40,0,0,0,"11046,20",7,0,1,202005,0,5,"11046,20"
202005,5,51,510340,J,6209100,1,212415,101,9,26,"44,00",3,1,0,1,20,0,0,0,"1500,00",4,0,1,202005,0,5,"1500,00"
202005,4,43,431490,J,6204000,-1,317110,101,8,28,"40,00",1,3,0,1,31,0,0,0,"2242,35",4,0,1,202005,0,5,"2242,35"
202005,3,35,350950,J,6204000,-1,142530,101,9,43,"40,00",1,1,0,1,31,0,0,0,"7914,68",10,0,1,202005,0,5,"7914,68"
202005,3,35,355030,J,6202300,-1,212420,101,7,42,"40,00",1,1,0,1,40,0,0,0,"1750,00",5,0,1,202005,0,5,"1750,00"
202005,3,35,354780,J,6209100,-1,142515,101,9,30,"40,00",1,1,0,1,31,0,0,0,"10319,93",6,0,1,202005,0,5,"10319,93"
202005,3,35,350570,J,6203100,1,212405,101,8,37,"40,00",1,1,0,1,20,0,0,0,"9000,00",9,0,1,202005,0,5,"9000,00"
202005,5,53,530010,J,6204000,1,212410,101,9,22,"40,00",3,1,0,1,20,0,0,0,"1800,00",1,0,1,202005,0,5,"1800,00"
202005,4,42,420290,J,6201501,1,317110,101,7,23,"44,00",1,3,0,1,20,0,0,0,"2900,00",3,0,1,202005,0,5,"2900,00"
202005,5,52,520110,J,6203100,-1,212420,101,8,22,"44,00",3,1,0,1,31,0,0,0,"1500,00",3,0,1,202005,0,5,"1500,00"
202005,5,53,530010,J,6201501,-1,212420,101,7,34,"36,00",1,1,0,1,40,0,0,0,"1098,19",10,0,1,202005,0,5,"1098,19"
202005,2,23,230440,J,6209100,-1,317210,101,7,29,"44,00",6,1,0,1,31,0,0,0,"1470,98",2,0,1,202005,0,5,"1470,98"
202005,4,41,411370,J,6203100,1,212420,101,8,19,"44,00",1,1,0,1,20,0,0,0,"1629,63",6,0,1,202005,0,5,"1629,63"
202005,3,35,354730,J,6209100,-1,317205,101,7,29,"36,00",2,1,0,1,31,0,0,0,"1416,80",10,0,1,202005,0,5,"1416,80"
202005,5,52,521880,J,6202300,-1,212405,101,9,25,"44,00",1,1,0,1,40,0,0,0,"2500,00",3,0,1,202005,0,5,"2500,00"
202005,4,42,420540,J,6204000,1,142520,101,80,40,"44,00",1,1,0,1,20,0,0,0,"5838,36",6,0,1,202005,0,5,"5838,36"
202005,3,35,355030,J,6203100,1,212420,101,9,23,"40,00",4,1,0,1,20,0,0,0,"1700,00",7,0,1,202005,0,5,"1700,00"
202005,3,33,330455,J,6204000,1,212405,101,9,31,"40,00",3,1,0,1,20,0,0,0,"3529,87",6,0,1,202005,0,5,"3529,87"
202005,3,35,355030,J,6311900,-1,317210,101,80,31,"40,00",1,1,0,1,40,0,0,0,"1965,32",9,0,1,202005,0,5,"1965,32"
202005,3,31,314480,J,6203100,-1,212405,101,8,21,"43,40",3,1,0,1,40,0,0,0,"2032,80",6,0,1,202005,0,5,"2032,80"
202005,4,43,431490,J,6201502,-1,212405,101,8,25,"44,00",1,1,0,1,43,0,0,0,"2000,00",4,0,1,202005,0,5,"2000,00"
202005,3,31,310620,J,6201501,1,212420,101,8,27,"40,00",2,1,0,1,20,0,0,0,"1693,27",9,0,1,202005,0,5,"1693,27"
202005,4,41,410690,J,6209100,1,212415,101,9,33,"40,00",1,3,0,1,20,0,0,0,"4000,00",9,0,1,202005,0,5,"4000,00"
202005,5,53,530010,J,6203100,1,212405,101,9,38,"40,00",6,1,0,1,20,0,0,0,"6533,90",7,0,1,202005,0,5,"6533,90"
202005,4,42,420910,J,6203100,-1,317110,101,7,36,"42,00",1,1,0,1,40,1,0,0,"1869,96",9,0,1,202005,0,5,"1869,96"
202005,3,33,330455,J,6201501,-1,212420,101,9,23,"40,00",2,1,0,1,31,0,0,0,"1039,65",9,0,1,202005,0,5,"1039,65"
202005,3,35,355030,J,6201501,-1,212405,101,8,55,"40,00",1,1,0,1,31,0,0,0,"7506,24",10,0,1,202005,0,5,"7506,24"
202005,3,35,355030,J,6204000,-1,142535,101,9,41,"40,00",1,1,0,1,31,0,0,0,"4246,78",10,0,1,202005,0,5,"4246,78"
202005,3,35,350950,J,6203100,-1,212405,101,9,35,"40,00",1,1,0,1,31,0,0,0,"4215,14",6,0,1,202005,0,5,"4215,14"
202005,4,41,410690,J,6201501,-1,212405,101,80,32,"40,00",1,1,0,1,40,0,0,0,"7437,31",7,0,1,202005,0,5,"7437,31"
202005,2,26,261160,J,6201501,-1,212405,101,80,38,"40,00",3,3,0,1,31,0,0,0,"6106,61",8,0,1,202005,0,5,"6106,61"
202005,3,35,354990,J,6209100,-1,212420,101,9,33,"44,00",1,1,0,1,31,0,0,0,"2377,67",5,0,1,202005,0,5,"2377,67"
202005,3,35,355030,J,6311900,-1,212405,101,9,35,"44,00",1,1,0,1,31,6,0,0,"6000,00",3,0,1,202005,0,5,"6000,00"
202005,3,35,350570,J,6204000,1,317110,101,80,39,"40,00",6,1,0,1,20,0,0,0,"9000,00",9,0,1,202005,0,5,"9000,00"
202005,4,41,410480,J,6201501,1,212405,101,9,20,"44,00",3,1,0,1,20,0,0,0,"1840,00",7,0,1,202005,0,5,"1840,00"
202005,3,35,355030,J,6311900,-1,317210,101,9,27,"40,00",2,1,0,1,31,0,0,0,"1620,00",9,0,1,202005,0,5,"1620,00"
202005,3,31,312230,J,6202300,-1,212405,101,9,46,"44,00",1,1,0,1,31,0,0,0,"1539,43",2,0,1,202005,0,5,"1539,43"
202005,3,33,330455,J,6201501,1,317110,101,9,34,"40,00",1,3,0,1,20,0,0,0,"4120,35",5,0,1,202005,0,5,"4120,35"
202005,3,35,355030,J,6201501,1,317110,101,9,28,"40,00",1,1,0,1,20,0,0,0,"14000,00",8,0,1,202005,0,5,"14000,00"
202005,3,35,355030,J,6311900,-1,212405,101,9,29,"40,00",1,1,0,1,31,0,0,0,"5000,00",7,0,1,202005,0,5,"5000,00"
202005,4,42,420910,J,6201501,1,212405,101,9,32,"42,50",3,1,0,1,20,0,0,0,"6500,00",8,0,1,202005,0,5,"6500,00"
202005,3,35,355030,J,6204000,-1,212405,101,9,46,"40,00",3,1,0,1,40,0,0,0,"2011,40",7,0,1,202005,0,5,"2011,40"
202005,3,31,310670,J,6311900,-1,142520,101,80,48,"44,00",3,1,0,1,31,0,0,0,"11006,28",6,0,1,202005,0,5,"11006,28"
202005,3,31,310620,J,6201501,-1,212405,101,9,34,"40,00",1,1,0,1,40,0,0,0,"8057,65",9,0,1,202005,0,5,"8057,65"
202005,3,31,310620,J,6201501,-1,212405,101,8,30,"40,00",1,1,0,1,40,0,0,0,"12000,00",9,0,1,202005,0,5,"12000,00"
202005,3,35,353440,J,6311900,1,317210,101,7,30,"44,00",6,3,0,1,20,0,0,0,"1412,98",8,0,1,202005,0,5,"1412,98"
202005,5,53,530010,J,6201501,-1,212405,101,9,51,"44,00",3,1,0,1,31,0,0,0,"9131,73",9,0,1,202005,0,5,"9131,73"
202005,3,35,355030,J,6204000,-1,212405,101,9,39,"40,00",3,1,0,1,40,0,0,0,"7000,00",6,0,1,202005,0,5,"7000,00"
202005,3,35,355030,J,6201501,-1,212405,101,9,39,"40,00",1,1,0,1,40,0,0,0,"9000,00",10,0,1,202005,0,5,"9000,00"
202005,2,23,230440,J,6204000,-1,212405,101,9,25,"44,00",3,3,0,1,40,0,0,0,"3134,40",5,0,1,202005,0,5,"3134,40"
202005,3,35,352470,J,6201501,-1,317210,101,7,35,"40,00",1,1,0,1,60,0,0,0,"1900,00",10,0,1,202005,0,5,"1900,00"
202005,3,33,330455,J,6204000,-1,212405,101,9,30,"40,00",6,1,0,1,43,0,0,0,"2500,00",8,0,1,202005,0,5,"2500,00"
202005,3,35,355030,J,6204000,-1,142510,101,9,27,"40,00",1,1,0,1,31,0,0,0,"10207,68",5,0,1,202005,0,5,"10207,68"
202005,3,35,350570,J,6203100,-1,317110,101,9,21,"40,00",2,1,0,1,31,0,0,0,"1675,56",5,0,1,202005,0,5,"1675,56"
202005,3,35,355030,J,6209100,-1,142520,101,9,46,"40,00",1,1,0,1,31,0,0,0,"10050,00",5,0,1,202005,0,5,"10050,00"
202005,4,42,420540,J,6202300,-1,212405,101,8,28,"44,00",1,1,0,1,31,0,0,9,"6292,00",6,0,1,202005,0,5,"6292,00"
202005,4,41,410690,J,6201501,1,212405,101,80,38,"40,00",1,1,0,1,20,0,0,0,"5500,00",7,0,1,202005,0,5,"5500,00"
202005,3,35,355030,J,6203100,1,212420,101,9,32,"40,00",4,1,0,1,20,0,0,0,"1700,00",7,0,1,202005,0,5,"1700,00"
202005,3,35,355030,J,6201501,1,212405,101,9,31,"40,00",3,1,0,1,20,0,0,0,"10000,00",8,0,1,202005,0,5,"10000,00"
202005,4,41,410690,J,6204000,-1,212405,101,8,20,"40,00",1,3,0,1,31,0,0,0,"1832,00",7,0,1,202005,0,5,"1832,00"
202005,3,35,355030,J,6311900,-1,212405,101,9,28,"40,00",4,1,0,1,40,0,0,0,"4398,00",1,0,1,202005,0,5,"4398,00"
202005,5,53,530010,J,6203100,1,212405,101,9,25,"40,00",6,1,0,1,20,0,0,0,"3476,40",7,0,1,202005,0,5,"3476,40"
202005,3,35,354870,J,6311900,-1,212420,101,7,25,"36,00",1,1,0,1,40,0,0,0,"1700,00",6,0,1,202005,0,5,"1700,00"
202005,3,35,355030,J,6201501,-1,317210,101,7,28,"40,00",3,1,0,1,31,0,0,0,"1719,35",7,0,1,202005,0,5,"1719,35"
202005,3,32,320530,J,6201501,-1,142520,101,9,32,"40,00",1,1,0,1,40,0,0,0,"12062,80",6,0,1,202005,0,5,"12062,80"
202005,5,53,530010,J,6203100,-1,212405,101,8,65,"44,00",1,3,0,1,40,0,0,0,"11048,31",7,0,1,202005,0,5,"11048,31"
202005,3,35,350950,J,6203100,1,212405,101,8,30,"40,00",5,1,0,1,20,0,0,0,"6237,00",7,0,1,202005,0,5,"6237,00"
202005,3,35,355030,J,6202300,1,142510,101,9,27,"40,00",1,1,0,1,20,0,0,0,"11000,00",4,0,1,202005,0,5,"11000,00"
202005,1,13,130260,J,6204000,1,317110,101,10,30,"40,00",1,1,0,1,20,0,0,0,"12000,00",5,0,1,202005,0,5,"12000,00"
202005,3,35,355030,J,6204000,-1,212405,101,9,28,"40,00",1,3,0,1,31,0,0,0,"4850,00",2,0,1,202005,0,5,"4850,00"
202005,3,35,355030,J,6209100,-1,212415,101,8,26,"40,00",2,1,0,1,31,0,0,0,"1642,00",5,0,1,202005,0,5,"1642,00"
202005,3,35,350570,J,6203100,1,212405,101,9,28,"40,00",1,1,0,1,20,0,0,0,"9000,00",9,0,1,202005,0,5,"9000,00"
202005,3,31,317020,J,6201501,1,212405,101,9,24,"44,00",1,1,0,1,20,0,0,0,"3500,00",8,0,1,202005,0,5,"3500,00"
202005,3,35,355030,J,6204000,1,212405,101,8,32,"40,00",1,1,0,1,20,0,0,0,"1675,56",6,0,1,202005,0,5,"1675,56"
202005,3,35,350570,J,6201501,-1,317110,101,9,51,"40,00",1,1,0,1,31,0,0,0,"4509,81",9,0,1,202005,0,5,"4509,81"
202005,4,41,410690,J,6311900,1,212405,101,9,34,"40,00",2,1,0,1,20,0,0,0,"5500,00",8,0,1,202005,0,5,"5500,00"
202005,3,31,310620,J,6204000,-1,212415,101,80,44,"40,00",3,1,0,1,40,0,0,0,"6589,05",6,0,1,202005,0,5,"6589,05"
202005,3,33,330455,J,6201501,-1,212405,101,7,44,"40,00",6,3,0,1,31,0,0,0,"8633,88",8,0,1,202005,0,5,"8633,88"
202005,4,41,410690,J,6203100,-1,212405,101,9,38,"40,00",1,1,0,1,31,0,0,0,"8158,00",6,0,1,202005,0,5,"8158,00"
202005,3,35,350950,J,6201501,1,142520,101,9,32,"40,00",6,1,0,1,20,0,0,0,"10000,00",6,0,1,202005,0,5,"10000,00"
202005,5,53,530010,J,6203100,-1,212405,101,9,34,"44,00",1,1,0,1,40,0,0,0,"4000,00",7,0,1,202005,0,5,"4000,00"
202005,3,35,352590,J,6203100,1,212420,101,8,21,"40,00",1,1,0,1,20,0,0,0,"1675,56",5,0,1,202005,0,5,"1675,56"
202005,4,41,411370,J,6209100,1,317110,101,9,30,"44,00",6,1,0,1,20,0,0,0,"5200,00",8,0,1,202005,0,5,"5200,00"
202005,3,35,355030,J,6204000,1,212405,101,9,51,"40,00",3,1,0,1,20,0,0,0,"6200,00",7,0,1,202005,0,5,"6200,00"
202005,3,35,355030,J,6204000,1,317110,101,8,22,"44,00",1,1,0,1,20,0,0,9,"3200,00",10,0,1,202005,0,5,"3200,00"
202005,3,31,317020,J,6201501,1,212405,101,9,28,"44,00",3,1,0,1,20,0,0,0,"3800,00",8,0,1,202005,0,5,"3800,00"
202005,3,35,355030,J,6202300,-1,212405,101,9,50,"40,00",3,3,0,1,40,0,0,0,"4389,24",6,0,1,202005,0,5,"4389,24"
202005,3,35,355030,J,6204000,-1,212405,101,9,28,"44,00",3,3,0,1,40,0,0,9,"11750,13",10,0,1,202005,0,5,"11750,13"
202005,3,35,355030,J,6203100,1,212420,101,9,25,"40,00",1,3,0,1,20,0,0,0,"7000,00",2,0,1,202005,0,5,"7000,00"
202005,3,35,350570,J,6201501,-1,212215,101,9,52,"40,00",1,1,0,1,31,0,0,0,"7834,69",9,0,1,202005,0,5,"7834,69"
202005,4,41,410180,J,6201501,-1,317110,101,9,32,"44,00",1,1,0,1,31,0,0,0,"4500,00",2,0,1,202005,0,5,"4500,00"
202005,3,35,355030,J,6201501,-1,212405,101,9,34,"40,00",3,1,0,1,31,0,0,0,"3000,00",6,0,1,202005,0,5,"3000,00"
202005,4,43,431870,J,6203100,1,317205,101,8,23,"44,00",6,1,0,1,20,0,0,0,"1800,00",7,0,1,202005,0,5,"1800,00"
202005,3,35,355030,J,6203100,-1,212405,101,9,24,"40,00",1,1,0,1,40,0,0,0,"5125,12",6,0,1,202005,0,5,"5125,12"
202005,2,25,250750,J,6202300,-1,317110,101,9,31,"44,00",1,1,0,1,40,0,0,0,"1545,82",7,0,1,202005,0,5,"1545,82"
202005,3,35,350570,J,6202300,-1,317110,101,7,24,"40,00",3,1,0,1,40,0,0,0,"4500,00",7,0,1,202005,0,5,"4500,00"
202005,3,33,330455,J,6201501,1,317110,101,9,23,"40,00",1,3,0,1,20,0,0,0,"4501,00",9,0,1,202005,0,5,"4501,00"
202005,3,31,310620,J,6201501,1,212420,101,9,35,"40,00",1,3,0,1,20,0,0,0,"1693,27",9,0,1,202005,0,5,"1693,27"
202005,4,42,420240,J,6202300,1,212405,101,8,30,"40,00",1,1,0,1,20,0,0,0,"4152,00",9,0,1,202005,0,5,"4152,00"
202005,4,42,420910,J,6202300,-1,212405,101,9,29,"42,00",1,1,0,1,40,0,0,0,"1872,53",7,0,1,202005,0,5,"1872,53"
202005,3,31,310620,J,6201501,-1,212405,101,8,24,"44,00",1,1,0,1,40,0,0,0,"7131,57",7,0,1,202005,0,5,"7131,57"
202005,3,35,350570,J,6209100,-1,212420,101,9,42,"40,00",6,1,0,1,40,0,0,0,"2135,91",10,0,1,202005,0,5,"2135,91"
202005,3,31,314170,J,6201501,-1,212420,101,8,27,"44,00",1,3,0,1,31,0,0,0,"2398,00",5,0,1,202005,0,5,"2398,00"
202005,3,35,355030,J,6202300,1,212405,101,9,59,"40,00",1,3,0,1,20,0,0,0,"6000,00",6,0,1,202005,0,5,"6000,00"
202005,3,35,355030,J,6201501,-1,212405,101,9,24,"40,00",1,1,0,1,40,0,0,0,"3578,40",3,0,1,202005,0,5,"3578,40"
202005,3,35,355030,J,6204000,1,212415,101,7,18,"40,00",1,3,0,1,20,0,0,0,"2700,00",10,0,1,202005,0,5,"2700,00"
202005,3,35,355030,J,6204000,-1,212405,101,9,44,"40,00",1,1,0,1,40,0,0,0,"9456,95",6,0,1,202005,0,5,"9456,95"
202005,5,53,530010,J,6204000,-1,317210,101,9,39,"40,00",1,1,0,1,40,0,0,0,"2195,45",8,0,1,202005,0,5,"2195,45"
202005,3,35,350570,J,6209100,1,212405,101,9,30,"40,00",6,3,0,1,20,0,0,0,"4500,00",10,0,1,202005,0,5,"4500,00"
202005,2,26,261160,J,6311900,1,212405,101,9,37,"40,00",3,1,0,1,20,0,0,0,"4842,54",7,0,1,202005,0,5,"4842,54"
202005,5,53,530010,J,6201501,-1,317110,101,9,37,"44,00",3,1,0,1,40,0,0,0,"7500,00",8,0,1,202005,0,5,"7500,00"
202005,3,35,355030,J,6311900,1,212405,101,9,27,"40,00",1,1,0,1,20,0,0,0,"7000,00",4,0,1,202005,0,5,"7000,00"
202005,3,35,355030,J,6201501,-1,212405,101,9,42,"40,00",1,1,0,1,40,0,0,0,"2015,00",8,0,1,202005,0,5,"2015,00"
202005,3,32,320530,J,6202300,1,317110,101,7,24,"44,00",3,1,0,1,20,0,0,0,"4150,00",4,0,1,202005,0,5,"4150,00"
202005,3,35,355030,J,6201501,-1,212405,101,9,21,"40,00",1,3,0,1,43,0,0,0,"5900,00",10,0,1,202005,0,5,"5900,00"
202005,3,35,355030,J,6203100,-1,317110,101,8,25,"40,00",6,1,0,1,40,0,0,0,"4548,53",9,0,1,202005,0,5,"4548,53"
202005,4,42,420240,J,6203100,1,317110,101,9,28,"44,00",1,1,0,1,20,0,0,0,"4400,00",9,0,1,202005,0,5,"4400,00"
202005,3,35,355030,J,6202300,1,212420,101,9,46,"44,00",6,1,0,1,20,0,0,0,"5000,00",5,0,1,202005,0,5,"5000,00"
202005,3,35,355030,J,6209100,-1,212420,101,9,30,"49,75",1,1,0,1,43,0,0,0,"5000,00",4,0,1,202005,0,5,"5000,00"
202005,4,41,410690,J,6203100,-1,212405,101,9,30,"40,00",1,1,0,1,40,0,0,0,"10706,85",7,0,1,202005,0,5,"10706,85"
202005,3,35,355030,J,6209100,1,212405,101,80,38,"40,00",1,1,0,1,20,0,0,0,"14000,00",5,0,1,202005,0,5,"14000,00"
202005,4,42,420240,J,6202300,1,317110,101,8,44,"44,00",1,1,0,1,20,0,0,0,"1876,50",7,0,1,202005,0,5,"1876,50"
202005,3,35,355030,J,6311900,1,212420,101,8,25,"44,00",4,3,0,1,10,0,0,0,"1881,86",9,0,1,202005,0,5,"1881,86"
202005,3,35,355030,J,6201501,-1,317110,101,9,34,"40,00",6,1,0,1,40,0,0,0,"4486,66",10,0,1,202005,0,5,"4486,66"
202005,3,35,355030,J,6209100,-1,212405,101,9,39,"44,00",1,1,0,1,40,0,0,9,"11612,81",5,0,1,202005,0,5,"11612,81"
202005,4,41,410690,J,6209100,-1,212420,101,7,34,"40,00",1,1,0,1,31,0,0,0,"2500,00",5,0,1,202005,0,5,"2500,00"
202005,3,35,355670,J,6311900,-1,317205,101,8,23,"40,00",6,3,0,1,31,0,0,0,"1944,18",7,0,1,202005,0,5,"1944,18"
202005,3,35,355030,J,6204000,-1,212305,101,9,59,"40,00",1,1,0,1,40,0,0,0,"6946,49",8,0,1,202005,0,5,"6946,49"
202005,3,35,355030,J,6202300,1,212215,101,9,55,"44,00",1,1,0,1,20,0,0,9,"12923,07",3,0,1,202005,0,5,"12923,07"
202005,3,35,350570,J,6203100,1,212315,101,80,33,"40,00",1,3,0,1,20,0,0,0,"7800,00",9,0,1,202005,0,5,"7800,00"
202005,3,35,350570,J,6209100,-1,212405,101,9,46,"44,00",3,1,0,1,31,0,0,0,"5431,11",2,0,1,202005,0,5,"5431,11"
202005,3,35,355030,J,6201501,-1,212405,101,9,39,"40,00",6,3,0,1,31,0,0,0,"9029,20",10,0,1,202005,0,5,"9029,20"
202005,3,35,355030,J,6201501,1,212420,101,9,25,"40,00",1,1,0,1,20,0,0,0,"1750,71",6,0,1,202005,0,5,"1750,71"
202005,3,32,320390,J,6202300,1,317110,101,7,19,"56,00",3,1,0,1,20,0,0,0,"1800,00",2,0,1,202005,0,5,"1800,00"
202005,3,35,355030,J,6311900,-1,212420,101,9,31,"40,00",1,1,0,1,40,0,0,0,"6312,04",9,0,1,202005,0,5,"6312,04"
202005,4,41,410690,J,6202300,1,317110,101,8,40,"40,00",6,1,0,1,20,0,0,0,"7500,00",6,0,1,202005,0,5,"7500,00"
202005,2,23,230440,J,6203100,-1,317110,101,8,28,"40,00",3,1,0,1,31,0,0,0,"5627,01",7,0,1,202005,0,5,"5627,01"
202005,3,35,355030,J,6204000,1,142535,101,8,23,"40,00",1,1,0,1,10,0,0,0,"2182,35",5,0,1,202005,0,5,"2182,35"
202005,4,42,420540,J,6203100,-1,212420,101,9,26,"44,00",3,1,0,1,31,0,0,0,"2317,00",9,0,1,202005,0,5,"2317,00"
202005,4,41,410690,J,6203100,1,212405,101,8,22,"40,00",1,1,0,1,20,0,0,0,"4500,00",7,0,1,202005,0,5,"4500,00"
202005,4,42,420240,J,6201501,-1,317110,101,8,22,"44,00",1,1,0,1,43,0,0,0,"1875,99",3,0,1,202005,0,5,"1875,99"
202005,3,35,350570,J,6202300,-1,212420,101,9,30,"40,00",6,1,0,1,40,0,0,0,"7808,36",9,0,1,202005,0,5,"7808,36"
202005,3,31,310620,J,6204000,-1,317210,101,9,25,"44,00",3,3,0,1,31,0,0,0,"1539,43",10,0,1,202005,0,5,"1539,43"
202005,3,35,355030,J,6204000,1,317110,101,9,33,"44,00",1,1,0,1,20,0,0,9,"4000,00",10,0,1,202005,0,5,"4000,00"
202005,3,31,310620,J,6201501,1,212420,101,8,22,"40,00",2,3,0,1,20,0,0,0,"1693,27",9,0,1,202005,0,5,"1693,27"
202005,3,35,350750,J,6209100,-1,317110,101,7,34,"44,00",1,1,0,1,31,0,0,0,"3031,65",3,0,1,202005,0,5,"3031,65"
202005,3,35,355030,J,6202300,1,212405,101,9,51,"40,00",4,3,0,1,20,0,0,0,"5500,00",6,0,1,202005,0,5,"5500,00"
202005,2,25,250750,J,6203100,-1,212415,101,9,26,"40,00",2,1,0,1,40,0,0,0,"4443,00",8,0,1,202005,0,5,"4443,00"
202005,5,53,530010,J,6203100,-1,212405,101,8,22,"44,00",3,1,0,1,40,0,0,0,"3838,78",7,0,1,202005,0,5,"3838,78"
202005,3,31,317020,J,6203100,1,212405,101,9,35,"44,00",1,3,0,1,20,0,0,0,"4033,63",6,0,1,202005,0,5,"4033,63"
202005,3,35,354780,J,6209100,-1,212405,101,9,25,"40,00",3,1,0,1,31,0,0,0,"1700,00",6,0,1,202005,0,5,"1700,00"
202005,3,31,310620,J,6202300,-1,212405,101,9,27,"40,00",3,1,0,1,40,0,0,0,"7038,50",7,0,1,202005,0,5,"7038,50"
202005,4,41,411520,J,6209100,1,212405,101,9,31,"40,00",1,1,0,1,20,0,0,0,"5408,00",7,0,1,202005,0,5,"5408,00"
202005,3,35,350570,J,6202300,-1,212420,101,9,47,"40,00",3,1,0,1,31,0,0,0,"9450,95",9,0,1,202005,0,5,"9450,95"
202005,3,35,350320,J,6204000,1,212405,101,9,37,"40,00",3,1,0,1,20,0,0,0,"9078,74",8,0,1,202005,0,5,"9078,74"
202005,4,41,410690,J,6202300,-1,317110,101,9,24,"44,00",6,1,0,1,40,0,0,9,"4314,96",6,0,1,202005,0,5,"4314,96"
202005,4,41,410690,J,6202300,1,317210,101,8,23,"40,00",1,3,0,1,20,0,0,0,"1307,00",4,0,1,202005,0,5,"1307,00"
202005,3,31,310620,J,6202300,1,212420,101,9,32,"40,00",3,1,0,1,20,0,0,0,"5623,25",7,0,1,202005,0,5,"5623,25"
202005,3,35,355030,J,6201501,1,212405,101,9,35,"40,00",3,1,0,1,20,0,0,0,"8000,00",10,0,1,202005,0,5,"8000,00"
202005,3,35,355030,J,6204000,-1,212405,101,9,35,"44,00",1,1,0,1,40,0,0,9,"8585,00",10,0,1,202005,0,5,"8585,00"
202005,3,35,355030,J,6202300,1,212405,101,9,35,"40,00",1,1,0,1,20,0,0,0,"1800,00",1,0,1,202005,0,5,"1800,00"
202005,3,35,355030,J,6202300,-1,142520,101,80,37,"40,00",1,1,0,1,40,0,0,0,"11836,84",5,0,1,202005,0,5,"11836,84"
202005,3,31,310620,J,6311900,1,212205,101,9,22,"48,00",1,1,0,1,20,0,0,0,"10769,23",7,0,1,202005,0,5,"10769,23"
202005,3,35,355030,J,6201501,-1,212405,101,9,25,"40,00",1,1,0,1,40,0,0,0,"1704,33",7,0,1,202005,0,5,"1704,33"
202005,5,53,530010,J,6203100,-1,212405,101,9,38,"44,00",1,1,0,1,31,0,0,0,"8501,00",8,0,1,202005,0,5,"8501,00"
202005,4,41,411520,J,6209100,1,212420,101,7,22,"44,00",1,1,0,1,20,0,0,0,"1355,20",2,0,1,202005,0,5,"1355,20"
202005,3,31,317020,J,6203100,1,212405,101,9,35,"44,00",2,3,0,1,20,0,0,0,"2163,46",6,0,1,202005,0,5,"2163,46"
202005,3,35,355030,J,6204000,1,212405,101,8,35,"44,00",1,1,0,1,20,0,0,9,"5300,00",10,0,1,202005,0,5,"5300,00"
202005,3,35,355220,J,6311900,-1,317105,101,8,18,"44,00",1,1,0,1,31,0,0,0,"1840,00",2,0,1,202005,0,5,"1840,00"
202005,3,35,355030,J,6201501,1,212405,101,9,37,"40,00",1,1,0,1,20,0,0,0,"10500,00",8,0,1,202005,0,5,"10500,00"
202005,3,31,317020,J,6201501,1,212405,101,9,24,"44,00",1,1,0,1,20,0,0,0,"4500,00",8,0,1,202005,0,5,"4500,00"
202005,3,32,320530,J,6209100,-1,212405,101,11,42,"40,00",1,1,0,1,43,0,0,0,"4500,00",9,0,1,202005,0,5,"4500,00"
202005,2,26,261160,J,6201501,1,212405,101,80,45,"40,00",2,1,0,1,20,0,0,0,"5500,00",7,0,1,202005,0,5,"5500,00"
202005,3,35,355030,J,6201501,1,212405,101,9,40,"40,00",1,3,0,1,20,0,0,0,"12500,00",9,0,1,202005,0,5,"12500,00"
202005,3,33,330455,J,6204000,-1,212405,101,9,31,"40,00",1,1,0,1,40,0,0,0,"16868,24",6,0,1,202005,0,5,"16868,24"
202005,3,35,353670,J,6201501,1,317110,101,11,56,"40,00",3,1,0,1,20,0,0,0,"6200,00",5,0,1,202005,0,5,"6200,00"
202005,3,31,310620,J,6201501,1,212420,101,8,33,"36,00",2,1,0,1,20,0,0,0,"1500,00",8,0,1,202005,0,5,"1500,00"
202005,3,33,330455,J,6201501,1,212405,101,7,72,"40,00",1,1,0,1,20,0,0,0,"6000,00",8,0,1,202005,0,5,"6000,00"
202005,4,42,420540,J,6202300,1,212420,101,9,25,"44,00",1,3,0,1,20,0,0,0,"2412,35",5,0,1,202005,0,5,"2412,35"
202005,3,35,352690,J,6202300,1,142530,101,9,34,"40,00",1,3,0,1,20,0,0,0,"10000,00",7,0,1,202005,0,5,"10000,00"
202005,3,35,355030,J,6209100,-1,212310,101,8,27,"40,00",1,1,0,1,31,0,0,0,"3800,00",5,0,1,202005,0,5,"3800,00"
202005,4,42,420570,J,6209100,1,317110,101,8,19,"44,00",1,1,0,1,20,0,0,0,"1678,60",4,0,1,202005,0,5,"1678,60"
202005,3,35,355030,J,6201501,-1,142520,101,9,57,"40,00",1,3,0,1,31,0,0,0,"11721,56",10,0,1,202005,0,5,"11721,56"
202005,4,43,431490,J,6311900,-1,212405,101,7,57,"40,00",1,1,0,1,60,1,0,0,"8814,73",8,0,1,202005,0,5,"8814,73"
202005,3,35,355030,J,6203100,1,212420,101,8,34,"40,00",3,3,0,1,35,0,0,0,"2637,49",8,0,1,202005,0,5,"2637,49"
202005,3,35,355030,J,6204000,-1,212420,101,9,40,"40,00",1,1,0,1,43,0,0,0,"8000,00",7,0,1,202005,0,5,"8000,00"
202005,3,35,354730,J,6209100,-1,212420,101,9,33,"36,00",3,3,0,1,31,0,0,0,"1196,00",10,0,1,202005,0,5,"1196,00"
202005,3,31,310620,J,6201501,1,212405,101,9,32,"40,00",3,1,0,1,20,0,0,0,"8000,00",6,0,1,202005,0,5,"8000,00"
202005,3,35,355030,J,6209100,1,212405,101,80,35,"40,00",1,1,0,1,20,0,0,0,"9000,00",7,0,1,202005,0,5,"9000,00"
202005,3,35,355030,J,6204000,1,212205,101,9,36,"44,00",6,1,0,1,20,0,0,9,"33333,33",4,0,1,202005,0,5,"33333,33"
202005,3,31,310620,J,6203100,-1,317110,101,9,44,"44,00",1,1,0,1,31,0,0,0,"5161,29",7,0,1,202005,0,5,"5161,29"
202005,2,26,261160,J,6311900,-1,317210,101,9,33,"40,00",1,1,0,1,31,0,0,0,"1652,57",7,0,1,202005,0,5,"1652,57"
202005,3,33,330330,J,6209100,-1,212420,101,9,50,"40,00",6,1,0,1,60,0,0,0,"6000,00",5,0,1,202005,0,5,"6000,00"
202005,3,35,355030,J,6311900,-1,212420,101,7,30,"40,00",1,1,0,1,40,0,0,0,"4686,88",9,0,1,202005,0,5,"4686,88"
202005,2,29,292740,J,6311900,-1,317210,101,9,41,"40,00",3,1,0,1,31,0,0,0,"1182,46",7,0,1,202005,0,5,"1182,46"
202005,3,35,354870,J,6201501,-1,212420,101,9,36,"40,00",1,1,0,1,31,0,0,0,"8784,94",9,0,1,202005,0,5,"8784,94"
202005,4,43,431690,J,6204000,-1,212420,101,8,27,"44,00",6,1,0,1,31,0,0,0,"1750,80",1,0,1,202005,0,5,"1750,80"
202005,3,35,354780,J,6201501,1,317110,101,9,21,"40,00",1,3,0,1,20,0,0,0,"2000,00",6,0,1,202005,0,5,"2000,00"
202005,4,42,420910,J,6201501,1,317110,101,8,28,"44,00",3,3,0,1,20,0,0,0,"7000,00",5,0,1,202005,0,5,"7000,00"
202005,3,31,317020,J,6204000,-1,317110,101,8,19,"44,00",1,1,0,1,31,0,0,0,"1277,00",3,0,1,202005,0,5,"1277,00"
202005,4,43,431490,J,6202300,1,317110,101,9,33,"40,00",1,1,0,1,20,0,0,0,"6520,29",7,0,1,202005,0,5,"6520,29"
202005,3,35,355030,J,6201501,1,212405,101,7,33,"40,00",1,1,0,1,20,0,0,0,"14000,00",8,0,1,202005,0,5,"14000,00"
202005,3,31,310620,J,6201501,1,212420,101,7,31,"40,00",2,3,0,1,20,0,0,0,"1693,27",9,0,1,202005,0,5,"1693,27"
202005,3,35,355030,J,6201501,1,212405,101,80,50,"40,00",4,3,0,1,20,0,0,0,"6300,00",6,0,1,202005,0,5,"6300,00"
202005,4,42,420540,J,6201501,-1,317205,101,7,24,"40,00",6,1,0,1,31,0,0,0,"1946,93",2,0,1,202005,0,5,"1946,93"
202005,3,35,355030,J,6203100,-1,212405,101,9,40,"40,00",1,1,0,1,31,0,0,0,"10000,00",4,0,1,202005,0,5,"10000,00"
202005,4,42,420240,J,6201501,-1,212405,101,9,30,"44,00",1,1,0,1,31,0,0,0,"8000,00",7,0,1,202005,0,5,"8000,00"
202005,3,35,355030,J,6204000,-1,142520,101,80,35,"40,00",1,1,0,1,31,0,0,0,"9000,00",10,0,1,202005,0,5,"9000,00"
202005,4,42,420430,J,6201501,1,212420,101,8,18,"44,00",6,3,0,1,20,0,0,0,"1400,00",3,0,1,202005,0,5,"1400,00"
202005,2,26,261160,J,6204000,1,317110,101,9,38,"40,00",1,1,0,1,20,0,0,0,"9500,00",9,0,1,202005,0,5,"9500,00"
202005,3,35,355030,J,6201501,1,212405,101,9,29,"40,00",4,1,0,1,20,0,0,0,"8500,00",8,0,1,202005,0,5,"8500,00"
202005,4,41,410480,J,6202300,1,212420,101,6,17,"44,00",6,1,0,1,20,0,0,0,"1045,00",1,0,1,202005,0,5,"1045,00"
202005,3,35,350570,J,6201501,-1,212215,101,9,28,"40,00",1,1,0,1,31,0,0,0,"8545,42",9,0,1,202005,0,5,"8545,42"
202005,3,35,350330,J,6204000,1,212420,101,9,41,"40,00",3,1,0,1,20,0,0,0,"4984,28",5,0,1,202005,0,5,"4984,28"
202005,3,35,350570,J,6204000,1,212410,101,9,47,"40,00",6,1,0,1,20,0,0,0,"7000,00",9,0,1,202005,0,5,"7000,00"
202005,2,29,292740,J,6202300,-1,317110,101,9,39,"44,00",6,1,0,1,31,0,0,0,"3063,00",5,0,1,202005,0,5,"3063,00"
202005,3,33,330330,J,6201501,1,212405,101,80,57,"56,00",1,3,0,1,20,0,0,0,"9500,00",7,0,1,202005,0,5,"9500,00"
202005,3,31,314480,J,6201501,1,212405,101,7,29,"44,00",1,1,0,1,20,0,0,0,"5500,00",7,0,1,202005,0,5,"5500,00"
202005,3,35,355030,J,6201501,1,142510,101,10,34,"44,00",3,1,0,1,20,0,0,9,"30000,00",8,0,1,202005,0,5,"30000,00"
202005,3,35,355030,J,6209100,-1,212305,101,9,36,"40,00",1,1,0,1,31,0,0,0,"6500,00",8,0,1,202005,0,5,"6500,00"
202005,3,31,317020,J,6203100,1,212405,101,9,29,"40,00",3,3,0,1,20,0,0,0,"2078,98",7,0,1,202005,0,5,"2078,98"
202005,3,35,354730,J,6204000,-1,212420,101,9,36,"40,00",1,1,0,1,60,0,0,0,"2378,50",9,0,1,202005,0,5,"2378,50"
202005,3,35,355030,J,6204000,1,212405,101,9,26,"40,00",3,3,0,1,20,0,0,0,"3500,00",3,0,1,202005,0,5,"3500,00"
202005,3,35,355030,J,6204000,-1,212405,101,9,39,"40,00",1,1,0,1,31,0,0,0,"2235,45",6,0,1,202005,0,5,"2235,45"
202005,3,35,350570,J,6204000,1,212410,101,9,49,"40,00",6,1,0,1,20,0,0,0,"8500,00",9,0,1,202005,0,5,"8500,00"
202005,3,35,355030,J,6201501,1,212405,101,9,30,"40,00",3,1,0,1,20,0,0,0,"6000,00",10,0,1,202005,0,5,"6000,00"
202005,4,41,410720,J,6201502,-1,212310,101,7,19,"44,00",6,1,0,1,31,0,0,0,"1150,00",3,0,1,202005,0,5,"1150,00"
202005,3,35,355030,J,6203100,1,212420,101,9,50,"40,00",3,1,0,1,20,0,0,0,"4105,00",6,0,1,202005,0,5,"4105,00"
202005,3,35,355030,J,6203100,-1,212205,101,9,27,"40,00",1,1,0,1,31,0,0,0,"3465,00",3,0,1,202005,0,5,"3465,00"
202005,4,42,420910,J,6209100,-1,212405,101,9,27,"40,00",6,1,0,1,31,0,0,0,"3464,38",4,0,1,202005,0,5,"3464,38"
202005,3,35,355030,J,6201501,1,212405,101,9,35,"40,00",3,1,0,1,20,0,0,0,"6000,00",7,0,1,202005,0,5,"6000,00"
202005,3,35,355030,J,6204000,-1,212420,101,9,25,"40,00",3,1,0,1,40,0,0,0,"2300,00",10,0,1,202005,0,5,"2300,00"
202005,3,35,355030,J,6201501,-1,317110,101,9,55,"40,00",3,1,0,1,31,0,0,0,"6734,38",10,0,1,202005,0,5,"6734,38"
202005,4,42,420540,J,6201501,-1,142520,101,8,27,"40,00",1,1,0,1,31,0,0,0,"5092,00",6,0,1,202005,0,5,"5092,00"
202005,3,35,350570,J,6203100,1,317205,101,9,26,"40,00",3,1,0,1,20,0,0,0,"1304,95",7,0,1,202005,0,5,"1304,95"
202005,4,43,431870,J,6204000,1,212405,101,8,25,"40,00",1,1,0,1,20,0,0,0,"5265,38",10,0,1,202005,0,5,"5265,38"
202005,3,35,353440,J,6201501,-1,212420,101,8,25,"40,00",3,1,0,1,31,0,0,0,"1732,43",9,0,1,202005,0,5,"1732,43"
202005,4,41,410480,J,6209100,1,212405,101,9,43,"44,00",1,1,0,1,20,0,0,0,"3000,00",4,0,1,202005,0,5,"3000,00"
202005,4,43,430676,J,6209100,-1,317110,101,8,33,"44,00",2,1,0,1,40,0,0,0,"6264,47",10,0,1,202005,0,5,"6264,47"
202005,3,35,350570,J,6201501,1,317205,101,9,43,"40,00",1,1,0,1,20,0,0,0,"13500,00",9,0,1,202005,0,5,"13500,00"
202005,3,33,330455,J,6204000,1,317210,101,7,27,"40,00",3,1,0,1,20,0,0,0,"2502,31",6,0,1,202005,0,5,"2502,31"
202005,3,35,350570,J,6209100,1,317210,101,8,35,"44,00",1,1,0,1,20,0,0,0,"1675,56",10,0,1,202005,0,5,"1675,56"
202005,4,43,430390,J,6201501,1,317110,101,7,50,"44,00",1,1,0,1,20,0,0,0,"4000,00",1,0,1,202005,0,5,"4000,00"
202005,3,31,312770,J,6209100,-1,212420,101,9,22,"40,00",6,1,0,1,40,0,0,0,"1539,44",5,0,1,202005,0,5,"1539,44"
202005,3,35,355030,J,6203100,-1,212420,101,9,34,"40,00",1,3,0,1,31,0,0,0,"2278,36",8,0,1,202005,0,5,"2278,36"
202005,3,35,355030,J,6201501,1,212205,101,8,23,"40,00",1,1,0,1,10,0,0,0,"6400,00",3,0,1,202005,0,5,"6400,00"
202005,3,35,354990,J,6202300,-1,212405,101,80,51,"40,00",1,1,0,1,40,0,0,0,"11264,03",7,0,1,202005,0,5,"11264,03"
202005,4,42,420240,J,6201501,1,317110,101,8,32,"44,00",1,1,0,1,20,0,0,0,"3095,00",2,0,1,202005,0,5,"3095,00"
202005,4,42,420240,J,6201501,-1,212405,101,9,52,"40,00",1,3,0,1,31,0,0,0,"6003,64",8,0,1,202005,0,5,"6003,64"
202005,4,42,420540,J,6203100,1,212405,101,9,26,"40,00",1,3,0,1,20,0,0,0,"4500,00",6,0,1,202005,0,5,"4500,00"
202005,3,31,310620,J,6204000,1,212405,101,9,31,"44,00",1,1,0,1,20,0,0,0,"4866,95",6,0,1,202005,0,5,"4866,95"
202005,3,35,355030,J,6204000,-1,212405,101,9,24,"40,00",3,1,0,1,31,0,0,0,"6621,00",10,0,1,202005,0,5,"6621,00"
202005,4,43,431490,J,6204000,-1,212405,101,80,34,"44,00",1,1,0,1,40,0,0,0,"5535,06",7,0,1,202005,0,5,"5535,06"
202005,4,42,421870,J,6203100,-1,317110,101,8,26,"44,00",1,1,0,1,31,0,0,0,"2173,50",5,0,1,202005,0,5,"2173,50"
202005,4,42,420540,J,6311900,-1,212405,101,9,35,"42,00",1,1,0,1,40,0,0,0,"8000,00",8,0,1,202005,0,5,"8000,00"
202005,4,42,420540,J,6203100,1,317110,101,9,36,"40,00",6,1,0,1,20,0,0,0,"5700,00",4,0,1,202005,0,5,"5700,00"
202005,3,35,350570,J,6209100,-1,142530,101,9,33,"44,00",1,1,0,1,31,0,0,0,"3355,99",2,0,1,202005,0,5,"3355,99"
202005,5,53,530010,J,6201501,1,142520,101,80,40,"44,00",1,3,0,1,20,0,0,0,"6000,00",8,0,1,202005,0,5,"6000,00"
202005,2,23,230440,J,6204000,1,212405,101,80,38,"44,00",3,3,0,1,20,0,0,0,"5500,00",8,0,1,202005,0,5,"5500,00"
202005,5,53,530010,J,6201501,-1,317110,101,9,27,"44,00",6,1,0,1,31,0,0,0,"3640,00",5,0,1,202005,0,5,"3640,00"
202005,5,53,530010,J,6201501,-1,212405,101,9,34,"44,00",6,1,0,1,40,0,0,0,"4000,00",8,0,1,202005,0,5,"4000,00"
202005,2,28,280290,J,6201501,1,317110,101,8,22,"44,00",3,1,0,1,20,0,0,0,"2121,75",5,0,1,202005,0,5,"2121,75"
202005,3,35,355030,J,6204000,-1,212405,101,9,50,"44,00",1,1,0,1,31,0,0,9,"6532,50",10,0,1,202005,0,5,"6532,50"
202005,3,35,355030,J,6201501,-1,212405,101,9,42,"40,00",1,3,0,1,40,0,0,0,"8351,21",10,0,1,202005,0,5,"8351,21"
202005,3,35,355030,J,6202300,-1,212405,101,8,39,"40,00",3,3,0,1,40,0,0,0,"4137,20",7,0,1,202005,0,5,"4137,20"
202005,3,35,355030,J,6202300,1,212405,101,9,56,"40,00",1,1,0,1,20,0,0,0,"6900,00",6,0,1,202005,0,5,"6900,00"
202005,2,25,250750,J,6204000,1,212405,101,9,31,"44,00",1,1,0,1,20,0,0,0,"5000,00",3,0,1,202005,0,5,"5000,00"
202005,3,31,310620,J,6209100,1,317205,101,7,32,"44,00",3,3,0,1,20,0,0,0,"1188,57",10,0,1,202005,0,5,"1188,57"
202005,2,23,230440,J,6204000,-1,317205,101,7,23,"36,00",3,3,0,1,31,0,0,0,"1300,00",8,0,1,202005,0,5,"1300,00"
202005,3,31,317020,J,6203100,-1,212405,101,8,25,"40,00",3,1,0,1,40,0,0,0,"2078,98",7,0,1,202005,0,5,"2078,98"
202005,3,31,313670,J,6204000,-1,212405,101,8,37,"44,00",1,1,0,1,60,0,0,0,"2400,00",5,0,1,202005,0,5,"2400,00"
202005,5,53,530010,J,6201501,-1,317110,101,9,23,"44,00",3,1,0,1,40,0,0,0,"3000,00",3,0,1,202005,0,5,"3000,00"
202005,3,31,310620,J,6203100,1,317110,101,9,29,"44,00",1,1,0,1,20,0,0,0,"5806,45",7,0,1,202005,0,5,"5806,45"
202005,3,31,310620,J,6204000,1,212405,101,9,38,"40,00",3,1,0,1,20,0,0,0,"11220,00",7,0,1,202005,0,5,"11220,00"
202005,4,42,420910,J,6204000,-1,212420,101,9,22,"44,00",1,3,0,1,40,0,0,0,"2000,00",6,0,1,202005,0,5,"2000,00"
202005,5,53,530010,J,6201501,1,317110,101,9,30,"40,00",1,1,0,1,20,0,0,0,"4000,00",10,0,1,202005,0,5,"4000,00"
202005,4,43,431490,J,6311900,1,212420,101,9,30,"40,00",1,1,0,1,20,0,0,0,"2329,00",7,0,1,202005,0,5,"2329,00"
202005,3,31,310620,J,6209100,1,317205,101,9,22,"44,00",1,3,0,1,20,0,0,0,"1188,57",10,0,1,202005,0,5,"1188,57"
202005,3,35,355030,J,6201501,1,212405,101,9,36,"40,00",3,1,0,1,20,0,0,0,"6442,50",10,0,1,202005,0,5,"6442,50"
202005,3,31,317150,J,6201501,1,212410,101,9,54,"44,00",6,1,0,1,20,0,0,0,"4360,00",8,0,1,202005,0,5,"4360,00"
202005,3,31,310620,J,6202300,1,212405,101,7,28,"44,00",3,1,0,1,20,0,0,0,"4300,00",3,0,1,202005,0,5,"4300,00"
202005,3,33,330455,J,6204000,-1,142510,101,9,47,"40,00",1,1,0,1,40,0,0,0,"9140,07",8,0,1,202005,0,5,"9140,07"
202005,3,35,355030,J,6204000,1,212405,101,9,31,"44,00",1,1,0,1,20,0,0,9,"12000,00",10,0,1,202005,0,5,"12000,00"
202005,3,35,355030,J,6201501,1,317110,101,9,40,"40,00",3,1,0,1,20,0,0,0,"8311,31",10,0,1,202005,0,5,"8311,31"
202005,4,41,410690,J,6201501,1,212405,101,8,33,"40,00",3,1,0,1,20,0,0,0,"6000,00",6,0,1,202005,0,5,"6000,00"
202005,4,42,420200,J,6201502,-1,317105,101,9,28,"44,00",3,1,0,1,31,0,0,0,"1727,27",2,0,1,202005,0,5,"1727,27"
202005,3,32,320470,J,6209100,-1,317210,101,8,22,"44,00",3,3,0,1,31,0,0,0,"1193,91",5,0,1,202005,0,5,"1193,91"
202005,3,35,355030,J,6201501,1,212405,101,9,39,"40,00",1,1,0,1,20,0,0,0,"10000,00",8,0,1,202005,0,5,"10000,00"
202005,3,35,352930,J,6201501,-1,317110,101,8,23,"44,00",1,1,0,1,31,0,0,0,"1200,00",3,0,1,202005,0,5,"1200,00"
202005,5,53,530010,J,6204000,1,212410,101,9,40,"40,00",1,1,0,1,20,0,0,0,"7500,00",1,0,1,202005,0,5,"7500,00"
202005,1,13,130260,J,6209100,-1,212405,101,9,26,"44,00",6,1,0,1,40,0,0,0,"4702,50",6,0,1,202005,0,5,"4702,50"
202005,3,31,310620,J,6201501,1,212405,101,8,26,"40,00",1,1,0,1,10,0,0,0,"2500,00",6,0,1,202005,0,5,"2500,00"
202005,2,24,240810,J,6201501,-1,317110,101,7,20,"30,00",3,1,0,1,31,0,0,1,"1200,00",3,0,1,202005,0,5,"1200,00"
202005,4,43,431490,J,6204000,1,317110,101,8,29,"44,00",1,1,0,1,20,0,0,0,"4500,00",7,0,1,202005,0,5,"4500,00"
202005,3,35,355030,J,6201501,-1,212420,101,7,39,"40,00",3,3,0,1,40,0,0,0,"9941,86",9,0,1,202005,0,5,"9941,86"
202005,3,35,355030,J,6201501,-1,212410,101,8,20,"40,00",1,1,0,1,31,0,0,0,"1675,56",10,0,1,202005,0,5,"1675,56"
202005,3,33,330455,J,6204000,1,212405,101,9,41,"40,00",3,1,0,1,20,0,0,0,"6275,65",6,0,1,202005,0,5,"6275,65"
202005,3,35,355030,J,6209100,1,212405,101,9,30,"40,00",1,1,0,1,20,0,0,0,"8500,00",5,0,1,202005,0,5,"8500,00"
202005,3,35,355030,J,6204000,1,212405,101,8,28,"44,00",3,1,0,1,20,0,0,9,"9000,00",10,0,1,202005,0,5,"9000,00"
202005,4,41,410690,J,6311900,-1,212405,101,9,44,"40,00",6,1,0,1,40,0,0,0,"7000,00",8,0,1,202005,0,5,"7000,00"
202005,3,31,317020,J,6204000,1,317110,101,8,44,"40,00",1,3,0,1,20,0,0,0,"1464,19",8,0,1,202005,0,5,"1464,19"
202005,3,35,350570,J,6209100,1,317110,101,9,32,"40,00",6,1,0,1,20,0,0,0,"3500,00",10,0,1,202005,0,5,"3500,00"
202005,4,41,411370,J,6202300,-1,317110,101,9,27,"44,00",6,1,0,1,40,0,0,0,"2238,93",1,0,1,202005,0,5,"2238,93"
202005,3,33,330455,J,6201501,-1,212405,101,8,22,"40,00",3,1,0,1,40,0,0,0,"2052,60",6,0,1,202005,0,5,"2052,60"
202005,3,31,315700,J,6209100,-1,212420,101,7,31,"44,00",6,3,0,1,31,0,0,9,"1828,75",2,0,1,202005,0,5,"1828,75"
202005,3,35,355030,J,6201501,-1,212405,101,9,41,"40,00",2,1,0,1,40,0,0,0,"6599,85",10,0,1,202005,0,5,"6599,85"
202005,3,35,355030,J,6201501,-1,212405,101,9,41,"40,00",1,1,0,1,31,0,0,0,"7785,01",10,0,1,202005,0,5,"7785,01"
202005,3,35,355030,J,6201501,1,317110,101,9,31,"40,00",3,1,0,1,20,0,0,0,"9500,00",9,0,1,202005,0,5,"9500,00"
202005,3,31,310620,J,6204000,-1,317110,101,8,23,"30,00",1,1,0,1,40,0,0,0,"1800,00",8,0,1,202005,0,5,"1800,00"
202005,4,43,431490,J,6201501,-1,212405,101,8,27,"40,00",6,3,0,1,31,0,0,0,"1800,00",6,0,1,202005,0,5,"1800,00"
202005,4,41,410690,J,6201501,-1,212405,101,9,25,"40,00",3,1,0,1,40,0,0,0,"5500,00",9,0,1,202005,0,5,"5500,00"
202005,3,33,330455,J,6204000,1,212405,101,80,47,"40,00",1,3,0,1,20,0,0,0,"8200,00",9,0,1,202005,0,5,"8200,00"
202005,4,42,420540,J,6203100,1,212405,101,7,35,"44,00",6,1,0,1,20,0,0,0,"4000,00",2,0,1,202005,0,5,"4000,00"
202005,3,35,355030,J,6201501,-1,212405,101,8,36,"40,00",2,1,0,1,40,0,0,0,"10500,01",10,0,1,202005,0,5,"10500,01"
202005,3,35,355030,J,6204000,-1,212405,101,8,22,"40,00",3,1,0,1,40,0,0,0,"1600,00",10,0,1,202005,0,5,"1600,00"
202005,3,35,355030,J,6311900,-1,212405,101,9,34,"40,00",3,1,0,1,40,0,0,0,"7070,00",6,0,1,202005,0,5,"7070,00"
202005,5,53,530010,J,6204000,1,212410,101,9,27,"40,00",3,1,0,1,20,0,0,0,"3720,00",8,0,1,202005,0,5,"3720,00"
202005,3,35,355030,J,6204000,1,212405,101,9,29,"40,00",1,1,0,1,20,0,0,0,"3300,00",6,0,1,202005,0,5,"3300,00"
202005,3,35,352470,J,6201501,-1,212410,101,9,37,"40,00",1,1,0,1,40,0,0,0,"5800,00",10,0,1,202005,0,5,"5800,00"
202005,3,35,354990,J,6209100,-1,212420,101,9,24,"40,00",1,1,0,1,31,0,0,0,"1500,00",2,0,1,202005,0,5,"1500,00"
202005,3,33,330455,J,6209100,-1,212420,101,8,35,"40,00",1,1,0,1,40,0,0,0,"6500,00",8,0,1,202005,0,5,"6500,00"
202005,3,35,355030,J,6204000,1,212405,101,80,30,"40,00",1,3,0,1,20,0,0,0,"8000,00",7,0,1,202005,0,5,"8000,00"
202005,3,35,355030,J,6204000,-1,212405,101,9,41,"40,00",6,1,0,1,31,0,0,0,"3552,00",10,0,1,202005,0,5,"3552,00"
202005,3,35,355030,J,6203100,1,212405,101,80,36,"40,00",1,1,0,1,20,0,0,0,"12000,00",6,0,1,202005,0,5,"12000,00"
202005,4,41,410480,J,6202300,-1,212420,101,9,43,"44,00",1,1,0,1,40,0,0,0,"1980,30",6,0,1,202005,0,5,"1980,30"
202005,4,42,420430,J,6203100,1,212420,101,9,25,"42,50",1,1,0,1,20,0,0,0,"3100,00",1,0,1,202005,0,5,"3100,00"
202005,5,52,520110,J,6201501,1,212405,101,8,37,"40,00",3,1,0,1,20,0,0,0,"4400,00",5,0,1,202005,0,5,"4400,00"
202005,3,31,310620,J,6204000,-1,212405,101,9,40,"40,00",1,1,0,1,31,0,0,0,"5373,00",8,0,1,202005,0,5,"5373,00"
202005,3,35,355030,J,6204000,-1,212405,101,80,36,"40,00",1,3,0,1,40,0,0,0,"1620,00",10,0,1,202005,0,5,"1620,00"
202005,3,33,330455,J,6201501,-1,212405,101,9,46,"40,00",6,1,0,1,31,0,0,0,"7148,00",7,0,1,202005,0,5,"7148,00"
202005,4,42,420420,J,6202300,-1,212420,101,8,29,"44,00",1,1,0,1,31,0,0,0,"3750,00",7,0,1,202005,0,5,"3750,00"
202005,3,35,355030,J,6201501,-1,317110,101,7,55,"40,00",3,1,0,1,31,0,0,0,"6574,64",10,0,1,202005,0,5,"6574,64"
202005,2,25,250750,J,6201501,1,212320,101,80,51,"40,00",1,1,0,1,20,0,0,0,"13000,00",7,0,1,202005,0,5,"13000,00"
202005,2,29,291920,J,6201501,1,212405,101,9,33,"44,00",3,1,0,1,20,0,0,0,"5000,00",7,0,1,202005,0,5,"5000,00"
202005,3,31,310620,J,6204000,-1,212405,101,9,24,"40,00",1,3,0,1,40,0,0,0,"6196,80",6,0,1,202005,0,5,"6196,80"
202005,3,33,330455,J,6209100,1,317210,101,7,32,"40,00",3,1,0,1,20,0,0,0,"1550,00",8,0,1,202005,0,5,"1550,00"
202005,5,53,530010,J,6202300,1,212420,101,9,33,"44,00",6,3,0,1,20,0,0,0,"1791,20",4,0,1,202005,0,5,"1791,20"
202005,3,35,350600,J,6311900,1,212410,101,9,36,"40,00",1,3,0,1,20,0,0,0,"3000,00",3,0,1,202005,0,5,"3000,00"
202005,3,35,350950,J,6204000,1,212215,101,9,23,"40,00",1,1,0,1,20,0,0,0,"1675,66",3,0,1,202005,0,5,"1675,66"
202005,3,35,355030,J,6201501,1,317110,101,9,26,"40,00",3,1,0,1,20,0,0,0,"5000,00",5,0,1,202005,0,5,"5000,00"
202005,3,35,355030,J,6201501,-1,212420,101,9,26,"40,00",1,1,0,1,40,0,0,0,"4693,96",10,0,1,202005,0,5,"4693,96"
202005,3,33,330455,J,6203100,-1,212420,101,7,41,"44,00",2,1,0,1,31,0,0,9,"1320,48",3,0,1,202005,0,5,"1320,48"
202005,3,31,310620,J,6202300,1,212315,101,10,29,"40,00",1,1,0,1,20,0,0,0,"10000,00",5,0,1,202005,0,5,"10000,00"
202005,3,33,330455,J,6201501,1,212405,101,9,51,"40,00",1,3,0,1,20,0,0,0,"5940,15",6,0,1,202005,0,5,"5940,15"
202005,3,32,320520,J,6209100,1,212420,101,9,27,"40,00",1,1,0,1,20,0,0,0,"1705,00",5,0,1,202005,0,5,"1705,00"
202005,4,43,430510,J,6203100,1,317110,101,9,30,"40,00",1,1,0,1,20,0,0,0,"3200,00",5,0,1,202005,0,5,"3200,00"
202005,3,35,355030,J,6204000,-1,212420,101,80,37,"40,00",3,1,0,1,31,0,0,0,"1381,45",10,0,1,202005,0,5,"1381,45"
202005,3,35,355030,J,6201501,-1,212405,101,9,23,"40,00",1,1,0,1,40,0,0,0,"5800,00",6,0,1,202005,0,5,"5800,00"
202005,5,53,530010,J,6201501,1,212305,101,9,46,"40,00",3,1,0,1,20,0,0,0,"4248,00",10,0,1,202005,0,5,"4248,00"
202005,3,35,355030,J,6201501,-1,212405,101,9,29,"40,00",1,1,0,1,31,0,0,0,"1344,14",8,0,1,202005,0,5,"1344,14"
202005,2,28,280030,J,6201501,1,212405,101,8,25,"44,00",1,1,0,1,20,0,0,0,"1500,00",4,0,1,202005,0,5,"1500,00"
202005,3,31,310620,J,6204000,1,212420,101,80,31,"40,00",1,1,0,1,20,0,0,0,"2000,00",7,0,1,202005,0,5,"2000,00"
202005,3,35,355030,J,6201501,-1,212405,101,80,56,"40,00",1,1,0,1,31,0,0,0,"2389,03",2,0,1,202005,0,5,"2389,03"
202005,3,35,355030,J,6201501,1,212405,101,9,30,"40,00",3,1,0,1,20,0,0,0,"2015,00",8,0,1,202005,0,5,"2015,00"
202005,3,35,351150,J,6209100,-1,317105,101,7,32,"44,00",1,1,0,1,31,0,0,0,"1408,35",3,0,1,202005,0,5,"1408,35"
202005,3,35,350570,J,6201501,-1,212405,101,9,32,"40,00",3,1,0,1,31,0,0,0,"3495,00",8,0,1,202005,0,5,"3495,00"
202005,3,33,330455,J,6204000,1,212420,101,7,44,"40,00",3,1,0,1,20,0,0,0,"4537,29",6,0,1,202005,0,5,"4537,29"
202005,4,42,420240,J,6201501,-1,317210,101,8,23,"40,00",1,1,0,1,31,0,0,0,"2441,56",8,0,1,202005,0,5,"2441,56"
202005,3,35,355030,J,6204000,1,212405,101,9,36,"40,00",1,1,0,1,20,0,0,0,"10390,59",6,0,1,202005,0,5,"10390,59"
202005,3,33,330455,J,6204000,1,212405,101,9,26,"40,00",2,1,0,1,20,0,0,0,"2150,63",6,0,1,202005,0,5,"2150,63"
202005,4,43,431870,J,6204000,1,212405,101,8,23,"40,00",2,1,0,1,20,0,0,0,"5564,00",10,0,1,202005,0,5,"5564,00"
202005,3,35,350570,J,6311900,-1,212405,101,9,23,"40,00",1,1,0,1,40,0,0,0,"4398,00",1,0,1,202005,0,5,"4398,00"
202005,2,26,261160,J,6202300,-1,317110,101,9,34,"40,00",3,1,0,1,40,0,0,0,"5388,67",8,0,1,202005,0,5,"5388,67"
202005,5,53,530010,J,6203100,-1,212405,101,9,32,"44,00",1,1,0,1,40,0,0,0,"6500,00",7,0,1,202005,0,5,"6500,00"
202005,3,31,310620,J,6201501,-1,212405,101,9,38,"40,00",3,3,0,1,40,0,0,0,"6016,20",7,0,1,202005,0,5,"6016,20"
202005,4,43,431490,J,6203100,1,212420,101,7,21,"40,00",1,1,0,1,20,0,0,0,"1880,00",7,0,1,202005,0,5,"1880,00"
202005,3,35,355030,J,6204000,1,212420,101,9,37,"40,00",1,3,0,1,35,0,0,0,"2397,25",10,0,1,202005,0,5,"2397,25"
202005,4,41,411520,J,6201501,-1,317110,101,9,24,"44,00",1,1,0,1,31,0,0,0,"2650,00",8,0,1,202005,0,5,"2650,00"
202005,3,33,330100,J,6201501,-1,212405,101,9,36,"40,00",3,1,0,1,31,0,0,0,"3069,46",9,0,1,202005,0,5,"3069,46"
202005,3,35,350280,J,6201501,1,212420,101,9,41,"40,00",1,1,0,1,20,0,0,0,"8115,79",7,0,1,202005,0,5,"8115,79"
202005,3,31,313670,J,6202300,-1,212420,101,8,23,"40,00",1,1,0,1,31,0,0,0,"1631,82",6,0,1,202005,0,5,"1631,82"
202005,3,35,355030,J,6201501,1,317110,101,9,37,"40,00",3,1,0,1,20,0,0,0,"10117,60",10,0,1,202005,0,5,"10117,60"
202005,3,35,355030,J,6204000,-1,212320,101,9,29,"40,00",1,1,0,1,43,0,0,0,"3000,00",3,0,1,202005,0,5,"3000,00"
202005,4,43,430510,J,6209100,1,212410,101,9,34,"44,00",1,1,0,1,20,0,0,0,"4500,00",3,0,1,202005,0,5,"4500,00"
202005,4,41,411370,J,6209100,1,317110,101,9,30,"44,00",6,1,0,1,20,0,0,0,"4000,00",8,0,1,202005,0,5,"4000,00"
202005,4,43,430470,J,6201501,-1,317110,101,8,25,"44,00",1,1,0,1,31,0,0,0,"2500,00",2,0,1,202005,0,5,"2500,00"
202005,3,35,350950,J,6201501,-1,212210,101,9,27,"40,00",1,1,0,1,40,0,0,0,"5630,00",10,0,1,202005,0,5,"5630,00"
202005,3,35,350570,J,6201501,1,317110,101,8,20,"40,00",1,1,0,1,20,0,0,0,"5000,00",7,0,1,202005,0,5,"5000,00"
202005,3,35,350570,J,6202300,1,212405,101,9,29,"40,00",3,1,0,1,20,0,0,0,"5025,00",7,0,1,202005,0,5,"5025,00"
202005,3,35,350950,J,6204000,1,212405,101,9,23,"40,00",1,3,0,1,20,0,0,0,"8500,00",10,0,1,202005,0,5,"8500,00"
202005,3,31,313670,J,6204000,-1,212415,101,9,29,"45,00",1,1,0,1,40,0,0,0,"2400,00",5,0,1,202005,0,5,"2400,00"
202005,3,35,355030,J,6311900,1,212405,101,9,21,"40,00",1,1,0,1,20,0,0,0,"6986,00",1,0,1,202005,0,5,"6986,00"
202005,3,35,355030,J,6201501,-1,317210,101,9,29,"36,00",2,3,0,1,31,0,0,0,"1508,00",10,0,1,202005,0,5,"1508,00"
202005,3,33,330455,J,6201501,1,212420,101,9,25,"40,00",6,1,0,1,20,0,0,0,"2475,60",6,0,1,202005,0,5,"2475,60"
202005,3,33,330455,J,6209100,1,212405,101,9,34,"40,00",1,1,0,1,20,0,0,0,"5000,00",6,0,1,202005,0,5,"5000,00"
202005,3,31,310620,J,6204000,1,212405,101,80,46,"36,00",1,1,0,1,20,0,0,0,"3000,00",7,0,1,202005,0,5,"3000,00"
202005,1,13,130260,J,6209100,1,212405,101,8,21,"44,00",1,1,0,1,20,0,0,0,"2000,00",6,0,1,202005,0,5,"2000,00"
202005,3,35,355030,J,6204000,-1,212405,101,9,33,"40,00",3,1,0,1,40,0,0,0,"8717,00",10,0,1,202005,0,5,"8717,00"
202005,5,53,530010,J,6201501,1,317110,101,8,30,"44,00",3,1,0,1,20,0,0,0,"4000,00",8,0,1,202005,0,5,"4000,00"
202005,3,32,320530,J,6209100,-1,212405,101,9,26,"40,00",1,1,0,1,40,0,0,0,"2489,32",9,0,1,202005,0,5,"2489,32"
202005,3,35,355030,J,6201501,-1,212405,101,9,48,"40,00",1,1,0,1,31,0,0,0,"2060,66",8,0,1,202005,0,5,"2060,66"
202005,3,35,350570,J,6209100,1,317110,101,9,27,"40,00",6,1,0,1,20,0,0,0,"10000,00",10,0,1,202005,0,5,"10000,00"
202005,4,43,431870,J,6201501,1,212405,101,8,38,"44,00",1,1,0,1,20,0,0,0,"7600,00",8,0,1,202005,0,5,"7600,00"
202005,5,53,530010,J,6201501,-1,317110,101,9,28,"40,00",3,1,0,1,40,0,0,0,"5200,00",10,0,1,202005,0,5,"5200,00"
202005,4,42,420240,J,6201501,1,212405,101,7,33,"44,00",1,1,0,1,20,0,0,0,"8650,00",1,0,1,202005,0,5,"8650,00"
202005,4,43,431490,J,6201501,-1,317110,101,7,22,"44,00",1,1,0,1,31,0,0,0,"3360,00",5,0,1,202005,0,5,"3360,00"
202005,5,53,530010,J,6204000,-1,212405,101,80,39,"40,00",3,3,0,1,40,0,0,0,"6200,00",9,0,1,202005,0,5,"6200,00"
202005,3,33,330455,J,6201501,-1,212310,101,8,34,"40,00",1,1,0,1,31,0,0,0,"7332,48",6,0,1,202005,0,5,"7332,48"
202005,3,31,310620,J,6209100,1,317205,101,8,23,"44,00",1,3,0,1,20,0,0,0,"1188,57",10,0,1,202005,0,5,"1188,57"
202005,5,53,530010,J,6201501,1,212405,101,11,33,"40,00",3,3,0,1,20,0,0,0,"5390,00",10,0,1,202005,0,5,"5390,00"
202005,3,35,350160,J,6201501,1,317210,101,9,28,"40,00",3,1,0,1,20,0,0,0,"1675,56",8,0,1,202005,0,5,"1675,56"
202005,3,33,330455,J,6204000,-1,212405,101,8,31,"40,00",1,3,0,1,43,0,0,0,"6000,00",4,0,1,202005,0,5,"6000,00"
202005,3,35,355030,J,6204000,1,317205,101,9,39,"44,00",1,1,0,1,20,0,0,0,"1100,00",6,0,1,202005,0,5,"1100,00"
202005,3,31,317020,J,6203100,1,212405,101,9,41,"40,00",1,1,0,1,20,0,0,0,"8000,00",7,0,1,202005,0,5,"8000,00"
202005,3,32,320530,J,6201501,-1,212405,101,9,30,"40,00",2,1,0,1,31,0,0,0,"3000,00",7,0,1,202005,0,5,"3000,00"
202005,3,31,314710,J,6209100,-1,212420,101,8,31,"44,00",1,1,0,1,31,0,0,0,"1872,00",2,0,1,202005,0,5,"1872,00"
202005,3,35,355030,J,6201501,-1,212405,101,8,38,"40,00",1,1,0,1,40,0,0,0,"3689,02",7,0,1,202005,0,5,"3689,02"
202005,4,42,420420,J,6203100,1,317110,101,9,29,"44,00",1,1,0,1,20,0,0,9,"2620,00",7,0,1,202005,0,5,"2620,00"
202005,3,31,314480,J,6209100,-1,212310,101,9,36,"40,00",1,1,0,1,40,0,0,0,"8832,35",4,0,1,202005,0,5,"8832,35"
202005,4,42,420910,J,6201501,1,317110,101,7,30,"40,00",2,1,0,1,20,0,0,0,"9000,00",5,0,1,202005,0,5,"9000,00"
202005,3,35,350950,J,6201501,-1,212315,101,9,33,"40,00",6,1,0,1,40,0,0,0,"6000,00",6,0,1,202005,0,5,"6000,00"
202005,3,35,355030,J,6201501,-1,212405,101,9,41,"40,00",1,1,0,1,31,0,0,0,"11392,08",9,0,1,202005,0,5,"11392,08"
202005,5,53,530010,J,6203100,1,212405,101,9,28,"44,00",3,1,0,1,20,0,0,0,"6000,00",8,0,1,202005,0,5,"6000,00"
202005,3,35,352470,J,6201501,-1,317210,101,7,35,"44,00",1,1,0,1,31,0,0,0,"1587,00",10,0,1,202005,0,5,"1587,00"
202005,3,35,355030,J,6203100,1,212215,101,9,33,"44,00",1,1,0,1,20,0,0,9,"13400,00",4,0,1,202005,0,5,"13400,00"
202005,3,35,355030,J,6311900,-1,212405,101,9,27,"44,00",2,1,0,1,40,0,0,0,"7300,00",9,0,1,202005,0,5,"7300,00"
202005,4,43,431490,J,6204000,-1,212410,101,9,40,"44,00",1,1,0,1,31,0,0,0,"3589,25",3,0,1,202005,0,5,"3589,25"
202005,3,35,355030,J,6202300,-1,212420,101,8,28,"44,00",3,3,0,1,31,0,0,0,"1521,43",6,0,1,202005,0,5,"1521,43"
202005,3,35,350570,J,6204000,1,317110,101,8,34,"40,00",6,1,0,1,20,0,0,0,"3500,00",9,0,1,202005,0,5,"3500,00"
202005,4,43,431490,J,6204000,-1,212405,101,9,39,"44,00",6,3,0,1,31,0,0,0,"4995,76",1,0,1,202005,0,5,"4995,76"
202005,3,33,330330,J,6204000,1,212405,101,9,25,"40,00",3,3,0,1,20,0,0,0,"6240,00",8,0,1,202005,0,5,"6240,00"
202005,3,35,355030,J,6311900,1,212405,101,9,24,"40,00",1,1,0,1,20,0,0,0,"2100,00",4,0,1,202005,0,5,"2100,00"
202005,3,35,352900,J,6204000,-1,317110,101,8,21,"40,00",1,1,0,1,43,0,0,0,"1750,63",5,0,1,202005,0,5,"1750,63"
202005,3,31,310620,J,6204000,-1,212420,101,6,22,"44,00",6,1,0,1,40,0,0,0,"2009,92",6,0,1,202005,0,5,"2009,92"
202005,3,35,353440,J,6201501,-1,212405,101,9,37,"40,00",3,3,0,1,43,0,0,0,"4500,00",9,0,1,202005,0,5,"4500,00"
202005,4,41,410690,J,6201501,-1,212420,101,9,32,"40,00",1,1,0,1,31,0,0,0,"5543,77",9,0,1,202005,0,5,"5543,77"
202005,2,26,261160,J,6204000,-1,317210,101,7,30,"36,00",6,1,0,1,31,0,0,0,"1341,06",6,0,1,202005,0,5,"1341,06"
202005,3,35,355030,J,6204000,1,317110,101,9,27,"44,00",4,1,0,1,20,0,0,9,"4500,00",10,0,1,202005,0,5,"4500,00"
202005,3,31,310620,J,6201501,1,212405,101,9,36,"40,00",3,1,0,1,20,0,0,0,"7300,00",6,0,1,202005,0,5,"7300,00"
202005,4,41,411370,J,6203100,-1,317210,101,9,28,"40,00",1,1,0,1,40,0,0,0,"1339,80",8,0,1,202005,0,5,"1339,80"
202005,3,35,355030,J,6201501,1,212405,101,7,30,"40,00",6,3,0,1,20,0,0,0,"8500,00",9,0,1,202005,0,5,"8500,00"
202005,3,35,355030,J,6201501,-1,212405,101,9,44,"40,00",2,1,0,1,40,0,0,0,"8443,68",6,0,1,202005,0,5,"8443,68"
202005,5,53,530010,J,6204000,1,212410,101,9,35,"38,57",3,1,0,1,20,0,0,0,"6305,00",8,0,1,202005,0,5,"6305,00"
202005,3,35,352470,J,6201501,-1,317210,101,9,52,"40,00",3,1,0,1,31,0,0,0,"1587,00",10,0,1,202005,0,5,"1587,00"
202005,3,35,350950,J,6204000,-1,142520,101,9,53,"40,00",1,1,0,1,31,0,0,0,"7000,00",10,0,1,202005,0,5,"7000,00"
202005,4,42,420240,J,6201501,-1,317110,101,9,26,"44,00",1,1,0,1,40,0,0,0,"3094,80",10,0,1,202005,0,5,"3094,80"
202005,2,26,261160,J,6201501,1,212405,101,9,27,"40,00",2,1,0,1,20,0,0,0,"6102,88",8,0,1,202005,0,5,"6102,88"
202005,3,35,355030,J,6202300,1,212405,101,9,46,"40,00",3,1,0,1,20,0,0,0,"7000,00",6,0,1,202005,0,5,"7000,00"
202005,4,42,420240,J,6202300,1,212420,101,9,26,"40,00",1,1,0,1,20,0,0,0,"5155,00",9,0,1,202005,0,5,"5155,00"
202005,3,35,355030,J,6201501,-1,212405,101,7,20,"40,00",6,3,0,1,40,0,0,0,"2000,00",6,0,1,202005,0,5,"2000,00"
202005,4,41,410480,J,6202300,1,212420,101,7,29,"44,00",6,1,0,1,20,0,0,0,"2000,00",1,0,1,202005,0,5,"2000,00"
202005,2,25,250400,J,6201501,-1,212405,101,9,31,"40,00",3,1,0,1,40,0,0,0,"2400,00",5,0,1,202005,0,5,"2400,00"
202005,3,33,330455,J,6204000,1,142520,101,80,38,"40,00",3,3,0,1,20,0,0,0,"7500,00",9,0,1,202005,0,5,"7500,00"
202005,3,35,355030,J,6201501,-1,212405,101,8,26,"40,00",1,1,0,1,40,0,0,0,"4086,34",10,0,1,202005,0,5,"4086,34"
202005,3,31,310620,J,6204000,1,212420,101,7,34,"40,00",1,1,0,1,20,0,0,0,"2063,00",4,0,1,202005,0,5,"2063,00"
202005,3,35,352470,J,6201501,-1,212410,101,80,27,"40,00",1,1,0,1,40,0,0,0,"5000,00",10,0,1,202005,0,5,"5000,00"
202005,3,35,350570,J,6201501,1,212405,101,80,36,"40,00",1,3,0,1,20,0,0,0,"1679,54",7,0,1,202005,0,5,"1679,54"
202005,3,35,350570,J,6209100,-1,212420,101,7,22,"44,00",1,1,0,1,40,0,0,0,"2000,00",5,0,1,202005,0,5,"2000,00"
202005,3,35,355030,J,6201501,-1,142520,101,9,50,"40,00",4,3,0,1,43,0,0,0,"8500,00",5,0,1,202005,0,5,"8500,00"
202005,3,35,355030,J,6201501,-1,317110,101,9,35,"40,00",3,1,0,1,40,0,0,0,"8822,86",9,0,1,202005,0,5,"8822,86"
202005,4,41,410690,J,6203100,-1,212405,101,9,35,"40,00",6,1,0,1,31,0,0,0,"8240,00",7,0,1,202005,0,5,"8240,00"
202005,2,24,240810,J,6202300,1,317110,101,9,29,"44,00",6,1,0,1,20,0,0,0,"1640,00",3,0,1,202005,0,5,"1640,00"
202005,3,35,355030,J,6204000,1,212405,101,9,30,"44,00",2,3,0,1,20,0,0,9,"7000,00",10,0,1,202005,0,5,"7000,00"
202005,3,31,310620,J,6204000,1,212405,101,9,48,"40,00",1,1,0,1,20,0,0,0,"11560,00",7,0,1,202005,0,5,"11560,00"
202005,3,35,355030,J,6201501,1,212405,101,8,26,"40,00",1,1,0,1,20,0,0,0,"6500,00",8,0,1,202005,0,5,"6500,00"
202005,3,35,355030,J,6204000,-1,212410,101,7,73,"40,00",6,1,0,1,31,0,0,0,"4857,13",6,0,1,202005,0,5,"4857,13"
202005,3,35,350570,J,6201501,1,212405,101,7,24,"40,00",3,1,0,1,20,0,0,0,"1507,00",8,0,1,202005,0,5,"1507,00"
202005,3,31,310620,J,6203100,-1,317210,101,7,25,"40,00",1,1,0,1,40,0,0,0,"1620,25",9,0,1,202005,0,5,"1620,25"
202005,3,33,330455,J,6203100,-1,142520,101,9,48,"40,00",1,1,0,1,31,0,0,0,"23088,72",6,0,1,202005,0,5,"23088,72"
202005,3,31,310620,J,6209100,-1,212420,101,7,36,"44,00",3,3,0,1,31,0,0,0,"2235,31",10,0,1,202005,0,5,"2235,31"
202005,4,41,410690,J,6204000,-1,212405,101,8,38,"40,00",6,1,0,1,31,0,0,0,"2800,00",7,0,1,202005,0,5,"2800,00"
202005,4,43,431870,J,6202300,-1,317210,101,7,26,"40,00",6,1,0,1,31,0,0,0,"2876,24",6,0,1,202005,0,5,"2876,24"
202005,3,31,317020,J,6204000,1,317110,101,8,36,"44,00",1,3,0,1,20,0,0,9,"4400,00",8,0,1,202005,0,5,"4400,00"
202005,3,35,353440,J,6311900,-1,317210,101,7,31,"36,00",3,3,0,1,31,0,0,0,"1211,39",8,0,1,202005,0,5,"1211,39"
202005,3,35,355030,J,6201501,1,212405,101,80,33,"40,00",1,1,0,1,20,0,0,0,"10000,00",10,0,1,202005,0,5,"10000,00"
202005,3,31,317020,J,6204000,1,142520,101,9,68,"40,00",1,1,0,1,20,0,0,0,"5800,00",8,0,1,202005,0,5,"5800,00"
202005,3,35,355030,J,6203100,1,212405,101,9,55,"40,00",1,3,0,1,20,0,0,0,"5400,00",3,0,1,202005,0,5,"5400,00"
202005,3,32,320530,J,6201501,-1,142510,101,9,43,"40,00",3,1,0,1,40,0,0,0,"14338,73",6,0,1,202005,0,5,"14338,73"
202005,4,41,410830,J,6201501,1,317110,101,7,34,"44,00",1,1,0,1,20,0,0,0,"2500,00",1,0,1,202005,0,5,"2500,00"
202005,3,35,350570,J,6201501,-1,212420,101,9,26,"40,00",1,1,0,1,31,0,0,0,"4238,93",5,0,1,202005,0,5,"4238,93"
202005,3,35,355500,J,6209100,-1,317110,101,8,26,"40,00",1,1,0,1,31,0,0,0,"2340,67",3,0,1,202005,0,5,"2340,67"
202005,3,35,350570,J,6202300,-1,212405,101,8,27,"40,00",1,1,0,1,40,0,0,0,"13000,00",7,0,1,202005,0,5,"13000,00"
202005,3,35,355030,J,6201501,-1,317110,101,80,32,"40,00",3,1,0,1,40,0,0,0,"6900,40",10,0,1,202005,0,5,"6900,40"
202005,4,43,431870,J,6204000,1,212405,101,8,32,"40,00",1,3,0,1,20,0,0,0,"5564,00",10,0,1,202005,0,5,"5564,00"
202005,3,31,315960,J,6311900,1,212405,101,9,32,"40,00",1,1,0,1,20,0,0,0,"5000,00",1,0,1,202005,0,5,"5000,00"
202005,3,35,350570,J,6201501,-1,212405,101,8,25,"40,00",1,1,0,1,40,0,0,0,"2000,00",8,0,1,202005,0,5,"2000,00"
202005,3,31,310620,J,6201501,1,212420,101,7,28,"40,00",1,1,0,1,20,0,0,0,"1693,27",9,0,1,202005,0,5,"1693,27"
202005,3,35,355030,J,6202300,-1,212405,101,8,22,"40,00",3,1,0,1,40,0,0,0,"4500,00",6,0,1,202005,0,5,"4500,00"
202005,4,41,410690,J,6204000,-1,212420,101,9,28,"40,00",4,1,0,1,31,0,0,0,"1401,60",8,0,1,202005,0,5,"1401,60"
202005,3,35,355030,J,6203100,1,212405,101,10,26,"44,00",1,1,0,1,20,0,0,0,"5000,00",9,0,1,202005,0,5,"5000,00"
202005,4,41,410690,J,6201501,-1,212405,101,9,37,"40,00",2,1,0,1,31,0,0,0,"7000,00",6,0,1,202005,0,5,"7000,00"
202005,4,41,410690,J,6311900,-1,317205,101,8,23,"40,00",6,1,0,1,40,0,0,0,"1814,76",8,0,1,202005,0,5,"1814,76"
202005,4,42,420570,J,6209100,-1,212420,101,8,43,"44,00",1,1,0,1,31,0,0,0,"1548,90",4,0,1,202005,0,5,"1548,90"
202005,3,32,320190,J,6201501,-1,317210,101,9,30,"40,00",1,1,0,1,31,0,0,0,"2726,87",8,0,1,202005,0,5,"2726,87"
202005,3,31,310620,J,6201501,1,212405,101,8,26,"44,00",1,1,0,1,20,0,0,9,"6700,00",5,0,1,202005,0,5,"6700,00"
202005,3,35,350570,J,6204000,-1,317110,101,9,31,"40,00",1,1,0,1,40,0,0,0,"4195,49",9,0,1,202005,0,5,"4195,49"
202005,2,29,291480,J,6311900,-1,317210,101,7,28,"40,00",1,1,0,1,31,0,0,0,"1591,00",4,0,1,202005,0,5,"1591,00"
202005,3,35,355030,J,6204000,1,212305,101,80,32,"44,00",1,1,0,1,20,0,0,9,"12248,40",8,0,1,202005,0,5,"12248,40"
202005,3,35,350570,J,6201501,1,212405,101,9,37,"40,00",3,1,0,1,20,0,0,0,"7000,00",9,0,1,202005,0,5,"7000,00"
202005,3,35,355030,J,6202300,-1,317110,101,9,30,"40,00",1,1,0,1,40,0,0,0,"7535,54",7,0,1,202005,0,5,"7535,54"
202005,3,35,355030,J,6204000,-1,212420,101,9,43,"40,00",3,1,0,1,31,0,0,0,"1381,45",10,0,1,202005,0,5,"1381,45"
202005,5,53,530010,J,6201501,1,142520,101,80,36,"40,00",1,1,0,1,20,0,0,0,"14000,00",10,0,1,202005,0,5,"14000,00"
202005,4,41,410690,J,6203100,1,317110,101,9,26,"40,00",6,1,0,1,20,0,0,0,"6500,00",5,0,1,202005,0,5,"6500,00"
202005,3,35,350570,J,6201501,1,212405,101,9,24,"40,00",1,1,0,1,20,0,0,0,"2000,00",8,0,1,202005,0,5,"2000,00"
202005,5,52,520110,J,6201501,1,212405,101,9,26,"40,00",3,1,0,1,20,0,0,0,"2600,00",5,0,1,202005,0,5,"2600,00"
202005,3,31,310620,J,6204000,1,212420,101,9,37,"40,00",3,1,0,1,20,0,0,0,"2251,00",7,0,1,202005,0,5,"2251,00"
202005,3,33,330455,J,6201501,-1,212405,101,7,34,"44,00",6,1,0,1,31,0,0,0,"6500,00",4,0,1,202005,0,5,"6500,00"
202005,4,42,420420,J,6202300,1,317205,101,8,23,"44,00",1,1,0,1,20,0,0,0,"1644,00",4,0,1,202005,0,5,"1644,00"
202005,3,35,353440,J,6311900,-1,317210,101,7,24,"44,00",6,1,0,1,31,0,0,0,"1412,96",8,0,1,202005,0,5,"1412,96"
202005,3,31,310620,J,6201501,1,212215,101,9,23,"40,00",2,1,0,1,20,0,0,0,"7300,00",6,0,1,202005,0,5,"7300,00"
202005,3,31,310620,J,6204000,1,212405,101,9,49,"40,00",1,3,0,1,10,0,0,0,"12000,00",8,0,1,202005,0,5,"12000,00"
202005,3,35,355030,J,6204000,1,142515,101,9,37,"40,00",1,1,0,1,20,0,0,0,"26000,00",8,0,1,202005,0,5,"26000,00"
202005,4,43,430960,J,6203100,-1,317110,101,7,19,"44,00",1,3,0,1,40,0,0,0,"1550,70",6,0,1,202005,0,5,"1550,70"
202005,3,35,350950,J,6203100,1,317110,101,9,43,"40,00",1,1,0,1,20,0,0,0,"4388,16",4,0,1,202005,0,5,"4388,16"
202005,3,35,350950,J,6201501,-1,212405,101,8,19,"40,00",6,1,0,1,40,0,0,0,"3000,00",5,0,1,202005,0,5,"3000,00"
202005,3,31,310620,J,6201501,-1,317110,101,9,29,"40,00",3,1,0,1,40,0,0,0,"6300,08",7,0,1,202005,0,5,"6300,08"
202005,4,42,420420,J,6202300,1,317210,101,7,22,"44,00",1,1,0,1,20,0,0,0,"2300,00",4,0,1,202005,0,5,"2300,00"
202005,3,35,355030,J,6201501,1,212405,101,9,35,"40,00",3,1,0,1,20,0,0,0,"9845,58",5,0,1,202005,0,5,"9845,58"
202005,2,21,211130,J,6209100,-1,317105,101,7,34,"44,00",3,1,0,1,31,0,0,0,"4497,79",3,0,1,202005,0,5,"4497,79"
202005,4,41,411850,J,6203100,1,317110,101,8,22,"40,00",1,1,0,1,20,0,0,0,"2300,00",2,0,1,202005,0,5,"2300,00"
202005,3,33,330455,J,6204000,-1,212405,101,9,43,"40,00",6,1,0,1,40,0,0,0,"4500,00",8,0,1,202005,0,5,"4500,00"
202005,4,43,430210,J,6202300,1,317210,101,8,31,"40,00",6,3,0,1,20,0,0,0,"2500,00",5,0,1,202005,0,5,"2500,00"
202005,3,35,355030,J,6201501,1,212215,101,9,34,"44,00",1,1,0,1,20,0,0,9,"52836,00",8,0,1,202005,0,5,"52836,00"
202005,4,42,420420,J,6203100,-1,212315,101,7,35,"44,00",6,3,0,1,40,0,0,0,"2666,47",7,0,1,202005,0,5,"2666,47"
202005,3,35,350570,J,6209100,1,212410,101,9,37,"40,00",5,1,0,1,10,0,0,0,"1551,29",10,0,1,202005,0,5,"1551,29"
202005,3,35,355030,J,6202300,1,212405,101,9,58,"40,00",1,1,0,1,20,0,0,0,"4600,00",6,0,1,202005,0,5,"4600,00"
202005,3,31,310620,J,6209100,1,212405,101,9,29,"37,50",6,1,0,1,20,0,0,0,"6818,35",9,0,1,202005,0,5,"6818,35"
202005,3,35,352470,J,6201501,-1,212405,101,11,39,"40,00",1,1,0,1,31,0,0,0,"7000,00",10,0,1,202005,0,5,"7000,00"
202005,3,35,355030,J,6201501,-1,317110,101,9,50,"44,00",1,1,0,1,40,0,0,0,"2000,00",2,0,1,202005,0,5,"2000,00"
202005,3,35,350570,J,6209100,1,317110,101,9,34,"40,00",6,1,0,1,20,0,0,0,"9000,00",10,0,1,202005,0,5,"9000,00"
202005,3,35,355030,J,6204000,1,212405,101,80,34,"40,00",3,1,0,1,20,0,0,0,"8000,00",7,0,1,202005,0,5,"8000,00"
202005,3,35,355030,J,6204000,1,212405,101,8,26,"40,00",6,3,0,1,20,0,0,0,"1675,56",6,0,1,202005,0,5,"1675,56"
202005,3,31,310620,J,6203100,-1,212405,101,9,29,"44,00",3,1,0,1,40,0,0,0,"3300,00",5,0,1,202005,0,5,"3300,00"
202005,5,53,530010,J,6204000,1,212410,101,9,28,"40,00",3,1,0,1,20,0,0,0,"4500,00",1,0,1,202005,0,5,"4500,00"
202005,2,29,292740,J,6204000,1,212405,101,9,31,"44,00",1,1,0,1,20,0,0,0,"4100,00",9,0,1,202005,0,5,"4100,00"
202005,3,35,354990,J,6202300,1,212405,101,9,29,"40,00",1,1,0,1,20,0,0,0,"2500,00",4,0,1,202005,0,5,"2500,00"
202005,4,42,420910,J,6209100,-1,212420,101,9,42,"42,50",1,1,0,1,31,0,0,0,"3500,00",5,0,1,202005,0,5,"3500,00"
202005,3,35,355030,J,6201501,1,212405,101,9,36,"40,00",1,1,0,1,20,0,0,0,"6500,00",9,0,1,202005,0,5,"6500,00"
202005,3,35,355030,J,6202300,-1,317110,101,9,32,"40,00",1,1,0,1,90,0,0,0,"6500,00",3,0,1,202005,0,5,"6500,00"
202005,3,35,355030,J,6203100,-1,212305,101,10,34,"40,00",1,3,0,1,40,0,0,0,"7725,00",10,0,1,202005,0,5,"7725,00"
202005,3,35,350570,J,6201501,-1,212215,101,9,31,"40,00",3,1,0,1,31,0,0,0,"8136,93",9,0,1,202005,0,5,"8136,93"
202005,3,35,355030,J,6202300,-1,317110,101,9,23,"40,00",3,3,0,1,31,0,0,0,"3724,33",5,0,1,202005,0,5,"3724,33"
202005,3,35,355030,J,6209100,1,212215,101,9,28,"40,00",1,1,0,1,20,0,0,0,"12000,00",5,0,1,202005,0,5,"12000,00"
202005,3,35,350950,J,6204000,1,317110,101,7,25,"40,00",2,1,0,1,20,0,0,0,"2300,00",2,0,1,202005,0,5,"2300,00"
202005,3,35,355030,J,6204000,-1,212405,101,9,28,"40,00",2,1,0,1,40,0,0,0,"4600,00",10,0,1,202005,0,5,"4600,00"
202005,5,52,521880,J,6202300,-1,212420,101,9,23,"44,00",6,1,0,1,40,1,0,0,"1970,75",6,0,1,202005,0,5,"1970,75"
202005,3,35,355030,J,6201501,-1,212405,101,9,26,"40,00",1,1,0,1,40,0,0,0,"5058,50",10,0,1,202005,0,5,"5058,50"
202005,5,53,530010,J,6201501,-1,317110,101,80,31,"40,00",3,1,0,1,40,0,0,0,"7500,00",7,0,1,202005,0,5,"7500,00"
202005,3,31,314480,J,6209100,-1,212405,101,9,37,"40,00",3,1,0,1,31,0,0,0,"9806,00",9,0,1,202005,0,5,"9806,00"
202005,3,35,355030,J,6201501,1,317110,101,9,24,"40,00",1,1,0,1,10,0,0,0,"7100,00",6,0,1,202005,0,5,"7100,00"
202005,3,32,320530,J,6204000,1,212410,101,7,42,"40,00",3,1,0,1,20,0,0,0,"5283,32",6,0,1,202005,0,5,"5283,32"
202005,3,32,320530,J,6204000,-1,212405,101,9,36,"40,00",3,1,0,1,40,0,0,0,"3498,00",6,0,1,202005,0,5,"3498,00"
202005,3,31,310620,J,6209100,-1,317205,101,6,60,"36,00",3,1,0,1,31,0,0,0,"1326,33",9,0,1,202005,0,5,"1326,33"
202005,3,35,355030,J,6201501,-1,212410,101,80,37,"40,00",1,1,0,1,40,0,0,0,"15000,00",8,0,1,202005,0,5,"15000,00"
202005,4,42,420290,J,6203100,-1,317210,101,5,36,"44,00",6,1,0,1,43,0,0,0,"1742,42",6,0,1,202005,0,5,"1742,42"
202005,3,35,354340,J,6202300,-1,212405,101,9,27,"40,00",1,1,0,1,40,0,0,0,"4527,89",8,0,1,202005,0,5,"4527,89"
202005,2,23,230440,J,6203100,1,317110,101,9,30,"40,00",3,1,0,1,20,0,0,0,"5000,00",1,0,1,202005,0,5,"5000,00"
202005,3,35,350570,J,6201501,1,212415,101,8,21,"40,00",1,1,0,1,20,0,0,0,"4500,00",7,0,1,202005,0,5,"4500,00"
202005,3,35,355030,J,6204000,1,212405,101,9,36,"40,00",6,1,0,1,20,1,0,0,"8000,00",6,0,1,202005,0,5,"8000,00"
202005,3,35,352590,J,6209100,-1,212405,101,9,47,"40,00",1,1,0,1,31,0,0,0,"2172,03",4,0,1,202005,0,5,"2172,03"
202005,3,35,355030,J,6204000,1,212420,101,80,53,"40,00",1,1,0,1,20,0,0,0,"7200,00",6,0,1,202005,0,5,"7200,00"
202005,4,41,410690,J,6204000,-1,212405,101,9,51,"40,00",1,1,0,1,31,0,0,0,"5275,31",7,0,1,202005,0,5,"5275,31"
202005,3,35,355030,J,6204000,1,317110,101,9,23,"44,00",1,1,0,1,20,0,0,9,"4500,00",10,0,1,202005,0,5,"4500,00"
202005,5,53,530010,J,6201501,-1,317110,101,8,28,"44,00",3,1,0,1,40,0,0,0,"1838,72",8,0,1,202005,0,5,"1838,72"
202005,3,35,352590,J,6204000,-1,212405,101,9,44,"44,00",2,3,0,1,31,0,0,0,"9576,00",8,0,1,202005,0,5,"9576,00"
202005,3,35,355030,J,6204000,-1,212420,101,8,21,"40,00",6,1,0,1,40,0,0,0,"3000,00",5,0,1,202005,0,5,"3000,00"
202005,3,31,310620,J,6202300,1,212405,101,9,24,"30,00",2,3,0,1,20,0,0,0,"3077,24",7,0,1,202005,0,5,"3077,24"
202005,4,42,420240,J,6203100,1,317110,101,8,21,"44,00",1,1,0,1,20,0,0,0,"2800,00",9,0,1,202005,0,5,"2800,00"
202005,4,41,410480,J,6203100,-1,212405,101,9,22,"44,00",1,1,0,1,40,0,0,0,"1500,00",2,0,1,202005,0,5,"1500,00"
202005,3,35,352470,J,6201501,-1,212405,101,9,25,"40,00",1,1,0,1,40,0,0,0,"2800,00",10,0,1,202005,0,5,"2800,00"
202005,3,35,354890,J,6201501,-1,317110,101,7,36,"40,00",1,1,0,1,40,0,0,0,"4111,50",7,0,1,202005,0,5,"4111,50"
202005,1,13,130260,J,6204000,-1,317110,101,7,30,"44,00",1,1,0,1,43,0,0,0,"1300,00",3,0,1,202005,0,5,"1300,00"
202005,4,42,420240,J,6203100,1,317110,101,8,22,"44,00",3,1,0,1,20,0,0,0,"3600,00",9,0,1,202005,0,5,"3600,00"
202005,3,35,355030,J,6204000,1,142520,101,9,35,"40,00",1,3,0,1,10,0,0,0,"6594,00",6,0,1,202005,0,5,"6594,00"
202005,3,33,330455,J,6311900,1,212405,101,80,37,"40,00",1,1,0,1,20,0,0,0,"11000,00",5,0,1,202005,0,5,"11000,00"
202005,3,33,330455,J,6204000,-1,142520,101,9,59,"40,00",1,3,0,1,31,0,0,0,"4591,00",6,0,1,202005,0,5,"4591,00"
202005,5,53,530010,J,6201501,-1,317110,101,9,29,"40,00",2,1,0,1,40,0,0,0,"8395,20",10,0,1,202005,0,5,"8395,20"
202005,3,35,355030,J,6203100,-1,212410,101,9,30,"40,00",3,1,0,1,31,0,0,0,"1800,00",5,0,1,202005,0,5,"1800,00"
202005,4,42,420910,J,6201501,-1,317110,101,7,18,"40,00",6,1,0,1,31,0,0,0,"1850,00",2,0,1,202005,0,5,"1850,00"
202005,3,31,314800,J,6209100,1,212415,101,7,20,"44,00",6,3,0,1,20,0,0,0,"1061,34",1,0,1,202005,0,5,"1061,34"
202005,3,35,355030,J,6201501,-1,142520,101,9,44,"40,00",3,1,0,1,40,0,0,0,"5005,70",6,0,1,202005,0,5,"5005,70"
202005,3,35,355030,J,6209100,1,317110,101,7,18,"40,00",1,3,0,1,20,0,0,0,"2700,00",4,0,1,202005,0,5,"2700,00"
202005,4,42,420240,J,6202300,-1,212420,101,8,24,"44,00",1,1,0,1,40,0,0,0,"2875,36",7,0,1,202005,0,5,"2875,36"
202005,3,35,355030,J,6201501,-1,142520,101,80,28,"40,00",1,1,0,1,40,0,0,0,"12000,00",10,0,1,202005,0,5,"12000,00"
202005,3,35,355030,J,6204000,1,212405,101,8,32,"44,00",1,1,0,1,20,0,0,9,"11000,00",10,0,1,202005,0,5,"11000,00"
202005,3,35,355030,J,6202300,-1,212420,101,7,57,"44,00",1,1,0,1,31,0,0,0,"1830,00",2,0,1,202005,0,5,"1830,00"
202005,3,35,355030,J,6202300,-1,212310,101,9,31,"40,00",1,3,0,1,31,0,0,0,"2441,72",9,0,1,202005,0,5,"2441,72"
202005,4,43,430510,J,6209100,1,317110,101,8,22,"44,00",1,1,0,1,20,0,0,0,"2500,00",4,0,1,202005,0,5,"2500,00"
202005,3,31,310620,J,6201501,1,212420,101,8,24,"40,00",4,3,0,1,20,0,0,0,"1693,27",9,0,1,202005,0,5,"1693,27"
202005,3,35,350950,J,6202300,1,212410,101,9,30,"40,00",1,1,0,1,20,0,0,0,"10300,00",8,0,1,202005,0,5,"10300,00"
202005,4,42,420910,J,6201501,-1,317110,101,80,39,"43,00",6,1,0,1,31,0,0,0,"4784,00",7,0,1,202005,0,5,"4784,00"
202005,3,35,355030,J,6201501,1,212205,101,9,27,"40,00",1,1,0,1,20,0,0,0,"11000,00",8,0,1,202005,0,5,"11000,00"
202005,4,43,431490,J,6201501,-1,317110,101,8,33,"44,00",1,1,0,1,40,0,0,0,"7133,88",8,0,1,202005,0,5,"7133,88"
202005,3,33,330330,J,6204000,-1,317205,101,9,32,"45,00",1,3,0,1,40,0,0,0,"1198,00",5,0,1,202005,0,5,"1198,00"
202005,3,35,355030,J,6209100,1,212410,101,9,25,"40,00",1,1,0,1,20,0,0,0,"5500,00",7,0,1,202005,0,5,"5500,00"
202005,3,35,355030,J,6204000,-1,212410,101,80,43,"40,00",1,1,0,1,40,0,0,0,"11000,00",6,0,1,202005,0,5,"11000,00"
202005,3,35,350950,J,6201501,1,212405,101,9,32,"40,00",1,1,0,1,20,0,0,0,"9000,00",7,0,1,202005,0,5,"9000,00"
202005,3,31,310620,J,6203100,-1,317210,101,8,24,"40,00",3,1,0,1,40,0,0,0,"1536,00",9,0,1,202005,0,5,"1536,00"
202005,3,35,350330,J,6204000,1,317210,101,9,35,"40,00",3,1,0,1,20,0,0,0,"5781,77",5,0,1,202005,0,5,"5781,77"
202005,4,42,420460,J,6202300,-1,142530,101,9,49,"44,00",1,3,0,1,31,0,0,0,"7970,63",5,0,1,202005,0,5,"7970,63"
202005,2,29,292740,J,6201501,-1,212405,101,9,25,"42,50",1,1,0,1,40,0,0,0,"4620,68",4,0,1,202005,0,5,"4620,68"
202005,3,35,355030,J,6204000,1,212405,101,9,53,"44,00",1,1,0,1,20,0,0,9,"6000,00",10,0,1,202005,0,5,"6000,00"
202005,4,43,431680,J,6203100,-1,317110,101,8,27,"44,00",1,1,0,1,40,0,0,0,"2006,40",3,0,1,202005,0,5,"2006,40"
202005,3,31,317020,J,6203100,-1,212405,101,7,30,"40,00",1,1,0,1,40,0,0,0,"3394,69",7,0,1,202005,0,5,"3394,69"
202005,3,33,330455,J,6204000,-1,317110,101,7,21,"40,00",3,1,0,1,40,0,0,0,"2400,00",5,0,1,202005,0,5,"2400,00"
202005,3,35,355220,J,6203100,-1,317205,101,9,36,"40,00",3,1,0,1,40,0,0,0,"11000,00",7,0,1,202005,0,5,"11000,00"
202005,5,53,530010,J,6201501,1,317110,101,8,20,"44,00",3,1,0,1,20,0,0,0,"2666,66",8,0,1,202005,0,5,"2666,66"
202005,4,41,410690,J,6204000,1,212405,101,8,26,"40,00",6,1,0,1,20,0,0,0,"3000,00",6,0,1,202005,0,5,"3000,00"
202005,3,35,355700,J,6201501,1,212405,101,9,23,"40,00",1,1,0,1,20,0,0,0,"3000,00",6,0,1,202005,0,5,"3000,00"
202005,3,35,355030,J,6201501,1,212405,101,8,20,"40,00",2,1,0,1,20,0,0,0,"1807,00",5,0,1,202005,0,5,"1807,00"
202005,3,35,350950,J,6204000,-1,142520,101,9,28,"40,00",1,1,0,1,31,0,0,0,"6334,26",10,0,1,202005,0,5,"6334,26"
202005,4,43,431490,J,6203100,1,317110,101,9,24,"40,00",3,1,0,1,20,0,0,0,"4200,00",7,0,1,202005,0,5,"4200,00"
202005,4,43,431490,J,6201501,1,212405,101,9,42,"40,00",6,3,0,1,20,0,0,0,"7952,34",7,0,1,202005,0,5,"7952,34"
202005,3,32,320530,J,6209100,1,212405,101,80,42,"40,00",1,1,0,1,20,0,0,0,"8583,15",7,0,1,202005,0,5,"8583,15"
202005,3,35,355030,J,6204000,1,212405,101,9,54,"44,00",3,1,0,1,20,0,0,9,"7000,00",10,0,1,202005,0,5,"7000,00"
202005,1,17,170210,J,6201501,1,142530,101,8,27,"44,00",1,1,0,1,20,0,0,0,"4795,50",5,0,1,202005,0,5,"4795,50"
202005,4,43,431440,J,6209100,1,317110,101,7,35,"44,00",6,1,0,1,20,0,0,0,"1800,00",4,0,1,202005,0,5,"1800,00"
202005,3,35,350570,J,6202300,1,212405,101,8,31,"40,00",3,3,0,1,20,0,0,0,"2500,00",7,0,1,202005,0,5,"2500,00"
202005,3,35,355030,J,6202300,-1,212420,101,9,26,"44,00",2,3,0,1,31,0,0,0,"1800,00",6,0,1,202005,0,5,"1800,00"
202005,3,31,310620,J,6203100,1,317110,101,80,44,"44,00",3,1,0,1,20,0,0,0,"4166,45",7,0,1,202005,0,5,"4166,45"
202005,4,41,410690,J,6203100,1,317110,101,9,39,"40,00",6,1,0,1,20,0,0,0,"7000,00",5,0,1,202005,0,5,"7000,00"
202005,5,51,510340,J,6203100,-1,212405,101,7,25,"44,00",3,1,0,1,31,0,0,0,"2244,85",4,0,1,202005,0,5,"2244,85"
202005,5,53,530010,J,6203100,-1,212405,101,8,27,"40,00",1,1,0,1,31,0,0,0,"3800,00",6,0,1,202005,0,5,"3800,00"
202005,4,42,420910,J,6202300,1,212420,101,9,26,"40,00",6,3,0,1,20,0,0,0,"2361,75",6,0,1,202005,0,5,"2361,75"
202005,3,35,350570,J,6209100,-1,317105,101,8,35,"40,00",1,1,0,1,40,0,0,0,"2000,00",10,0,1,202005,0,5,"2000,00"
202005,3,35,355030,J,6204000,-1,212405,101,8,22,"40,00",3,1,0,1,40,0,0,0,"1675,56",10,0,1,202005,0,5,"1675,56"
202005,4,42,420460,J,6202300,1,317110,101,8,23,"44,00",1,1,0,1,20,0,0,0,"2000,00",7,0,1,202005,0,5,"2000,00"
202005,4,43,431490,J,6201501,-1,317110,101,9,22,"40,00",1,1,0,1,40,0,0,0,"2000,00",6,0,1,202005,0,5,"2000,00"
202005,3,31,310620,J,6201501,-1,317210,101,9,29,"44,00",3,1,0,1,40,0,0,0,"5153,00",6,0,1,202005,0,5,"5153,00"
202005,4,41,411520,J,6203100,1,317110,101,9,22,"40,00",6,1,0,1,20,0,0,0,"2537,50",6,0,1,202005,0,5,"2537,50"
202005,3,35,350570,J,6201501,-1,212405,101,9,30,"40,00",1,3,0,1,40,0,0,0,"6891,87",9,0,1,202005,0,5,"6891,87"
202005,4,42,420540,J,6209100,1,317210,101,8,27,"44,00",1,3,0,1,20,0,0,0,"1806,00",5,0,1,202005,0,5,"1806,00"
202005,2,29,292740,J,6201501,1,317110,101,8,24,"44,00",1,1,0,1,20,0,0,0,"5260,00",4,0,1,202005,0,5,"5260,00"
202005,3,35,355030,J,6201501,1,212420,101,8,25,"44,00",1,1,0,1,20,0,0,0,"1750,63",3,0,1,202005,0,5,"1750,63"
202005,3,33,330455,J,6201501,-1,212405,101,8,24,"40,00",1,1,0,1,40,0,0,0,"3500,00",3,0,1,202005,0,5,"3500,00"
202005,3,35,355030,J,6204000,1,212405,101,9,30,"40,00",3,1,0,1,20,0,0,0,"7349,04",8,0,1,202005,0,5,"7349,04"
202005,4,42,420540,J,6201501,1,212405,101,9,35,"44,00",1,1,0,1,20,0,0,0,"3166,82",5,0,1,202005,0,5,"3166,82"
202005,2,29,292740,J,6204000,-1,212405,101,9,33,"44,00",3,1,0,1,31,0,0,0,"5338,31",9,0,1,202005,0,5,"5338,31"
202005,3,35,354870,J,6204000,-1,142530,101,9,55,"40,00",1,3,0,1,31,0,0,0,"14247,48",10,0,1,202005,0,5,"14247,48"
202005,3,31,314330,J,6202300,1,317210,101,8,28,"48,00",3,1,0,1,20,0,0,0,"1045,00",5,0,1,202005,0,5,"1045,00"
202005,3,35,354990,J,6203100,1,317110,101,7,24,"40,00",1,1,0,1,20,0,0,0,"6000,00",1,0,1,202005,0,5,"6000,00"
202005,2,24,240810,J,6209100,-1,212315,101,7,32,"44,00",1,1,0,1,31,0,0,0,"1678,88",5,0,1,202005,0,5,"1678,88"
202005,4,42,420540,J,6204000,-1,317210,101,8,29,"44,00",1,1,0,1,40,0,0,0,"4000,00",4,0,1,202005,0,5,"4000,00"
202005,3,31,310620,J,6201501,1,212405,101,9,32,"40,00",3,1,0,1,20,0,0,0,"10500,00",6,0,1,202005,0,5,"10500,00"
202005,4,42,420820,J,6202300,1,317110,101,8,20,"40,00",1,1,0,1,20,0,0,0,"2000,00",1,0,1,202005,0,5,"2000,00"
202005,4,41,410690,J,6201501,-1,317110,101,80,45,"40,00",6,1,0,1,90,0,0,0,"7000,00",3,0,1,202005,0,5,"7000,00"
202005,3,35,355030,J,6209100,1,212415,101,9,32,"40,00",1,3,0,1,20,0,0,0,"4000,00",1,0,1,202005,0,5,"4000,00"
202005,3,35,354730,J,6204000,-1,317110,101,9,40,"40,00",4,1,0,1,31,0,0,0,"8788,48",9,0,1,202005,0,5,"8788,48"
202005,5,52,520870,J,6203100,1,317110,101,8,21,"25,00",6,1,0,1,20,0,0,1,"818,20",2,0,1,202005,0,5,"818,20"
202005,3,35,355030,J,6209100,1,142525,101,9,43,"40,00",1,1,0,1,20,0,0,0,"6158,23",4,0,1,202005,0,5,"6158,23"
202005,3,31,310620,J,6204000,1,212420,101,8,28,"40,00",1,1,0,1,20,0,0,0,"1584,69",7,0,1,202005,0,5,"1584,69"
202005,4,42,420460,J,6204000,-1,212420,101,8,22,"44,00",1,1,0,1,31,0,0,0,"2780,57",5,0,1,202005,0,5,"2780,57"
202005,3,31,312610,J,6202300,1,212420,101,7,30,"44,00",6,1,0,1,20,0,0,0,"1411,35",5,0,1,202005,0,5,"1411,35"
202005,5,52,520870,J,6209100,-1,212315,101,8,28,"44,00",1,1,0,1,40,0,0,0,"2100,00",4,0,1,202005,0,5,"2100,00"
202005,3,35,350950,J,6201501,-1,212405,101,9,31,"40,00",1,1,0,1,40,0,0,0,"5041,00",8,0,1,202005,0,5,"5041,00"
202005,3,31,310620,J,6209100,-1,212405,101,9,30,"40,00",3,1,0,1,40,0,0,0,"5200,00",5,0,1,202005,0,5,"5200,00"
202005,3,35,355030,J,6202300,-1,212405,101,7,23,"40,00",3,1,0,1,31,0,0,0,"5000,00",7,0,1,202005,0,5,"5000,00"
202005,4,42,421870,J,6201501,1,212420,101,7,21,"44,00",6,1,0,1,20,0,0,0,"1391,00",4,0,1,202005,0,5,"1391,00"
202005,3,31,310620,J,6202300,-1,212405,101,9,32,"40,00",3,1,0,1,40,0,0,0,"3800,00",3,0,1,202005,0,5,"3800,00"
202005,3,31,317020,J,6201501,1,212405,101,9,23,"44,00",1,1,0,1,20,0,0,0,"5800,00",8,0,1,202005,0,5,"5800,00"
202005,3,35,355030,J,6311900,-1,212405,101,8,29,"40,00",3,1,0,1,31,0,0,0,"5987,00",1,0,1,202005,0,5,"5987,00"
202005,3,35,354730,J,6204000,-1,212405,101,9,62,"40,00",3,1,0,1,31,0,0,0,"1664,12",5,0,1,202005,0,5,"1664,12"
202005,3,35,355030,J,6201501,-1,317210,101,7,23,"40,00",3,1,0,1,31,0,0,0,"1633,93",10,0,1,202005,0,5,"1633,93"
202005,4,41,410690,J,6204000,-1,212405,101,9,23,"40,00",1,1,0,1,31,0,0,0,"1832,00",7,0,1,202005,0,5,"1832,00"
202005,3,35,355030,J,6204000,1,212405,101,9,27,"44,00",3,1,0,1,20,0,0,9,"6000,00",10,0,1,202005,0,5,"6000,00"
202005,3,35,355030,J,6204000,-1,212405,101,9,26,"40,00",1,1,0,1,40,0,0,0,"1676,00",3,0,1,202005,0,5,"1676,00"
202005,3,35,350160,J,6201501,-1,317110,101,9,34,"40,00",1,1,0,1,40,0,0,0,"6408,02",8,0,1,202005,0,5,"6408,02"
202005,5,53,530010,J,6204000,1,317110,101,8,22,"40,00",3,1,0,1,20,0,0,0,"3000,00",7,0,1,202005,0,5,"3000,00"
202005,3,35,354730,J,6209100,1,317110,101,9,27,"40,00",3,1,0,1,20,0,0,0,"7452,10",10,0,1,202005,0,5,"7452,10"
202005,3,35,355030,J,6201501,-1,212405,101,8,33,"40,00",3,1,0,1,31,0,0,0,"10341,00",6,0,1,202005,0,5,"10341,00"
202005,5,53,530010,J,6203100,1,212405,101,80,31,"44,00",3,1,0,1,20,0,0,0,"9025,00",8,0,1,202005,0,5,"9025,00"
202005,5,53,530010,J,6201501,1,212405,101,9,33,"40,00",3,1,0,1,20,0,0,0,"5200,00",10,0,1,202005,0,5,"5200,00"
202005,3,35,355030,J,6204000,-1,212405,101,9,30,"40,00",1,1,0,1,40,0,0,0,"4500,00",8,0,1,202005,0,5,"4500,00"
202005,3,33,330455,J,6204000,1,212405,101,8,19,"40,00",1,1,0,1,20,0,0,0,"2500,00",8,0,1,202005,0,5,"2500,00"
202005,3,35,355030,J,6201501,1,212405,101,9,39,"40,00",3,1,0,1,20,0,0,0,"10500,01",10,0,1,202005,0,5,"10500,01"
202005,3,35,350570,J,6201501,-1,212405,101,9,24,"40,00",1,1,0,1,40,0,0,0,"5000,00",7,0,1,202005,0,5,"5000,00"
202005,3,35,352900,J,6209100,-1,212420,101,9,31,"40,00",1,1,0,1,31,0,0,0,"3073,00",2,0,1,202005,0,5,"3073,00"
202005,4,42,420540,J,6202300,-1,212405,101,7,26,"40,00",1,1,0,1,40,0,0,0,"5026,33",6,0,1,202005,0,5,"5026,33"
202005,4,43,431490,J,6209100,-1,317110,101,7,27,"40,00",1,1,0,1,40,0,0,0,"5500,00",5,0,1,202005,0,5,"5500,00"
202005,3,35,355030,J,6201501,-1,212405,101,9,27,"40,00",1,1,0,1,40,0,0,0,"5272,36",6,0,1,202005,0,5,"5272,36"
202005,4,41,410690,J,6204000,-1,317105,101,9,21,"40,00",1,1,0,1,31,0,0,0,"2925,00",8,0,1,202005,0,5,"2925,00"
202005,3,31,317020,J,6204000,1,317110,101,9,25,"40,00",1,3,0,1,20,0,0,0,"1633,00",8,0,1,202005,0,5,"1633,00"
202005,3,33,330330,J,6204000,1,212405,101,9,34,"40,00",1,1,0,1,20,0,0,0,"5909,26",4,0,1,202005,0,5,"5909,26"
202005,3,33,330455,J,6201501,-1,212420,101,7,23,"40,00",1,1,0,1,31,0,0,0,"1263,04",9,0,1,202005,0,5,"1263,04"
202005,4,41,410690,J,6203100,1,212415,101,9,22,"40,00",1,1,0,1,20,0,0,0,"1661,09",5,0,1,202005,0,5,"1661,09"
202005,3,35,355030,J,6209100,-1,212420,101,9,22,"36,00",6,1,0,1,40,0,0,0,"1500,00",8,0,1,202005,0,5,"1500,00"
202005,5,53,530010,J,6204000,1,317110,101,7,30,"40,00",6,1,0,1,20,0,0,0,"6500,00",7,0,1,202005,0,5,"6500,00"
202005,3,35,355030,J,6201502,1,317105,101,8,25,"40,00",1,1,0,1,20,0,0,0,"3300,00",5,0,1,202005,0,5,"3300,00"
202005,3,31,310620,J,6204000,1,212405,101,8,27,"40,00",3,1,0,1,20,0,0,0,"4500,00",1,0,1,202005,0,5,"4500,00"
202005,3,35,355030,J,6201501,-1,212405,101,9,39,"40,00",1,1,0,1,40,0,0,0,"12923,81",10,0,1,202005,0,5,"12923,81"
202005,3,35,355030,J,6204000,-1,212305,101,7,28,"40,00",4,1,0,1,40,0,0,0,"7556,00",10,0,1,202005,0,5,"7556,00"
202005,4,41,411520,J,6201501,-1,317110,101,9,37,"44,00",1,1,0,1,31,0,0,0,"5200,00",8,0,1,202005,0,5,"5200,00"
202005,3,35,350570,J,6204000,-1,317110,101,9,59,"40,00",3,1,0,1,31,0,0,0,"7514,86",9,0,1,202005,0,5,"7514,86"
202005,4,41,410690,J,6204000,-1,212405,101,8,26,"40,00",6,3,0,1,31,0,0,0,"2623,47",7,0,1,202005,0,5,"2623,47"
202005,3,31,315960,J,6311900,1,212405,101,80,50,"40,00",1,1,0,1,20,0,0,0,"8250,00",1,0,1,202005,0,5,"8250,00"
202005,3,35,355030,J,6204000,-1,212405,101,9,47,"40,00",1,1,0,1,31,0,0,0,"12873,75",7,0,1,202005,0,5,"12873,75"
202005,3,35,355030,J,6209100,1,142520,101,9,38,"44,00",1,3,0,1,20,0,0,0,"6200,00",3,0,1,202005,0,5,"6200,00"
202005,3,35,355030,J,6209100,1,212420,101,8,36,"44,00",1,1,0,1,20,0,0,0,"1675,56",4,0,1,202005,0,5,"1675,56"
202005,3,35,350950,J,6201501,1,212405,101,9,24,"40,00",1,1,0,1,20,0,0,0,"3218,00",4,0,1,202005,0,5,"3218,00"
202005,3,35,355030,J,6202300,-1,317110,101,9,31,"40,00",1,1,0,1,40,0,0,0,"12379,20",7,0,1,202005,0,5,"12379,20"
202005,3,35,355030,J,6204000,1,212320,101,9,30,"40,00",1,1,0,1,20,0,0,0,"10000,00",5,0,1,202005,0,5,"10000,00"
202005,3,31,310620,J,6204000,-1,212405,101,80,39,"40,00",3,3,0,1,31,0,0,0,"3847,42",6,0,1,202005,0,5,"3847,42"
202005,3,35,355030,J,6202300,-1,317110,101,9,29,"32,00",1,1,0,1,40,0,0,0,"3600,00",5,0,1,202005,0,5,"3600,00"
202005,3,35,350950,J,6201501,1,212410,101,9,39,"40,00",1,1,0,1,20,0,0,0,"5348,00",8,0,1,202005,0,5,"5348,00"
202005,4,42,420420,J,6311900,-1,317105,101,9,27,"44,00",6,1,0,1,31,0,0,0,"2440,00",2,0,1,202005,0,5,"2440,00"
202005,3,35,355030,J,6203100,1,212420,101,9,33,"40,00",3,1,0,1,20,0,0,0,"5171,88",4,0,1,202005,0,5,"5171,88"
202005,3,35,355030,J,6201501,1,212405,101,9,41,"40,00",2,1,0,1,20,2,0,0,"9000,00",7,0,1,202005,0,5,"9000,00"
202005,5,53,530010,J,6201501,-1,212420,101,9,27,"44,00",1,3,0,1,31,0,0,0,"3300,00",9,0,1,202005,0,5,"3300,00"
202005,3,35,355030,J,6201501,1,212405,101,7,46,"40,00",3,3,0,1,20,0,0,0,"4900,00",8,0,1,202005,0,5,"4900,00"
202005,4,43,430060,J,6201501,1,317210,101,7,24,"42,50",6,3,0,1,20,0,0,0,"1631,52",1,0,1,202005,0,5,"1631,52"
202005,4,41,411520,J,6203100,1,317110,101,8,19,"40,00",6,3,0,1,20,0,0,0,"1450,00",6,0,1,202005,0,5,"1450,00"
202005,3,35,355030,J,6204000,-1,212405,101,9,35,"40,00",1,1,0,1,31,0,0,0,"3800,00",8,0,1,202005,0,5,"3800,00"
202005,3,35,355030,J,6204000,-1,212405,101,9,28,"44,00",2,1,0,1,40,0,0,9,"5582,50",10,0,1,202005,0,5,"5582,50"
202005,3,35,355030,J,6204000,1,212405,101,9,51,"40,00",1,1,0,1,20,0,0,0,"5000,00",10,0,1,202005,0,5,"5000,00"
202005,3,35,354730,J,6204000,1,212405,101,9,37,"40,00",6,3,0,1,20,0,0,0,"4000,00",5,0,1,202005,0,5,"4000,00"
202005,2,29,292740,J,6204000,1,317110,101,7,44,"40,00",3,1,0,1,20,0,0,0,"3000,00",6,0,1,202005,0,5,"3000,00"
202005,3,35,355030,J,6311900,-1,212420,101,8,26,"36,00",3,1,0,1,31,0,0,0,"1675,56",7,0,1,202005,0,5,"1675,56"
202005,3,35,355030,J,6209100,-1,212405,101,9,31,"40,00",6,1,0,1,43,0,0,0,"9000,00",5,0,1,202005,0,5,"9000,00"
202005,4,42,420910,J,6201501,-1,212420,101,7,29,"44,00",1,1,0,1,90,0,0,0,"3149,12",3,0,1,202005,0,5,"3149,12"
202005,3,35,350570,J,6202300,-1,212405,101,80,65,"40,00",1,3,0,1,40,0,0,0,"9700,00",9,0,1,202005,0,5,"9700,00"
202005,5,53,530010,J,6201501,1,317110,101,9,29,"40,00",3,1,0,1,20,0,0,0,"4200,00",10,0,1,202005,0,5,"4200,00"
202005,3,33,330455,J,6201501,-1,212410,101,80,37,"40,00",1,1,0,1,40,0,0,0,"11000,00",4,0,1,202005,0,5,"11000,00"
202005,3,32,320520,J,6202300,-1,212405,101,9,28,"40,00",3,3,0,1,31,0,0,0,"2450,24",5,0,1,202005,0,5,"2450,24"
202005,2,25,250750,J,6203100,-1,142515,101,9,31,"44,00",6,1,0,1,40,0,0,9,"11000,00",8,0,1,202005,0,5,"11000,00"
202005,3,31,317020,J,6203100,1,212405,101,9,39,"44,00",6,1,0,1,20,0,0,0,"3600,00",2,0,1,202005,0,5,"3600,00"
202005,2,29,292740,J,6204000,1,212405,101,9,31,"40,00",3,1,0,1,20,0,0,0,"5329,29",6,0,1,202005,0,5,"5329,29"
202005,3,35,350570,J,6204000,-1,317110,101,9,31,"44,00",1,1,0,1,40,0,0,0,"8987,54",7,0,1,202005,0,5,"8987,54"
202005,3,35,350950,J,6204000,-1,212415,101,9,35,"40,00",1,1,0,1,40,0,0,0,"6900,00",7,0,1,202005,0,5,"6900,00"
202005,3,35,355030,J,6201501,-1,317110,101,8,21,"40,00",3,1,0,1,31,0,0,0,"4137,27",10,0,1,202005,0,5,"4137,27"
202005,4,42,420540,J,6202300,1,317110,101,9,27,"44,00",6,1,0,1,20,0,0,0,"5000,00",10,0,1,202005,0,5,"5000,00"
202005,4,42,420910,J,6201501,-1,212405,101,9,30,"40,00",6,3,0,1,43,0,0,0,"5000,00",7,0,1,202005,0,5,"5000,00"
202005,3,35,350280,J,6311900,-1,317110,101,9,23,"40,00",1,3,0,1,40,0,0,0,"1735,78",2,0,1,202005,0,5,"1735,78"
202005,3,33,330455,J,6201501,-1,212405,101,9,34,"40,00",1,1,0,1,40,0,0,0,"7169,42",6,0,1,202005,0,5,"7169,42"
202005,3,35,355030,J,6201501,1,212405,101,8,34,"40,00",1,1,0,1,20,0,0,0,"4500,00",4,0,1,202005,0,5,"4500,00"
202005,3,35,354730,J,6204000,-1,212405,101,9,31,"40,00",1,3,0,1,31,0,0,0,"3344,38",9,0,1,202005,0,5,"3344,38"
202005,4,43,431490,J,6202300,-1,317110,101,8,34,"40,00",1,1,0,1,40,0,0,0,"3800,00",5,0,1,202005,0,5,"3800,00"
202005,3,33,330455,J,6204000,1,212405,101,80,39,"40,00",1,3,0,1,20,0,0,0,"7300,00",9,0,1,202005,0,5,"7300,00"
202005,3,35,355030,J,6209100,-1,212405,101,9,38,"40,00",6,3,0,1,43,0,0,0,"7000,00",3,0,1,202005,0,5,"7000,00"
202005,3,31,314480,J,6203100,-1,317210,101,7,25,"44,00",6,3,0,1,31,0,0,0,"1690,40",3,0,1,202005,0,5,"1690,40"
202005,2,24,240810,J,6201501,-1,317210,101,7,45,"48,20",1,1,0,1,31,0,0,0,"1257,71",5,0,1,202005,0,5,"1257,71"
202005,3,35,350320,J,6204000,-1,212405,101,9,31,"40,00",1,1,0,1,40,0,0,0,"7208,40",8,0,1,202005,0,5,"7208,40"
202005,4,43,431490,J,6201501,1,212405,101,80,47,"40,00",1,1,0,1,20,0,0,0,"5500,00",3,0,1,202005,0,5,"5500,00"
202005,4,43,430700,J,6209100,-1,212420,101,9,30,"44,00",1,1,0,1,31,0,0,0,"1848,00",3,0,1,202005,0,5,"1848,00"
202005,2,29,292740,J,6204000,-1,212405,101,9,57,"40,00",1,3,0,1,31,0,0,0,"5159,12",9,0,1,202005,0,5,"5159,12"
202005,3,31,310620,J,6202300,1,317110,101,8,29,"44,00",3,1,0,1,20,0,0,0,"3500,00",7,0,1,202005,0,5,"3500,00"
202005,3,35,355030,J,6204000,1,212410,101,8,22,"40,00",1,3,0,1,10,0,0,0,"5397,00",9,0,1,202005,0,5,"5397,00"
202005,3,33,330455,J,6201501,1,142520,101,9,63,"40,00",1,1,0,1,20,0,0,0,"8500,00",5,0,1,202005,0,5,"8500,00"
202005,4,41,410690,J,6201501,-1,317110,101,9,25,"40,00",1,1,0,1,40,0,0,0,"5000,00",9,0,1,202005,0,5,"5000,00"
202005,3,35,355030,J,6201501,1,317110,101,9,31,"40,00",1,1,0,1,20,0,0,0,"12000,00",8,0,1,202005,0,5,"12000,00"
202005,3,31,313820,J,6201501,-1,212405,101,8,27,"40,00",3,1,0,1,40,0,0,0,"2375,00",4,0,1,202005,0,5,"2375,00"
202005,5,53,530010,J,6203100,1,212405,101,9,30,"40,00",6,1,0,1,20,0,0,0,"4000,00",7,0,1,202005,0,5,"4000,00"
202005,5,53,530010,J,6201501,1,212405,101,80,33,"40,00",3,1,0,1,20,0,0,0,"12883,20",10,0,1,202005,0,5,"12883,20"
202005,5,53,530010,J,6204000,-1,212420,101,9,35,"44,00",3,1,0,1,43,0,0,0,"5000,00",6,0,1,202005,0,5,"5000,00"
202005,3,31,310620,J,6204000,-1,212420,101,7,42,"36,00",3,3,0,1,31,0,0,0,"1539,43",6,0,1,202005,0,5,"1539,43"
202005,4,42,421190,J,6201501,-1,317210,101,7,22,"36,00",6,1,0,1,31,0,0,0,"1140,00",7,0,1,202005,0,5,"1140,00"
202005,3,35,355030,J,6204000,-1,317110,101,9,34,"40,00",1,1,0,1,40,0,0,0,"7368,50",7,0,1,202005,0,5,"7368,50"
202005,4,43,430510,J,6201501,-1,317110,101,8,35,"44,00",1,1,0,1,40,0,0,0,"2000,00",3,0,1,202005,0,5,"2000,00"
202005,4,41,410690,J,6204000,-1,142520,101,80,43,"40,00",1,1,0,1,31,0,0,0,"11046,20",7,0,1,202005,0,5,"11046,20"
202005,5,53,530010,J,6204000,1,212410,101,7,40,"40,00",1,1,0,1,20,0,0,0,"6000,00",1,0,1,202005,0,5,"6000,00"
202005,3,35,350570,J,6204000,1,212405,101,9,36,"40,00",1,1,0,1,20,0,0,0,"10800,00",8,0,1,202005,0,5,"10800,00"
202005,3,33,330455,J,6204000,-1,212405,101,9,49,"44,00",1,3,0,1,40,0,0,0,"8693,61",8,0,1,202005,0,5,"8693,61"
202005,3,31,310620,J,6204000,-1,212420,101,9,29,"40,00",1,1,0,1,31,0,0,0,"2500,00",7,0,1,202005,0,5,"2500,00"
202005,4,41,411915,J,6202300,-1,212415,101,8,42,"40,00",1,1,0,1,40,0,0,0,"8550,22",6,0,1,202005,0,5,"8550,22"
202005,2,28,280740,J,6209100,1,317205,101,6,18,"48,00",2,1,0,1,20,0,0,0,"1045,00",4,0,1,202005,0,5,"1045,00"
202005,3,35,354730,J,6209100,1,317110,101,9,36,"40,00",3,1,0,1,20,0,0,0,"5050,00",10,0,1,202005,0,5,"5050,00"
202005,3,35,355030,J,6209100,-1,212405,101,9,22,"40,00",1,1,0,1,40,0,0,0,"3000,00",7,0,1,202005,0,5,"3000,00"
202005,3,35,355030,J,6202300,1,212405,101,9,30,"40,00",1,1,0,1,20,0,0,0,"11000,00",9,0,1,202005,0,5,"11000,00"
202005,3,35,355060,J,6202300,1,142530,101,9,29,"44,00",1,1,0,1,20,0,0,0,"2500,00",2,0,1,202005,0,5,"2500,00"
202005,5,51,510795,J,6202300,-1,317210,101,9,27,"43,75",1,1,0,1,40,0,0,0,"1500,00",5,0,1,202005,0,5,"1500,00"
202005,3,35,354730,J,6209100,1,212420,101,9,38,"30,00",3,1,0,1,20,0,0,0,"3100,00",10,0,1,202005,0,5,"3100,00"
202005,3,35,354730,J,6204000,1,317210,101,7,39,"40,00",3,1,0,1,20,0,0,0,"6281,15",4,0,1,202005,0,5,"6281,15"
202005,3,35,350570,J,6209100,-1,212405,101,7,38,"44,00",3,1,0,1,31,0,0,0,"4792,16",2,0,1,202005,0,5,"4792,16"
202005,3,35,355030,J,6202300,1,212405,101,9,32,"40,00",3,1,0,1,20,0,0,0,"8500,00",6,0,1,202005,0,5,"8500,00"
202005,2,26,261160,J,6311900,1,317110,101,9,24,"40,00",1,1,0,1,20,0,0,0,"2785,27",7,0,1,202005,0,5,"2785,27"
202005,2,29,292740,J,6204000,-1,212405,101,8,32,"44,00",3,1,0,1,31,0,0,0,"3843,58",9,0,1,202005,0,5,"3843,58"
202005,3,31,310620,J,6204000,-1,212410,101,9,28,"44,00",1,1,0,1,31,0,0,0,"2850,00",6,0,1,202005,0,5,"2850,00"
202005,2,29,292740,J,6311900,-1,317210,101,7,36,"40,00",1,1,0,1,31,0,0,0,"1182,46",7,0,1,202005,0,5,"1182,46"
202005,4,41,411850,J,6203100,1,317110,101,8,18,"40,00",2,1,0,1,20,0,0,0,"1339,80",2,0,1,202005,0,5,"1339,80"
202005,3,35,352050,J,6204000,-1,317110,101,9,49,"40,00",1,1,0,1,31,0,0,0,"11101,40",5,0,1,202005,0,5,"11101,40"
202005,3,35,354730,J,6204000,-1,212405,101,9,37,"40,00",1,3,0,1,31,0,0,0,"8173,50",9,0,1,202005,0,5,"8173,50"
202005,4,42,420240,J,6201501,1,212415,101,9,26,"40,00",1,3,0,1,20,0,0,0,"5100,00",8,0,1,202005,0,5,"5100,00"
202005,2,26,261160,J,6202300,1,317110,101,9,26,"40,00",3,1,0,1,20,0,0,0,"6811,75",8,0,1,202005,0,5,"6811,75"
202005,5,53,530010,J,6209100,1,212405,101,80,24,"44,00",6,1,0,1,20,0,0,0,"8500,00",8,0,1,202005,0,5,"8500,00"
202005,3,35,355220,J,6204000,-1,212405,101,9,33,"40,00",6,1,0,1,31,0,0,0,"1900,00",5,0,1,202005,0,5,"1900,00"
202005,3,35,355220,J,6311900,-1,317110,101,8,25,"42,00",1,3,0,1,31,0,0,0,"2500,00",3,0,1,202005,0,5,"2500,00"
202005,3,35,355030,J,6201501,-1,212405,101,80,40,"40,00",1,3,0,1,31,0,0,0,"8534,68",10,0,1,202005,0,5,"8534,68"
202005,4,41,410690,J,6202300,1,212420,101,7,24,"40,00",6,1,0,1,20,0,0,0,"1307,48",5,0,1,202005,0,5,"1307,48"
202005,3,35,355030,J,6202300,-1,212420,101,9,28,"44,00",3,1,0,1,31,0,0,0,"1474,82",6,0,1,202005,0,5,"1474,82"
202005,4,43,431490,J,6201501,-1,212405,101,80,31,"44,00",1,1,0,1,40,0,0,0,"8624,98",6,0,1,202005,0,5,"8624,98"
202005,3,35,355030,J,6201501,-1,317110,101,9,23,"40,00",6,3,0,1,31,0,0,0,"2606,37",7,0,1,202005,0,5,"2606,37"
202005,3,31,317020,J,6203100,1,212405,101,9,22,"44,00",3,1,0,1,20,0,0,0,"5000,00",3,0,1,202005,0,5,"5000,00"
202005,5,53,530010,J,6201501,-1,317110,101,7,31,"40,00",3,1,0,1,40,0,0,0,"4200,00",10,0,1,202005,0,5,"4200,00"
202005,3,35,355030,J,6204000,-1,212420,101,9,37,"40,00",1,1,0,1,31,0,0,0,"1879,55",10,0,1,202005,0,5,"1879,55"
202005,3,35,350570,J,6209100,-1,212410,101,9,34,"44,00",1,1,0,1,31,0,0,0,"3515,93",2,0,1,202005,0,5,"3515,93"
202005,3,31,317020,J,6204000,1,142520,101,9,29,"40,00",3,1,0,1,20,0,0,0,"5000,00",8,0,1,202005,0,5,"5000,00"
202005,3,35,355030,J,6201501,-1,212405,101,9,22,"40,00",6,1,0,1,31,0,0,0,"2100,00",7,0,1,202005,0,5,"2100,00"
202005,5,52,520140,J,6201501,-1,317110,101,8,28,"40,00",1,1,0,1,31,0,0,0,"3617,00",8,0,1,202005,0,5,"3617,00"
202005,2,29,292740,J,6201501,-1,317210,101,9,28,"44,00",3,1,0,1,31,0,0,0,"1500,00",7,0,1,202005,0,5,"1500,00"
202005,3,35,355030,J,6201501,1,212405,101,9,38,"40,00",3,1,0,1,20,0,0,0,"9943,87",9,0,1,202005,0,5,"9943,87"
202005,3,35,354870,J,6201501,-1,212420,101,9,35,"40,00",1,1,0,1,31,0,0,0,"4380,13",9,0,1,202005,0,5,"4380,13"
202005,3,35,355030,J,6209100,-1,212405,101,9,22,"40,00",1,3,0,1,40,0,0,0,"1782,00",8,0,1,202005,0,5,"1782,00"
202005,2,29,292740,J,6204000,-1,212215,101,9,50,"40,00",1,1,0,1,31,0,0,0,"8569,62",2,0,1,202005,0,5,"8569,62"
202005,3,35,355030,J,6204000,-1,212405,101,9,31,"40,00",1,1,0,1,31,0,0,0,"9800,00",10,0,1,202005,0,5,"9800,00"
202005,5,53,530010,J,6204000,1,317210,101,9,38,"30,00",3,1,0,1,20,0,0,0,"1350,00",8,0,1,202005,0,5,"1350,00"
202005,3,31,313350,J,6202300,-1,317210,101,9,26,"36,00",1,3,0,1,40,0,0,0,"1045,00",3,0,1,202005,0,5,"1045,00"
202005,4,41,410690,J,6204000,-1,212405,101,8,19,"40,00",1,1,0,1,31,0,0,0,"1832,00",7,0,1,202005,0,5,"1832,00"
202005,3,31,317020,J,6201501,-1,212405,101,9,39,"40,00",1,1,0,1,40,0,0,0,"4991,12",3,0,1,202005,0,5,"4991,12"
202005,4,41,410690,J,6204000,-1,212420,101,8,25,"40,00",1,1,0,1,31,0,0,0,"4500,00",7,0,1,202005,0,5,"4500,00"
202005,4,42,420820,J,6203100,-1,317210,101,8,23,"42,50",6,1,0,1,31,0,0,0,"1500,00",3,0,1,202005,0,5,"1500,00"
202005,3,33,330455,J,6204000,-1,212405,101,8,31,"40,00",2,1,0,1,40,0,0,0,"4042,00",5,0,1,202005,0,5,"4042,00"
202005,3,33,330455,J,6201501,-1,212420,101,7,40,"44,00",6,1,0,1,31,0,0,0,"2519,68",4,0,1,202005,0,5,"2519,68"
202005,3,31,310620,J,6202300,1,142535,101,9,26,"40,00",1,1,0,1,20,0,0,0,"2000,00",2,0,1,202005,0,5,"2000,00"
202005,4,43,431490,J,6201501,-1,317110,101,8,32,"42,30",1,1,0,1,40,0,0,0,"4476,31",6,0,1,202005,0,5,"4476,31"
202005,3,31,310620,J,6204000,-1,317210,101,7,22,"44,00",1,3,0,1,31,0,0,0,"1539,43",10,0,1,202005,0,5,"1539,43"
202005,4,42,420200,J,6311900,1,212405,101,8,22,"40,00",6,1,0,1,20,0,0,0,"1390,00",1,0,1,202005,0,5,"1390,00"
202005,3,35,355030,J,6203100,1,212405,101,9,36,"44,00",3,1,0,1,20,0,0,0,"6500,00",2,0,1,202005,0,5,"6500,00"
202005,3,32,320530,J,6209100,-1,212420,101,9,27,"40,00",2,1,0,1,40,0,0,0,"2881,81",7,0,1,202005,0,5,"2881,81"
202005,4,43,431490,J,6201501,-1,212405,101,9,31,"40,00",3,1,0,1,40,0,0,0,"2590,17",6,0,1,202005,0,5,"2590,17"
202005,3,35,355030,J,6203100,-1,212405,101,9,46,"40,00",1,3,0,1,31,0,0,0,"5411,54",8,0,1,202005,0,5,"5411,54"
202005,3,35,354730,J,6209100,1,317110,101,8,25,"40,00",3,1,0,1,20,0,0,0,"3000,00",10,0,1,202005,0,5,"3000,00"
202005,4,41,410690,J,6209100,-1,212405,101,8,29,"40,00",1,1,0,1,40,0,0,0,"5200,00",9,0,1,202005,0,5,"5200,00"
202005,3,35,355030,J,6201501,1,212405,101,80,38,"40,00",3,3,0,1,20,0,0,0,"5000,00",10,0,1,202005,0,5,"5000,00"
202005,3,35,355030,J,6204000,1,212405,101,9,36,"40,00",2,1,0,1,20,0,0,0,"2000,00",3,0,1,202005,0,5,"2000,00"
202005,4,41,411520,J,6202300,-1,317110,101,80,43,"36,00",1,3,0,1,40,0,0,0,"5329,19",7,0,1,202005,0,5,"5329,19"
202005,4,41,411520,J,6201501,-1,317110,101,9,32,"44,00",1,1,0,1,31,0,0,0,"4670,00",8,0,1,202005,0,5,"4670,00"
202005,4,41,411520,J,6201501,-1,212215,101,80,32,"44,00",3,1,0,1,40,0,0,0,"8500,00",8,0,1,202005,0,5,"8500,00"
202005,3,35,355030,J,6204000,-1,212420,101,9,24,"36,00",3,1,0,1,31,0,0,0,"1457,87",10,0,1,202005,0,5,"1457,87"
202005,3,35,355030,J,6201501,1,317110,101,9,35,"40,00",3,1,0,1,20,0,0,0,"9958,80",9,0,1,202005,0,5,"9958,80"
202005,3,35,355030,J,6204000,-1,212405,101,7,31,"40,00",1,1,0,1,40,0,0,0,"10956,00",10,0,1,202005,0,5,"10956,00"
202005,3,35,355030,J,6209100,1,212405,101,9,43,"40,00",1,1,0,1,20,0,0,0,"7500,00",4,0,1,202005,0,5,"7500,00"
202005,3,35,355030,J,6201501,1,142520,101,9,45,"40,00",1,1,0,1,20,0,0,0,"8500,00",10,0,1,202005,0,5,"8500,00"
202005,3,35,355030,J,6201501,-1,212405,101,80,38,"40,00",1,3,0,1,31,0,0,0,"8460,00",9,0,1,202005,0,5,"8460,00"
202005,3,35,350950,J,6209100,-1,212405,101,80,32,"40,00",1,1,0,1,43,0,0,0,"9300,00",8,0,1,202005,0,5,"9300,00"
202005,3,31,310620,J,6201501,1,212405,101,8,27,"40,00",3,1,0,1,20,0,0,0,"4000,00",7,0,1,202005,0,5,"4000,00"
202005,3,35,355030,J,6311900,-1,212305,101,9,28,"44,00",1,1,0,1,40,0,0,0,"4140,10",7,0,1,202005,0,5,"4140,10"
202005,3,35,355030,J,6201501,1,212405,101,9,37,"40,00",1,3,0,1,20,0,0,0,"3000,00",8,0,1,202005,0,5,"3000,00"
202005,5,53,530010,J,6201501,-1,142515,101,9,58,"40,00",1,1,0,1,31,0,0,0,"11772,13",10,0,1,202005,0,5,"11772,13"
202005,3,35,355030,J,6201501,-1,317110,101,7,42,"40,00",1,1,0,1,31,0,0,0,"6000,00",10,0,1,202005,0,5,"6000,00"
202005,3,31,310620,J,6202300,1,212405,101,9,51,"40,00",6,1,0,1,20,0,0,0,"2727,73",7,0,1,202005,0,5,"2727,73"
202005,4,42,420540,J,6202300,1,317110,101,8,44,"44,00",6,1,0,1,20,0,0,0,"5000,00",10,0,1,202005,0,5,"5000,00"
202005,3,35,355030,J,6204000,-1,212405,101,9,46,"40,00",6,1,0,1,31,0,0,0,"1676,00",3,0,1,202005,0,5,"1676,00"
202005,3,35,354870,J,6311900,-1,212420,101,7,30,"40,00",6,1,0,1,31,0,0,0,"1727,88",6,0,1,202005,0,5,"1727,88"
202005,4,43,430210,J,6202300,-1,317110,101,8,40,"44,00",1,1,0,1,43,0,0,0,"3700,00",5,0,1,202005,0,5,"3700,00"
202005,3,33,330455,J,6201501,1,212205,101,9,39,"40,00",1,1,0,1,20,0,0,0,"12243,00",5,0,1,202005,0,5,"12243,00"
202005,3,35,355220,J,6209100,-1,317210,101,7,33,"44,00",1,1,0,1,43,0,0,0,"1600,00",4,0,1,202005,0,5,"1600,00"
202005,3,35,352900,J,6201502,-1,212405,101,7,29,"40,00",3,1,0,1,40,0,0,0,"2930,76",4,0,1,202005,0,5,"2930,76"
202005,4,42,420910,J,6204000,-1,212420,101,9,32,"42,50",6,1,0,1,40,0,0,0,"2376,59",4,0,1,202005,0,5,"2376,59"
202005,4,41,412550,J,6203100,-1,317110,101,8,26,"40,00",3,1,0,1,31,0,0,0,"5000,00",7,0,1,202005,0,5,"5000,00"
202005,4,41,411520,J,6202300,1,317110,101,9,22,"44,00",1,1,0,1,20,0,0,0,"2400,00",4,0,1,202005,0,5,"2400,00"
202005,4,41,410690,J,6209100,-1,212405,101,9,48,"44,00",1,1,0,1,31,0,0,9,"8769,14",9,0,1,202005,0,5,"8769,14"
202005,3,35,350570,J,6203100,1,212405,101,9,27,"40,00",1,1,0,1,20,0,0,0,"6000,00",9,0,1,202005,0,5,"6000,00"
202005,3,32,320530,J,6209100,-1,317210,101,8,23,"40,00",2,1,0,1,31,0,0,0,"1490,54",6,0,1,202005,0,5,"1490,54"
202005,5,51,510340,J,6209100,1,212405,101,9,40,"40,00",3,1,0,1,20,0,0,0,"5430,89",9,0,1,202005,0,5,"5430,89"
202005,3,35,355030,J,6202300,1,212405,101,9,62,"40,00",1,3,0,1,20,0,0,0,"3102,90",7,0,1,202005,0,5,"3102,90"
202005,4,42,420240,J,6201501,-1,317210,101,8,20,"40,00",6,1,0,1,31,0,0,0,"2192,00",8,0,1,202005,0,5,"2192,00"
202005,3,31,310620,J,6204000,1,212405,101,9,40,"40,00",1,1,0,1,20,0,0,0,"7500,00",7,0,1,202005,0,5,"7500,00"
202005,3,33,330455,J,6201501,1,212405,101,9,52,"40,00",1,1,0,1,20,0,0,0,"7945,74",9,0,1,202005,0,5,"7945,74"
202005,4,43,431490,J,6311900,1,317205,101,8,38,"40,00",1,1,0,1,20,0,0,0,"1700,00",6,0,1,202005,0,5,"1700,00"
202005,4,42,420540,J,6202300,-1,317110,101,9,26,"44,00",3,1,0,1,31,0,0,0,"8126,41",10,0,1,202005,0,5,"8126,41"
202005,3,35,350950,J,6204000,1,212405,101,9,29,"40,00",3,3,0,1,20,0,0,0,"2300,00",10,0,1,202005,0,5,"2300,00"
202005,4,41,410690,J,6209100,-1,212405,101,9,36,"40,00",3,1,0,1,31,0,0,0,"4662,35",9,0,1,202005,0,5,"4662,35"
202005,3,32,320530,J,6209100,1,212405,101,9,37,"40,00",1,1,0,1,20,0,0,0,"5300,00",9,0,1,202005,0,5,"5300,00"
202005,3,35,355030,J,6209100,-1,212420,101,9,27,"40,00",1,3,0,1,43,0,0,0,"2000,00",3,0,1,202005,0,5,"2000,00"
202005,3,32,320520,J,6209100,1,212420,101,9,35,"40,00",1,1,0,1,20,0,0,0,"2063,05",5,0,1,202005,0,5,"2063,05"
202005,4,43,431870,J,6202300,1,212405,101,7,20,"44,00",1,1,0,1,20,0,0,0,"1700,00",8,0,1,202005,0,5,"1700,00"
202005,3,35,355030,J,6204000,-1,212420,101,9,30,"40,00",3,3,0,1,40,0,0,0,"2200,00",6,0,1,202005,0,5,"2200,00"
202005,3,35,355030,J,6201501,-1,212405,101,80,34,"40,00",3,1,0,1,31,0,0,0,"6384,95",6,0,1,202005,0,5,"6384,95"
202005,3,35,355030,J,6311900,-1,317210,101,8,25,"40,00",2,1,0,1,31,0,0,0,"1620,00",9,0,1,202005,0,5,"1620,00"
202005,3,33,330455,J,6311900,-1,317105,101,8,21,"40,00",1,1,0,1,40,0,0,0,"2800,00",4,0,1,202005,0,5,"2800,00"
202005,3,33,330455,J,6203100,1,212420,101,8,23,"44,00",1,3,0,1,20,0,0,9,"1250,00",5,0,1,202005,0,5,"1250,00"
202005,3,33,330330,J,6201501,-1,212405,101,9,38,"56,00",1,1,0,1,40,0,0,0,"8500,00",7,0,1,202005,0,5,"8500,00"
202005,3,35,355220,J,6209100,-1,317110,101,9,30,"40,00",3,1,0,1,31,0,0,0,"6500,00",5,0,1,202005,0,5,"6500,00"
202005,3,31,310620,J,6202300,1,212405,101,8,31,"40,00",1,3,0,1,20,0,0,0,"4999,82",7,0,1,202005,0,5,"4999,82"
202005,3,31,317020,J,6203100,-1,212420,101,8,26,"44,00",1,1,0,1,40,0,0,0,"1451,00",7,0,1,202005,0,5,"1451,00"
202005,3,35,355030,J,6201501,1,212215,101,9,40,"40,00",1,1,0,1,20,0,0,0,"14000,00",8,0,1,202005,0,5,"14000,00"
202005,3,35,355030,J,6201501,1,212405,101,9,33,"40,00",1,1,0,1,20,0,0,0,"5500,00",6,0,1,202005,0,5,"5500,00"
202005,3,35,350570,J,6201501,1,212405,101,9,36,"40,00",1,3,0,1,20,0,0,0,"2000,00",8,0,1,202005,0,5,"2000,00"
202005,3,31,310620,J,6201501,1,212420,101,9,31,"40,00",2,1,0,1,20,0,0,0,"1693,27",9,0,1,202005,0,5,"1693,27"
202005,3,35,355030,J,6204000,1,212405,101,9,31,"44,00",1,1,0,1,20,0,0,9,"8000,00",10,0,1,202005,0,5,"8000,00"
202005,3,35,355030,J,6204000,-1,212405,101,9,61,"40,00",1,1,0,1,31,0,0,0,"6300,00",10,0,1,202005,0,5,"6300,00"
202005,3,33,330455,J,6201501,-1,317210,101,9,47,"40,00",3,1,0,1,31,0,0,0,"1381,44",9,0,1,202005,0,5,"1381,44"
202005,3,35,355030,J,6202300,-1,212420,101,9,37,"40,00",1,1,0,1,40,0,0,0,"3960,00",7,0,1,202005,0,5,"3960,00"
202005,5,52,520110,J,6209100,1,142535,101,8,20,"44,00",6,1,0,1,20,0,0,0,"1100,00",3,0,1,202005,0,5,"1100,00"
202005,2,25,250750,J,6204000,1,212405,101,9,26,"44,00",2,1,0,1,20,0,0,0,"6000,00",3,0,1,202005,0,5,"6000,00"
202005,3,35,350570,J,6203100,-1,212405,101,80,25,"40,00",1,1,0,1,40,0,0,0,"8151,00",9,0,1,202005,0,5,"8151,00"
202005,3,35,350950,J,6204000,1,212405,101,9,25,"40,00",1,1,0,1,20,0,0,0,"2500,00",5,0,1,202005,0,5,"2500,00"
202005,3,35,355030,J,6204000,1,212305,101,9,53,"40,00",1,1,0,1,20,0,0,0,"7000,00",3,0,1,202005,0,5,"7000,00"
202005,5,53,530010,J,6204000,-1,212420,101,9,28,"44,00",3,1,0,1,40,0,0,0,"4000,00",4,0,1,202005,0,5,"4000,00"
202005,3,35,355670,J,6209100,-1,212420,101,7,23,"44,00",1,1,0,1,31,0,0,0,"3570,64",4,0,1,202005,0,5,"3570,64"
202005,4,43,431490,J,6204000,-1,212405,101,9,21,"40,00",1,3,0,1,43,0,0,0,"4000,00",1,0,1,202005,0,5,"4000,00"
202005,4,42,420460,J,6202300,1,212420,101,7,22,"44,00",6,1,0,1,20,0,0,0,"1800,00",7,0,1,202005,0,5,"1800,00"
202005,5,51,510340,J,6202300,-1,212405,101,80,42,"44,00",3,1,0,1,31,0,0,0,"7802,00",8,0,1,202005,0,5,"7802,00"
202005,3,35,355030,J,6204000,1,212405,101,9,35,"44,00",1,1,0,1,20,0,0,9,"5700,00",10,0,1,202005,0,5,"5700,00"
202005,4,42,420240,J,6201501,-1,317110,101,80,42,"40,00",1,1,0,1,31,0,0,0,"7317,85",7,0,1,202005,0,5,"7317,85"
202005,3,35,350570,J,6209100,-1,317110,101,8,36,"40,00",1,3,0,1,31,0,0,0,"3100,00",10,0,1,202005,0,5,"3100,00"
202005,3,35,355030,J,6204000,-1,212420,101,8,33,"40,00",1,1,0,1,31,0,0,0,"1705,55",10,0,1,202005,0,5,"1705,55"
202005,3,35,350950,J,6201501,1,212405,101,9,35,"40,00",3,1,0,1,20,0,0,0,"7500,00",7,0,1,202005,0,5,"7500,00"
202005,3,35,355030,J,6204000,-1,317110,101,7,36,"44,00",4,3,0,1,40,0,0,9,"4102,38",10,0,1,202005,0,5,"4102,38"
202005,4,42,421660,J,6209100,-1,317210,101,9,28,"40,00",6,1,0,1,43,0,0,0,"3982,41",8,0,1,202005,0,5,"3982,41"
202005,5,51,510760,J,6202300,-1,212420,101,9,29,"44,00",6,1,0,1,31,0,0,0,"1948,50",5,0,1,202005,0,5,"1948,50"
202005,3,31,310620,J,6204000,1,212420,101,7,35,"42,00",3,1,0,1,20,0,0,0,"2500,00",7,0,1,202005,0,5,"2500,00"
202005,3,35,350950,J,6201501,-1,212405,101,7,33,"40,00",6,1,0,1,40,0,0,0,"8089,60",4,0,1,202005,0,5,"8089,60"
202005,3,35,354870,J,6204000,-1,212405,101,9,55,"56,00",1,3,0,1,31,0,0,0,"25000,00",10,0,1,202005,0,5,"25000,00"
202005,4,43,430510,J,6203100,1,212315,101,9,45,"44,00",1,1,0,1,20,0,0,9,"3000,00",7,0,1,202005,0,5,"3000,00"
202005,3,31,310620,J,6204000,1,212420,101,9,26,"40,00",3,1,0,1,20,0,0,0,"2500,00",7,0,1,202005,0,5,"2500,00"
202005,2,24,240810,J,6209100,-1,317210,101,7,34,"44,00",3,1,0,1,31,0,0,0,"1141,73",5,0,1,202005,0,5,"1141,73"
202005,3,35,354780,J,6201501,-1,317110,101,9,26,"30,00",1,1,0,1,31,0,0,0,"1428,52",6,0,1,202005,0,5,"1428,52"
202005,3,35,355030,J,6204000,1,317110,101,9,39,"40,00",1,1,0,1,20,0,0,0,"13000,00",3,0,1,202005,0,5,"13000,00"
202005,5,52,520870,J,6203100,-1,212405,101,80,29,"44,00",3,1,0,1,40,0,0,0,"3947,83",8,0,1,202005,0,5,"3947,83"
202005,3,33,330455,J,6209100,-1,317210,101,7,31,"40,00",3,1,0,1,31,0,0,0,"1200,00",8,0,1,202005,0,5,"1200,00"
202005,3,31,314080,J,6204000,-1,212405,101,9,34,"40,00",3,3,0,1,40,0,0,0,"2080,00",7,0,1,202005,0,5,"2080,00"
202005,3,35,355030,J,6202300,-1,317110,101,9,32,"40,00",3,1,0,1,40,0,0,0,"9200,00",5,0,1,202005,0,5,"9200,00"
202005,3,35,350950,J,6209100,1,212405,101,9,52,"40,00",1,3,0,1,20,0,0,0,"16958,00",8,0,1,202005,0,5,"16958,00"
202005,3,35,355030,J,6204000,1,212405,101,9,47,"40,00",3,1,0,1,20,0,0,0,"9500,00",10,0,1,202005,0,5,"9500,00"
202005,4,41,410690,J,6209100,-1,212405,101,9,36,"44,00",1,1,0,1,31,0,0,0,"10000,00",5,0,1,202005,0,5,"10000,00"
202005,3,35,355030,J,6204000,1,212405,101,9,46,"40,00",3,1,0,1,20,0,0,0,"10000,00",7,0,1,202005,0,5,"10000,00"
202005,3,35,355030,J,6201501,1,212405,101,9,40,"40,00",1,1,0,1,20,0,0,0,"1675,56",6,0,1,202005,0,5,"1675,56"
202005,2,26,260960,J,6201501,1,317105,101,7,22,"48,00",1,1,0,1,20,0,0,0,"2200,00",1,0,1,202005,0,5,"2200,00"
202005,4,41,410690,J,6201501,1,317110,101,7,20,"44,00",1,1,0,1,20,0,0,0,"2500,00",3,0,1,202005,0,5,"2500,00"
202005,3,32,320530,J,6209100,-1,142520,101,9,39,"44,00",1,1,0,1,40,0,0,9,"8442,26",7,0,1,202005,0,5,"8442,26"
202005,3,35,355030,J,6204000,-1,212405,101,80,31,"40,00",1,1,0,1,40,0,0,0,"8080,09",8,0,1,202005,0,5,"8080,09"
202005,3,35,352900,J,6209100,-1,212420,101,7,26,"40,00",1,1,0,1,31,0,0,0,"1675,56",1,0,1,202005,0,5,"1675,56"
202005,3,35,351820,J,6201501,-1,212405,101,9,28,"40,00",1,1,0,1,40,0,0,0,"3309,28",3,0,1,202005,0,5,"3309,28"
202005,3,31,317150,J,6201501,-1,212410,101,9,22,"44,00",6,1,0,1,40,0,0,0,"2000,00",8,0,1,202005,0,5,"2000,00"
202005,2,23,230440,J,6201501,1,212405,101,8,30,"40,00",1,1,0,1,20,0,0,0,"3302,00",7,0,1,202005,0,5,"3302,00"
202005,2,26,261160,J,6311900,-1,317210,101,8,40,"40,00",3,1,0,1,31,0,0,0,"1346,53",7,0,1,202005,0,5,"1346,53"
202005,4,41,410690,J,6209100,1,317110,101,7,22,"40,00",6,1,0,1,20,0,0,0,"1700,00",2,0,1,202005,0,5,"1700,00"
202005,3,35,350570,J,6203100,1,212205,101,8,37,"40,00",1,1,0,1,20,0,0,0,"12000,00",9,0,1,202005,0,5,"12000,00"
202005,3,35,355030,J,6204000,-1,212405,101,8,33,"40,00",1,1,0,1,43,0,0,0,"7136,94",6,0,1,202005,0,5,"7136,94"
202005,4,41,411850,J,6203100,1,317110,101,80,28,"44,00",1,1,0,1,20,0,0,0,"3394,59",8,0,1,202005,0,5,"3394,59"
202005,3,31,317020,J,6203100,-1,212415,101,9,36,"40,00",1,3,0,1,43,0,0,0,"4600,00",7,0,1,202005,0,5,"4600,00"
202005,3,35,350950,J,6202300,-1,212405,101,9,25,"40,00",1,1,0,1,31,0,0,0,"3500,00",5,0,1,202005,0,5,"3500,00"
202005,4,42,420910,J,6204000,-1,212410,101,9,44,"44,00",1,1,0,1,31,0,0,0,"5000,00",6,0,1,202005,0,5,"5000,00"
202005,4,43,431490,J,6201501,-1,317110,101,9,53,"40,00",1,1,0,1,31,0,0,0,"11328,53",8,0,1,202005,0,5,"11328,53"
202005,4,42,420910,J,6202300,1,212420,101,9,35,"36,00",1,1,0,1,20,0,0,0,"1561,58",6,0,1,202005,0,5,"1561,58"
202005,3,35,355030,J,6201501,1,212405,101,9,31,"40,00",1,1,0,1,20,0,0,0,"6500,00",7,0,1,202005,0,5,"6500,00"
202005,4,41,411520,J,6202300,1,317110,101,7,20,"44,00",1,1,0,1,20,0,0,0,"1306,80",4,0,1,202005,0,5,"1306,80"
202005,4,41,410940,J,6203100,-1,212420,101,8,23,"44,00",1,1,0,1,31,0,0,0,"2500,00",4,0,1,202005,0,5,"2500,00"
202005,3,31,310620,J,6202300,-1,212405,101,9,32,"44,00",1,1,0,1,31,0,0,0,"2210,00",2,0,1,202005,0,5,"2210,00"
202005,2,25,250400,J,6201501,-1,317210,101,7,26,"44,00",3,3,0,1,31,0,0,0,"1463,80",2,0,1,202005,0,5,"1463,80"
202005,3,33,330455,J,6311900,-1,317210,101,7,29,"40,00",3,1,0,1,31,0,0,0,"2368,00",7,0,1,202005,0,5,"2368,00"
202005,3,32,320530,J,6209100,-1,317205,101,8,30,"44,00",6,1,0,1,43,0,0,0,"1193,91",5,0,1,202005,0,5,"1193,91"
202005,3,35,355030,J,6204000,-1,212410,101,8,27,"40,00",1,1,0,1,40,0,0,0,"2750,00",6,0,1,202005,0,5,"2750,00"
202005,3,35,355030,J,6201501,1,212405,101,9,32,"40,00",1,1,0,1,20,0,0,0,"9000,00",10,0,1,202005,0,5,"9000,00"
202005,3,31,317020,J,6201501,1,212410,101,9,38,"44,00",1,3,0,1,20,0,0,0,"5000,00",8,0,1,202005,0,5,"5000,00"
202005,3,35,355030,J,6203100,-1,142535,101,80,35,"44,00",1,1,0,1,40,0,0,9,"7180,07",10,0,1,202005,0,5,"7180,07"
202005,3,35,355030,J,6209100,-1,317110,101,9,71,"40,00",1,1,0,1,31,0,0,0,"8500,00",4,0,1,202005,0,5,"8500,00"
202005,4,43,431490,J,6311900,-1,317205,101,8,51,"40,00",1,1,0,1,40,0,0,0,"6152,17",9,0,1,202005,0,5,"6152,17"
202005,3,35,355030,J,6201501,1,212405,101,9,32,"40,00",3,1,0,1,20,0,0,0,"7100,00",10,0,1,202005,0,5,"7100,00"
202005,3,31,312230,J,6209100,-1,142530,101,8,26,"44,00",1,1,0,1,40,0,0,0,"1784,41",4,0,1,202005,0,5,"1784,41"
202005,3,35,354870,J,6204000,1,142520,101,9,32,"40,00",1,3,0,1,20,0,0,0,"10000,00",10,0,1,202005,0,5,"10000,00"
202005,2,26,261160,J,6311900,-1,317210,101,7,44,"40,00",1,1,0,1,31,0,0,0,"1958,60",7,0,1,202005,0,5,"1958,60"
202005,4,42,420240,J,6201501,1,212420,101,8,21,"44,00",6,1,0,1,20,0,0,0,"1500,00",7,0,1,202005,0,5,"1500,00"
202005,3,35,352690,J,6202300,-1,212420,101,8,37,"40,00",1,1,0,1,31,0,0,0,"1848,00",7,0,1,202005,0,5,"1848,00"
202005,3,35,354870,J,6204000,-1,142520,101,9,57,"40,00",1,1,0,1,31,0,0,0,"25129,00",1,0,1,202005,0,5,"25129,00"
202005,3,35,355030,J,6202300,-1,212415,101,9,23,"40,00",3,1,0,1,31,0,0,0,"2234,00",4,0,1,202005,0,5,"2234,00"
202005,4,41,410690,J,6204000,-1,212405,101,8,32,"40,00",1,1,0,1,31,0,0,0,"1832,00",7,0,1,202005,0,5,"1832,00"
202005,3,31,310620,J,6311900,1,317110,101,8,22,"40,00",5,1,0,1,20,0,0,0,"2840,00",5,0,1,202005,0,5,"2840,00"
202005,3,33,330455,J,6201501,-1,212405,101,9,34,"40,00",1,1,0,1,40,0,0,0,"6424,92",6,0,1,202005,0,5,"6424,92"
202005,5,53,530010,J,6311900,1,317205,101,9,23,"48,00",1,1,0,1,20,0,0,0,"1300,00",2,0,1,202005,0,5,"1300,00"
202005,5,53,530010,J,6204000,-1,212420,101,5,22,"40,00",1,1,0,1,31,0,0,0,"3148,20",7,0,1,202005,0,5,"3148,20"
202005,3,35,355030,J,6204000,1,212405,101,9,37,"44,00",1,1,0,1,20,0,0,9,"9500,00",10,0,1,202005,0,5,"9500,00"
202005,3,35,355030,J,6204000,-1,212420,101,9,24,"40,00",2,1,0,1,40,0,0,0,"3509,60",10,0,1,202005,0,5,"3509,60"
202005,3,35,355030,J,6201501,-1,317110,101,7,31,"40,00",3,1,0,1,40,0,0,0,"8094,22",10,0,1,202005,0,5,"8094,22"
202005,3,35,355030,J,6204000,1,212405,101,9,29,"44,00",1,3,0,1,20,0,0,9,"9000,00",10,0,1,202005,0,5,"9000,00"
202005,4,41,410690,J,6201501,1,212405,101,80,59,"40,00",1,1,0,1,20,0,0,0,"7500,00",6,0,1,202005,0,5,"7500,00"
202005,4,41,410690,J,6201501,1,212405,101,8,27,"40,00",1,1,0,1,20,0,0,0,"6000,00",7,0,1,202005,0,5,"6000,00"
202005,4,43,431490,J,6203100,1,317110,101,9,22,"40,00",1,1,0,1,20,0,0,0,"4200,00",7,0,1,202005,0,5,"4200,00"
202005,3,35,355030,J,6204000,1,212405,101,8,38,"44,00",1,1,0,1,20,0,0,9,"2800,00",10,0,1,202005,0,5,"2800,00"
202005,3,35,355030,J,6202300,1,317110,101,80,33,"40,00",3,1,0,1,20,0,0,0,"13953,85",7,0,1,202005,0,5,"13953,85"
202005,3,35,355030,J,6204000,-1,212405,101,80,47,"40,00",1,3,0,1,40,0,0,0,"1675,56",6,0,1,202005,0,5,"1675,56"
202005,2,23,230440,J,6204000,-1,212405,101,9,38,"44,00",3,1,0,1,31,0,0,0,"4038,51",8,0,1,202005,0,5,"4038,51"
202005,3,35,355030,J,6202300,-1,317110,101,9,37,"40,00",1,1,0,1,40,0,0,0,"16000,00",5,0,1,202005,0,5,"16000,00"
202005,3,35,355030,J,6311900,1,317110,101,9,44,"40,00",4,3,0,1,20,0,0,0,"2500,00",4,0,1,202005,0,5,"2500,00"
202005,3,35,353440,J,6201501,1,212420,101,8,28,"40,00",3,1,0,1,20,0,0,0,"3433,85",9,0,1,202005,0,5,"3433,85"
202005,4,42,420460,J,6202300,-1,317110,101,8,24,"44,00",6,1,0,1,31,0,0,0,"2510,88",2,0,1,202005,0,5,"2510,88"
202005,3,35,355030,J,6201501,1,317110,101,80,31,"40,00",3,1,0,1,20,0,0,0,"8094,22",10,0,1,202005,0,5,"8094,22"
202005,3,35,355030,J,6204000,1,317110,101,8,28,"44,00",2,1,0,1,20,0,0,9,"2800,00",10,0,1,202005,0,5,"2800,00"
202005,4,41,410690,J,6203100,1,212405,101,9,40,"40,00",1,3,0,1,20,0,0,0,"7000,00",7,0,1,202005,0,5,"7000,00"
202005,3,35,350950,J,6201501,-1,212405,101,9,25,"40,00",3,1,0,1,31,0,0,0,"4574,39",6,0,1,202005,0,5,"4574,39"
202005,3,35,352900,J,6201501,-1,212405,101,9,34,"40,00",6,1,0,1,40,0,0,0,"6000,00",7,0,1,202005,0,5,"6000,00"
202005,5,53,530010,J,6201501,-1,317110,101,9,33,"40,00",3,3,0,1,40,0,0,0,"2819,60",10,0,1,202005,0,5,"2819,60"
202005,4,43,431870,J,6204000,1,212405,101,8,22,"40,00",1,3,0,1,20,0,0,0,"6758,00",10,0,1,202005,0,5,"6758,00"
202005,2,29,292740,J,6204000,-1,212420,101,9,28,"44,00",3,1,0,1,43,0,0,0,"2228,04",5,0,1,202005,0,5,"2228,04"
202005,5,53,530010,J,6201501,1,212405,101,9,51,"40,00",4,1,0,1,20,0,0,0,"10000,00",10,0,1,202005,0,5,"10000,00"
202005,3,35,353440,J,6311900,-1,317210,101,7,28,"36,00",1,1,0,1,31,0,0,0,"1930,98",8,0,1,202005,0,5,"1930,98"
202005,3,33,330455,J,6204000,1,212405,101,9,40,"40,00",1,1,0,1,20,0,0,0,"6540,51",6,0,1,202005,0,5,"6540,51"
202005,3,35,350570,J,6204000,-1,212420,101,8,24,"40,00",3,1,0,1,31,0,0,0,"2044,20",6,0,1,202005,0,5,"2044,20"
202005,5,51,510340,J,6209100,1,317210,101,8,26,"44,00",3,3,0,1,20,0,0,0,"1540,00",6,0,1,202005,0,5,"1540,00"
202005,4,42,420460,J,6202300,1,212405,101,9,43,"44,00",1,1,0,1,20,0,0,0,"10689,71",6,0,1,202005,0,5,"10689,71"
202005,3,31,310620,J,6201501,-1,212405,101,9,29,"40,00",3,1,0,1,40,0,0,0,"3101,00",6,0,1,202005,0,5,"3101,00"
202005,3,35,355030,J,6209100,-1,212405,101,80,29,"40,00",1,1,0,1,31,0,0,0,"3000,00",2,0,1,202005,0,5,"3000,00"
202005,5,53,530010,J,6203100,1,212405,101,9,29,"40,00",3,1,0,1,20,0,0,0,"4748,33",7,0,1,202005,0,5,"4748,33"
202005,4,43,431490,J,6201501,-1,212405,101,80,28,"40,00",1,1,0,1,40,0,0,0,"4666,19",6,0,1,202005,0,5,"4666,19"
202005,5,53,530010,J,6209100,-1,212410,101,80,39,"40,00",1,1,0,1,31,0,0,0,"4006,02",5,0,1,202005,0,5,"4006,02"
202005,3,35,355030,J,6201501,-1,212420,101,9,29,"40,00",1,1,0,1,40,0,0,0,"6405,27",10,0,1,202005,0,5,"6405,27"
202005,3,33,330455,J,6311900,-1,212405,101,80,44,"40,00",6,1,0,1,40,0,0,0,"6300,00",8,0,1,202005,0,5,"6300,00"
202005,3,33,330455,J,6204000,-1,317110,101,9,40,"40,00",1,1,0,1,40,0,0,0,"6500,00",5,0,1,202005,0,5,"6500,00"
202005,3,35,355030,J,6204000,-1,212420,101,8,39,"40,00",1,3,0,1,43,0,0,0,"6447,85",9,0,1,202005,0,5,"6447,85"
202005,3,33,330455,J,6204000,1,212420,101,7,37,"40,00",1,1,0,1,20,0,0,0,"4028,98",6,0,1,202005,0,5,"4028,98"
202005,3,33,330455,J,6209100,-1,317205,101,7,59,"40,00",3,1,0,1,31,0,0,0,"2625,00",4,0,1,202005,0,5,"2625,00"
202005,4,43,430510,J,6201501,-1,212405,101,8,20,"44,00",1,1,0,1,40,0,0,0,"2520,00",5,0,1,202005,0,5,"2520,00"
202005,4,42,420240,J,6203100,-1,212405,101,9,25,"44,00",1,1,0,1,40,0,0,0,"3700,00",5,0,1,202005,0,5,"3700,00"
202005,3,33,330210,J,6209100,1,317205,101,7,39,"44,00",1,1,0,1,20,0,0,0,"1800,00",5,0,1,202005,0,5,"1800,00"
202005,3,35,350570,J,6203100,-1,212405,101,9,27,"40,00",1,1,0,1,40,0,0,0,"7000,00",9,0,1,202005,0,5,"7000,00"
202005,3,35,355030,J,6202300,-1,212420,101,8,32,"44,00",3,3,0,1,31,0,0,0,"1521,43",6,0,1,202005,0,5,"1521,43"
202005,2,22,221100,J,6311900,-1,317210,101,7,56,"40,00",3,3,0,1,90,0,0,0,"4809,51",5,0,1,202005,0,5,"4809,51"
202005,5,52,520870,J,6203100,1,142530,101,7,34,"40,00",6,1,0,1,20,0,0,0,"6805,88",1,0,1,202005,0,5,"6805,88"
202005,3,33,330455,J,6201501,1,212405,101,9,39,"40,00",1,1,0,1,20,0,0,0,"2214,70",6,0,1,202005,0,5,"2214,70"
202005,5,53,530010,J,6201501,-1,317110,101,80,30,"44,00",6,1,0,1,31,0,0,0,"5500,00",8,0,1,202005,0,5,"5500,00"
202005,3,31,317020,J,6201501,1,212405,101,8,26,"44,00",1,1,0,1,20,0,0,0,"4800,00",8,0,1,202005,0,5,"4800,00"
202005,5,53,530010,J,6201501,-1,212405,101,9,23,"40,00",3,1,0,1,31,0,0,0,"3283,75",7,0,1,202005,0,5,"3283,75"
202005,3,35,352470,J,6201501,1,212405,101,9,39,"44,00",2,1,0,1,20,0,0,0,"5000,00",10,0,1,202005,0,5,"5000,00"
202005,4,43,430676,J,6209100,-1,212420,101,8,28,"44,00",1,3,0,1,40,0,0,0,"4890,00",10,0,1,202005,0,5,"4890,00"
202005,1,13,130260,J,6209100,-1,142530,101,9,37,"44,00",1,1,0,1,31,0,0,0,"8500,00",4,0,1,202005,0,5,"8500,00"
202005,2,23,230440,J,6204000,-1,317205,101,7,34,"36,00",3,3,0,1,31,0,0,0,"1300,00",8,0,1,202005,0,5,"1300,00"
202005,3,35,355030,J,6204000,-1,212305,101,7,42,"40,00",6,1,0,1,40,0,0,0,"13725,00",5,0,1,202005,0,5,"13725,00"
202005,4,41,411520,J,6203100,1,212420,101,7,24,"44,00",1,1,0,1,20,0,0,0,"1389,21",7,0,1,202005,0,5,"1389,21"
202005,3,35,350570,J,6203100,-1,212405,101,9,24,"40,00",3,1,0,1,31,0,0,0,"5300,00",9,0,1,202005,0,5,"5300,00"
202005,4,42,420240,J,6203100,-1,212405,101,8,35,"44,00",1,1,0,1,31,0,0,0,"4025,00",5,0,1,202005,0,5,"4025,00"
202005,4,43,431490,J,6204000,1,317110,101,8,21,"42,50",1,3,0,1,20,0,0,0,"2416,90",7,0,1,202005,0,5,"2416,90"
202005,2,29,292740,J,6204000,1,212410,101,9,38,"40,00",3,1,0,1,20,0,0,0,"3200,00",6,0,1,202005,0,5,"3200,00"
202005,3,31,310620,J,6204000,-1,212405,101,9,39,"40,00",2,1,0,1,31,0,0,0,"11029,70",7,0,1,202005,0,5,"11029,70"
202005,3,33,330455,J,6201501,-1,212410,101,9,34,"40,00",3,3,0,1,31,0,0,0,"4870,00",4,0,1,202005,0,5,"4870,00"
202005,3,35,355030,J,6201501,-1,317110,101,9,37,"40,00",3,1,0,1,31,0,0,0,"7197,57",10,0,1,202005,0,5,"7197,57"
202005,3,35,354990,J,6204000,-1,142530,101,9,39,"44,00",1,1,0,1,40,0,0,0,"3000,00",6,0,1,202005,0,5,"3000,00"
202005,3,35,355030,J,6209100,1,212405,101,80,41,"40,00",3,1,0,1,20,0,0,0,"8000,00",7,0,1,202005,0,5,"8000,00"
202005,3,35,355030,J,6204000,1,212405,101,8,23,"40,00",4,1,0,1,20,0,0,0,"3062,00",8,0,1,202005,0,5,"3062,00"
202005,3,31,310620,J,6204000,1,212405,101,3,41,"40,00",3,1,0,1,20,0,0,0,"8800,00",7,0,1,202005,0,5,"8800,00"
202005,5,53,530010,J,6201501,-1,317110,101,8,29,"44,00",3,1,0,1,40,0,0,0,"4000,00",8,0,1,202005,0,5,"4000,00"
202005,4,42,420240,J,6201501,-1,317110,101,9,26,"44,00",1,1,0,1,40,0,0,0,"4650,00",10,0,1,202005,0,5,"4650,00"
202005,4,43,430210,J,6203100,-1,317110,101,8,22,"40,00",1,1,0,1,31,0,0,0,"1970,00",3,0,1,202005,0,5,"1970,00"
202005,5,51,510340,J,6209100,-1,212215,101,9,29,"40,00",1,1,0,1,40,0,0,0,"8775,77",5,0,1,202005,0,5,"8775,77"
202005,3,35,350570,J,6204000,-1,212420,101,9,27,"40,00",4,1,0,1,40,0,0,0,"6000,00",7,0,1,202005,0,5,"6000,00"
202005,3,35,350570,J,6204000,1,317110,101,9,34,"40,00",6,1,0,1,20,0,0,0,"9000,00",9,0,1,202005,0,5,"9000,00"
202005,3,31,317020,J,6209100,-1,212405,101,8,31,"44,00",2,1,0,1,40,0,0,0,"3000,00",5,0,1,202005,0,5,"3000,00"
202005,4,41,410480,J,6203100,-1,212420,101,7,21,"40,00",1,3,0,1,40,0,0,0,"1722,00",7,0,1,202005,0,5,"1722,00"
202005,3,31,310620,J,6204000,1,212420,101,8,20,"40,00",1,1,0,1,20,0,0,0,"1539,43",1,0,1,202005,0,5,"1539,43"
202005,3,35,355030,J,6202300,-1,317110,101,9,22,"40,00",1,1,0,1,40,0,0,0,"1675,57",6,0,1,202005,0,5,"1675,57"
202005,5,53,530010,J,6201501,-1,212420,101,8,36,"44,00",3,1,0,1,31,0,0,0,"3313,39",10,0,1,202005,0,5,"3313,39"
202005,3,32,320520,J,6209100,1,212420,101,8,35,"40,00",1,1,0,1,20,0,0,0,"1705,00",5,0,1,202005,0,5,"1705,00"
202005,3,35,355030,J,6204000,-1,212405,101,9,42,"40,00",6,3,0,1,31,0,0,0,"7952,34",7,0,1,202005,0,5,"7952,34"
202005,3,35,355030,J,6204000,-1,317105,101,9,34,"40,00",1,1,0,1,43,0,0,0,"10000,00",7,0,1,202005,0,5,"10000,00"
202005,3,35,350570,J,6201501,1,212415,101,80,52,"40,00",3,1,0,1,20,0,0,0,"2606,73",7,0,1,202005,0,5,"2606,73"
202005,3,35,350950,J,6204000,-1,212420,101,9,30,"40,00",1,1,0,1,40,0,0,0,"2793,88",7,0,1,202005,0,5,"2793,88"
202005,3,35,355030,J,6204000,-1,212310,101,9,46,"40,00",6,1,0,1,31,0,0,0,"2500,00",6,0,1,202005,0,5,"2500,00"
202005,4,43,431490,J,6204000,1,212420,101,9,33,"44,00",1,1,0,1,20,0,0,0,"7000,00",7,0,1,202005,0,5,"7000,00"
202005,3,35,355030,J,6202300,-1,212420,101,7,35,"40,00",1,1,0,1,31,0,0,0,"2124,07",5,0,1,202005,0,5,"2124,07"
202005,3,35,350570,J,6201501,1,212405,101,9,30,"40,00",1,1,0,1,20,0,0,0,"12500,00",10,0,1,202005,0,5,"12500,00"
202005,3,35,355030,J,6311900,-1,317110,101,9,51,"40,00",1,1,0,1,31,0,0,0,"6318,27",7,0,1,202005,0,5,"6318,27"
202005,3,35,354870,J,6311900,1,212420,101,6,33,"40,00",1,1,0,1,20,0,0,0,"1700,00",6,0,1,202005,0,5,"1700,00"
202005,3,35,355030,J,6202300,1,212420,101,9,33,"40,00",1,3,0,1,20,0,0,0,"5280,33",7,0,1,202005,0,5,"5280,33"
202005,4,41,410690,J,6209100,-1,212405,101,9,45,"40,00",1,3,0,1,40,0,0,0,"10069,05",9,0,1,202005,0,5,"10069,05"
202005,4,43,431490,J,6311900,1,212405,101,9,29,"40,00",1,1,0,1,20,0,0,0,"7388,45",5,0,1,202005,0,5,"7388,45"
202005,3,35,355030,J,6201501,-1,212405,101,80,46,"40,00",3,1,0,1,40,0,0,0,"12000,00",8,0,1,202005,0,5,"12000,00"
202005,3,31,317150,J,6201501,-1,212410,101,9,38,"44,00",6,1,0,1,31,0,0,0,"2807,56",8,0,1,202005,0,5,"2807,56"
202005,3,35,350570,J,6202300,1,317110,101,9,24,"40,00",3,1,0,1,20,0,0,0,"5000,00",7,0,1,202005,0,5,"5000,00"
202005,3,35,355030,J,6201501,-1,212405,101,9,29,"40,00",3,3,0,1,40,0,0,0,"6974,29",9,0,1,202005,0,5,"6974,29"
202005,3,35,355030,J,6311900,-1,212420,101,9,33,"40,00",3,1,0,1,40,0,0,0,"2795,44",9,0,1,202005,0,5,"2795,44"
202005,3,35,355030,J,6201501,1,212405,101,9,29,"40,00",6,1,0,1,20,0,0,0,"6628,37",6,0,1,202005,0,5,"6628,37"
202005,3,31,310620,J,6209100,1,317205,101,8,19,"44,00",1,3,0,1,20,0,0,0,"1188,57",10,0,1,202005,0,5,"1188,57"
202005,3,35,354990,J,6202300,1,212405,101,8,23,"40,00",1,1,0,1,20,0,0,0,"2500,00",4,0,1,202005,0,5,"2500,00"
202005,3,35,355030,J,6204000,1,212405,101,9,23,"40,00",3,1,0,1,20,0,0,0,"3167,13",6,0,1,202005,0,5,"3167,13"
202005,3,35,355030,J,6204000,-1,212315,101,9,37,"40,00",6,3,0,1,40,0,0,0,"6000,00",10,0,1,202005,0,5,"6000,00"
202005,3,35,350570,J,6203100,1,212405,101,9,42,"40,00",1,1,0,1,20,0,0,0,"12500,00",9,0,1,202005,0,5,"12500,00"
202005,4,42,420910,J,6201501,1,317110,101,8,20,"40,00",1,1,0,1,20,0,0,0,"1360,00",3,0,1,202005,0,5,"1360,00"
202005,4,43,430700,J,6209100,1,212420,101,9,41,"44,00",1,1,0,1,20,0,0,0,"1800,00",3,0,1,202005,0,5,"1800,00"
202005,5,53,530010,J,6311900,1,212405,101,9,29,"40,00",2,1,0,1,20,0,0,0,"9500,00",7,0,1,202005,0,5,"9500,00"
202005,3,33,330455,J,6201501,1,142535,101,9,31,"40,00",6,1,0,1,20,0,0,0,"8500,00",8,0,1,202005,0,5,"8500,00"
202005,3,35,353060,J,6201501,-1,317105,101,9,31,"40,00",6,3,0,1,40,0,0,0,"2244,32",3,0,1,202005,0,5,"2244,32"
202005,3,35,355030,J,6201501,-1,317110,101,8,22,"40,00",3,3,0,1,31,0,0,0,"2500,00",10,0,1,202005,0,5,"2500,00"
202005,3,31,310620,J,6201501,1,212405,101,8,28,"40,00",1,1,0,1,20,0,0,0,"5800,00",7,0,1,202005,0,5,"5800,00"
202005,5,52,520870,J,6201501,-1,212405,101,8,23,"40,00",3,3,0,1,40,0,0,0,"3350,48",8,0,1,202005,0,5,"3350,48"
202005,2,27,270430,J,6201501,-1,212320,101,9,39,"44,00",1,3,0,1,40,0,0,0,"11500,00",3,0,1,202005,0,5,"11500,00"
202005,4,43,431490,J,6201501,-1,212405,101,9,33,"44,00",1,1,0,1,40,0,0,0,"7906,21",6,0,1,202005,0,5,"7906,21"
202005,2,23,230440,J,6209100,-1,317110,101,9,47,"44,00",3,1,0,1,40,0,0,0,"1567,50",4,0,1,202005,0,5,"1567,50"
202005,4,42,420910,J,6201501,-1,212420,101,9,31,"42,50",1,1,0,1,31,0,0,0,"3461,12",7,0,1,202005,0,5,"3461,12"
202005,3,35,355030,J,6204000,-1,212420,101,9,36,"40,00",2,1,0,1,31,0,0,0,"1700,00",6,0,1,202005,0,5,"1700,00"
202005,3,35,350570,J,6201501,-1,212405,101,80,59,"40,00",1,1,0,1,31,0,0,0,"9650,88",7,0,1,202005,0,5,"9650,88"
202005,3,35,350570,J,6201501,1,317110,101,8,39,"40,00",1,1,0,1,20,0,0,0,"280000,00",9,0,1,202005,0,5,"280000,00"
202005,3,35,355030,J,6311900,-1,212420,101,8,32,"40,00",1,1,0,1,40,0,0,0,"5108,21",9,0,1,202005,0,5,"5108,21"
202005,3,35,354340,J,6203100,-1,317210,101,7,26,"40,00",1,3,0,1,31,0,0,0,"1752,00",3,0,1,202005,0,5,"1752,00"
202005,4,41,410480,J,6209100,-1,317210,101,8,21,"40,00",1,1,0,1,40,0,0,0,"2311,73",4,0,1,202005,0,5,"2311,73"
202005,3,35,352470,J,6201501,-1,317210,101,8,31,"40,00",3,1,0,1,40,0,0,0,"1700,00",10,0,1,202005,0,5,"1700,00"
202005,3,33,330455,J,6204000,-1,212420,101,9,39,"40,00",2,1,0,1,31,0,0,0,"1839,32",6,0,1,202005,0,5,"1839,32"
202005,4,43,431690,J,6201501,-1,317205,101,7,39,"40,00",6,1,0,1,31,0,0,0,"2205,00",3,0,1,202005,0,5,"2205,00"
202005,3,31,310620,J,6204000,1,212405,101,80,31,"40,00",2,1,0,1,20,0,0,0,"7200,00",7,0,1,202005,0,5,"7200,00"
202005,3,35,355030,J,6201501,1,212405,101,9,36,"40,00",3,1,0,1,20,0,0,0,"12000,00",8,0,1,202005,0,5,"12000,00"
202005,3,33,330455,J,6204000,-1,212405,101,9,37,"40,00",1,1,0,1,31,0,0,0,"6053,89",9,0,1,202005,0,5,"6053,89"
202005,5,53,530010,J,6201501,-1,317110,101,9,28,"40,00",3,1,0,1,40,0,0,0,"1500,00",10,0,1,202005,0,5,"1500,00"
202005,3,33,330455,J,6209100,-1,317210,101,7,28,"40,00",1,1,0,1,31,0,0,0,"1381,44",8,0,1,202005,0,5,"1381,44"
202005,3,35,355030,J,6201501,-1,212405,101,8,36,"40,00",1,3,0,1,31,0,0,0,"6164,41",5,0,1,202005,0,5,"6164,41"
202005,3,35,355030,J,6204000,1,212405,101,10,58,"40,00",1,1,0,1,20,0,0,0,"4250,00",3,0,1,202005,0,5,"4250,00"
202005,3,35,355030,J,6201501,-1,212315,101,80,49,"40,00",1,3,0,1,31,0,0,0,"10000,00",5,0,1,202005,0,5,"10000,00"
202005,3,35,354340,J,6201501,1,212405,101,7,28,"44,00",6,1,0,1,20,0,0,0,"2612,50",5,0,1,202005,0,5,"2612,50"
202005,3,35,355030,J,6201501,-1,212405,101,9,33,"40,00",1,1,0,1,40,0,0,0,"6700,11",10,0,1,202005,0,5,"6700,11"
202005,3,35,350950,J,6201501,-1,212420,101,80,36,"40,00",3,1,0,1,40,0,0,0,"8209,07",6,0,1,202005,0,5,"8209,07"
202005,3,35,350570,J,6201501,-1,212405,101,9,52,"40,00",1,1,0,1,40,0,0,0,"8668,91",9,0,1,202005,0,5,"8668,91"
202005,2,29,292740,J,6311900,-1,317210,101,7,43,"40,00",3,1,0,1,31,0,0,0,"1182,46",7,0,1,202005,0,5,"1182,46"
202005,3,31,310620,J,6202300,-1,212415,101,9,31,"48,00",6,1,0,1,31,0,0,0,"5681,00",2,0,1,202005,0,5,"5681,00"
202005,3,35,355030,J,6209100,-1,212310,101,9,48,"40,00",6,1,0,1,31,0,0,0,"5396,15",6,0,1,202005,0,5,"5396,15"
202005,3,35,355030,J,6203100,-1,212420,101,9,24,"40,00",1,1,0,1,40,0,0,0,"4719,67",7,0,1,202005,0,5,"4719,67"
202005,3,33,330455,J,6204000,1,212405,101,9,29,"40,00",1,1,0,1,20,0,0,0,"4636,25",6,0,1,202005,0,5,"4636,25"
202005,3,33,330330,J,6204000,1,317205,101,7,29,"36,00",1,3,0,1,20,0,0,0,"1198,00",5,0,1,202005,0,5,"1198,00"
202005,3,35,350570,J,6209100,-1,212410,101,9,39,"44,00",3,1,0,1,31,0,0,0,"3220,33",2,0,1,202005,0,5,"3220,33"
202005,3,31,317020,J,6201501,1,212405,101,9,26,"40,00",1,1,0,1,20,0,0,0,"3400,00",7,0,1,202005,0,5,"3400,00"
202005,4,41,410690,J,6204000,-1,212215,101,9,35,"40,00",1,1,0,1,40,0,0,0,"7700,00",7,0,1,202005,0,5,"7700,00"
202005,3,35,355030,J,6209100,-1,212415,101,9,49,"40,00",1,1,0,1,40,0,0,0,"8000,00",5,0,1,202005,0,5,"8000,00"
202005,4,41,410690,J,6204000,-1,212405,101,9,31,"40,00",1,1,0,1,31,0,0,0,"5170,09",7,0,1,202005,0,5,"5170,09"
202005,4,42,420570,J,6209100,1,212420,101,8,19,"44,00",1,1,0,1,20,0,0,0,"1548,90",4,0,1,202005,0,5,"1548,90"
202005,3,35,355030,J,6209100,-1,142520,101,9,38,"40,00",1,1,0,1,40,0,0,0,"16021,00",7,0,1,202005,0,5,"16021,00"
202005,3,35,355030,J,6201501,1,212405,101,8,33,"40,00",1,1,0,1,20,0,0,0,"4500,00",10,0,1,202005,0,5,"4500,00"
202005,4,43,430510,J,6203100,1,317110,101,8,25,"40,00",1,1,0,1,20,0,0,0,"2292,00",5,0,1,202005,0,5,"2292,00"
202005,3,33,330455,J,6204000,-1,212405,101,9,32,"40,00",1,1,0,1,31,0,0,0,"1895,35",9,0,1,202005,0,5,"1895,35"
202005,3,35,355030,J,6204000,1,212405,101,9,28,"40,00",3,3,0,1,20,0,0,0,"18700,00",8,0,1,202005,0,5,"18700,00"
202005,3,31,310620,J,6201501,1,212405,101,9,34,"40,00",3,1,0,1,20,0,0,0,"7000,00",9,0,1,202005,0,5,"7000,00"
202005,3,35,355030,J,6209100,-1,212420,101,9,29,"35,00",6,1,0,1,40,0,0,0,"1500,00",8,0,1,202005,0,5,"1500,00"
202005,3,35,355030,J,6209100,1,317110,101,9,33,"40,00",6,1,0,1,20,0,0,0,"4000,00",5,0,1,202005,0,5,"4000,00"
202005,3,35,352470,J,6201501,-1,317210,101,9,36,"40,00",1,1,0,1,40,0,0,0,"2400,00",10,0,1,202005,0,5,"2400,00"
202005,3,35,355030,J,6311900,-1,212320,101,9,34,"40,00",1,1,0,1,43,0,0,0,"9055,00",9,0,1,202005,0,5,"9055,00"
202005,3,35,350570,J,6204000,-1,317210,101,9,43,"40,00",1,1,0,1,40,0,0,0,"23783,47",7,0,1,202005,0,5,"23783,47"
202005,3,35,355030,J,6311900,-1,212405,101,9,26,"40,00",1,1,0,1,31,0,0,0,"3000,00",7,0,1,202005,0,5,"3000,00"
202005,3,35,350570,J,6209100,1,212405,101,8,38,"44,00",1,3,0,1,20,0,0,0,"11000,00",6,0,1,202005,0,5,"11000,00"
202005,4,41,410690,J,6201501,-1,212405,101,9,42,"40,00",1,1,0,1,31,0,0,0,"3300,00",4,0,1,202005,0,5,"3300,00"
202005,3,31,310620,J,6209100,1,317205,101,7,30,"44,00",1,3,0,1,20,0,0,0,"1188,57",10,0,1,202005,0,5,"1188,57"
202005,2,23,230280,J,6202300,1,212420,101,8,21,"44,00",3,1,0,1,20,0,0,0,"1045,00",3,0,1,202005,0,5,"1045,00"
202005,3,35,350570,J,6204000,-1,212410,101,9,40,"40,00",1,3,0,1,31,0,0,0,"5656,90",9,0,1,202005,0,5,"5656,90"
202005,4,42,420430,J,6203100,1,212420,101,6,17,"42,50",1,1,0,1,20,0,0,0,"1352,00",1,0,1,202005,0,5,"1352,00"
202005,3,35,350950,J,6203100,1,212405,101,80,31,"40,00",6,1,0,1,20,0,0,0,"3654,56",7,0,1,202005,0,5,"3654,56"
202005,3,35,354990,J,6202300,-1,212405,101,9,25,"40,00",1,3,0,1,31,0,0,0,"1675,56",7,0,1,202005,0,5,"1675,56"
202005,4,41,410690,J,6209100,1,212415,101,9,40,"40,00",1,1,0,1,20,0,0,0,"7500,00",7,0,1,202005,0,5,"7500,00"
202005,4,43,431490,J,6209100,-1,317110,101,8,29,"44,00",1,1,0,1,31,0,0,0,"2504,70",5,0,1,202005,0,5,"2504,70"
202005,3,35,354850,J,6209100,-1,212205,101,8,37,"44,00",1,1,0,1,31,0,0,0,"8000,00",2,0,1,202005,0,5,"8000,00"
202005,3,35,355030,J,6201501,1,212405,101,9,46,"40,00",1,3,0,1,20,0,0,0,"10800,00",10,0,1,202005,0,5,"10800,00"
202005,3,35,355030,J,6201501,-1,142520,101,9,51,"40,00",1,1,0,1,43,0,0,0,"8000,00",5,0,1,202005,0,5,"8000,00"
202005,3,33,330455,J,6201501,-1,212405,101,9,59,"40,00",1,1,0,1,40,0,0,0,"6500,00",5,0,1,202005,0,5,"6500,00"
202005,3,35,355030,J,6209100,1,212410,101,9,23,"40,00",6,1,0,1,20,0,0,0,"3000,00",5,0,1,202005,0,5,"3000,00"
202005,4,43,431490,J,6202300,1,212420,101,8,20,"40,00",1,3,0,1,20,0,0,0,"1900,00",7,0,1,202005,0,5,"1900,00"
202005,3,33,330455,J,6201501,-1,317110,101,8,32,"40,00",1,1,0,1,31,0,0,0,"3300,00",5,0,1,202005,0,5,"3300,00"
202005,4,41,410690,J,6203100,-1,212420,101,8,23,"44,00",1,1,0,1,40,0,0,0,"1360,00",4,0,1,202005,0,5,"1360,00"
202005,3,31,310620,J,6202300,1,212420,101,9,25,"40,00",1,1,0,1,20,0,0,0,"2504,24",7,0,1,202005,0,5,"2504,24"
202005,3,35,350570,J,6201501,-1,212405,101,9,35,"40,00",1,1,0,1,31,0,0,0,"11082,13",9,0,1,202005,0,5,"11082,13"
202005,4,43,431850,J,6201501,-1,317210,101,7,28,"44,00",1,1,0,1,31,0,0,0,"1800,00",5,0,1,202005,0,5,"1800,00"
202005,4,42,420460,J,6202300,-1,212405,101,8,23,"44,00",1,1,0,1,40,0,0,0,"3589,97",8,0,1,202005,0,5,"3589,97"
202005,3,35,355030,J,6201501,1,212420,101,9,26,"40,00",1,1,0,1,20,0,0,0,"2000,00",9,0,1,202005,0,5,"2000,00"
202005,3,35,355030,J,6201501,1,212420,101,9,41,"40,00",3,1,0,1,20,0,0,0,"5471,54",10,0,1,202005,0,5,"5471,54"
202005,3,35,350950,J,6204000,1,142520,101,80,49,"40,00",1,3,0,1,20,0,0,0,"10000,00",10,0,1,202005,0,5,"10000,00"
202005,3,35,355030,J,6204000,1,212405,101,7,27,"40,00",1,3,0,1,20,0,0,0,"7300,00",10,0,1,202005,0,5,"7300,00"
202005,3,35,355030,J,6201501,-1,212405,101,8,23,"40,00",1,1,0,1,43,0,0,0,"3500,00",6,0,1,202005,0,5,"3500,00"
202005,3,35,355030,J,6202300,1,212405,101,9,32,"40,00",1,3,0,1,20,0,0,0,"6400,00",6,0,1,202005,0,5,"6400,00"
202005,3,31,310620,J,6204000,1,212420,101,9,41,"40,00",3,1,0,1,20,0,0,0,"2800,00",7,0,1,202005,0,5,"2800,00"
202005,4,42,420910,J,6209100,1,212420,101,8,33,"42,50",1,1,0,1,20,0,0,0,"3163,62",6,0,1,202005,0,5,"3163,62"
202005,4,42,420910,J,6202300,-1,212420,101,9,32,"40,00",6,1,0,1,31,0,0,0,"2600,00",7,0,1,202005,0,5,"2600,00"
202005,4,41,411990,J,6209100,-1,212420,101,6,34,"44,00",1,1,0,1,31,0,0,0,"1400,00",5,0,1,202005,0,5,"1400,00"
202005,3,35,355030,J,6201501,1,212320,101,9,21,"40,00",1,1,0,1,20,0,0,0,"18000,00",8,0,1,202005,0,5,"18000,00"
202005,3,35,355030,J,6201501,1,317110,101,9,23,"40,00",3,1,0,1,20,0,0,0,"7008,81",10,0,1,202005,0,5,"7008,81"
202005,4,41,411990,J,6201501,-1,317110,101,9,30,"40,00",1,1,0,1,40,0,0,0,"5413,86",6,0,1,202005,0,5,"5413,86"
202005,3,35,350400,J,6201501,-1,317110,101,9,23,"40,00",1,1,0,1,40,0,0,0,"1842,59",7,0,1,202005,0,5,"1842,59"
202005,3,31,310620,J,6204000,1,212420,101,9,26,"40,00",3,1,0,1,20,0,0,0,"3338,00",7,0,1,202005,0,5,"3338,00"
202005,5,53,530010,J,6204000,-1,212410,101,8,34,"40,00",3,1,0,1,43,0,0,0,"5609,49",1,0,1,202005,0,5,"5609,49"
202005,3,31,310620,J,6202300,1,317210,101,7,19,"44,00",6,3,0,1,20,0,0,0,"1539,43",5,0,1,202005,0,5,"1539,43"
202005,5,53,530010,J,6204000,1,212405,101,9,24,"49,00",6,3,0,1,20,0,0,0,"5000,00",5,0,1,202005,0,5,"5000,00"
202005,3,31,310620,J,6201501,1,212405,101,9,25,"44,00",1,1,0,1,20,0,0,0,"8000,00",7,0,1,202005,0,5,"8000,00"
202005,4,41,411520,J,6209100,1,212420,101,8,33,"44,00",1,1,0,1,20,0,0,0,"1355,20",2,0,1,202005,0,5,"1355,20"
202005,3,35,355030,J,6201501,1,212405,101,8,20,"40,00",1,1,0,1,20,0,0,0,"5000,00",10,0,1,202005,0,5,"5000,00"
202005,4,43,431490,J,6202300,-1,317110,101,9,41,"40,00",3,1,0,1,43,0,0,0,"6000,00",4,0,1,202005,0,5,"6000,00"
202005,4,41,411520,J,6203100,1,212405,101,9,30,"40,00",6,1,0,1,20,0,0,0,"5300,00",2,0,1,202005,0,5,"5300,00"
202005,3,35,355030,J,6209100,-1,317210,101,9,41,"44,00",2,1,0,1,31,0,0,0,"1800,00",6,0,1,202005,0,5,"1800,00"
202005,3,35,352470,J,6201501,-1,317210,101,8,34,"40,00",1,1,0,1,31,0,0,0,"1675,56",10,0,1,202005,0,5,"1675,56"
202005,3,33,330455,J,6201501,1,212305,101,9,32,"40,00",1,1,0,1,20,0,0,0,"4700,00",10,0,1,202005,0,5,"4700,00"
202005,3,35,355030,J,6209100,-1,212420,101,7,40,"40,00",1,1,0,1,33,0,0,0,"1680,22",9,0,1,202005,0,5,"1680,22"
202005,3,31,310620,J,6311900,1,212420,101,8,27,"40,00",6,3,0,1,20,0,0,0,"1600,00",3,0,1,202005,0,5,"1600,00"
202005,3,35,350570,J,6203100,1,212315,101,80,25,"40,00",1,1,0,1,20,0,0,0,"12000,00",9,0,1,202005,0,5,"12000,00"
202005,3,35,355030,J,6311900,-1,212420,101,8,22,"44,00",6,1,0,1,31,0,0,0,"1666,35",2,0,1,202005,0,5,"1666,35"
202005,4,41,412550,J,6203100,-1,317110,101,10,45,"40,00",1,1,0,1,31,0,0,0,"2900,00",7,0,1,202005,0,5,"2900,00"
202005,4,41,410690,J,6311900,1,317105,101,8,23,"40,00",6,1,0,1,20,0,0,0,"2000,00",4,0,1,202005,0,5,"2000,00"
202005,4,43,431340,J,6202300,-1,212405,101,9,36,"44,00",1,1,0,1,31,0,0,0,"5834,75",7,0,1,202005,0,5,"5834,75"
202005,4,42,420290,J,6203100,1,317210,101,8,23,"44,00",1,1,0,1,20,0,0,0,"1600,00",3,0,1,202005,0,5,"1600,00"
202005,3,35,350570,J,6204000,-1,212420,101,9,34,"40,00",1,3,0,1,40,0,0,0,"2600,00",8,0,1,202005,0,5,"2600,00"
202005,4,43,431870,J,6204000,-1,317110,101,9,26,"40,00",1,1,0,1,40,0,0,0,"4042,40",8,0,1,202005,0,5,"4042,40"
202005,3,31,310620,J,6202300,-1,212420,101,8,28,"42,50",1,3,0,1,31,0,0,0,"1484,89",6,0,1,202005,0,5,"1484,89"
202005,5,53,530010,J,6204000,-1,142520,101,80,42,"40,00",1,1,0,1,31,0,0,0,"6500,00",9,0,1,202005,0,5,"6500,00"
202005,4,41,411370,J,6311900,-1,317110,101,7,21,"40,00",6,1,0,1,31,0,0,0,"1631,75",7,0,1,202005,0,5,"1631,75"
202005,4,43,431490,J,6204000,-1,212405,101,9,40,"44,00",1,1,0,1,31,0,0,0,"13545,75",7,0,1,202005,0,5,"13545,75"
202005,3,35,355030,J,6204000,1,212405,101,9,30,"40,00",1,1,0,1,20,0,0,0,"8847,81",7,0,1,202005,0,5,"8847,81"
202005,3,35,355030,J,6201501,-1,317110,101,9,32,"40,00",1,1,0,1,40,0,0,0,"7087,60",10,0,1,202005,0,5,"7087,60"
202005,4,41,411850,J,6203100,1,317110,101,9,23,"40,00",6,1,0,1,20,0,0,0,"2000,00",6,0,1,202005,0,5,"2000,00"
202005,5,53,530010,J,6204000,1,212410,101,7,45,"40,00",1,1,0,1,20,0,0,0,"7400,00",1,0,1,202005,0,5,"7400,00"
202005,2,23,230440,J,6203100,-1,317110,101,10,35,"40,00",1,1,0,1,40,0,0,0,"4914,85",7,0,1,202005,0,5,"4914,85"
202005,4,43,431490,J,6311900,1,317110,101,9,29,"40,00",1,1,0,1,20,0,0,0,"6800,00",7,0,1,202005,0,5,"6800,00"
202005,4,43,431490,J,6201501,-1,212315,101,8,28,"44,00",3,1,0,1,40,0,0,0,"5000,49",8,0,1,202005,0,5,"5000,49"
202005,4,42,420910,J,6201501,-1,212405,101,9,31,"44,00",1,1,0,1,40,0,0,0,"8000,00",6,0,1,202005,0,5,"8000,00"
202005,3,31,313130,J,6209100,-1,212415,101,9,58,"44,00",1,1,0,1,31,0,0,0,"2072,00",5,0,1,202005,0,5,"2072,00"
202005,5,53,530010,J,6201501,-1,212420,101,7,35,"40,00",3,1,0,1,31,0,0,0,"2125,45",9,0,1,202005,0,5,"2125,45"
202005,3,35,355030,J,6209100,-1,212420,101,9,32,"40,00",3,1,0,1,31,0,0,0,"4717,39",5,0,1,202005,0,5,"4717,39"
202005,3,33,330330,J,6201501,1,212405,101,9,41,"44,00",1,1,0,1,20,0,0,0,"3400,00",7,0,1,202005,0,5,"3400,00"
202005,3,35,355030,J,6201501,1,212405,101,8,38,"40,00",1,1,0,1,20,0,0,0,"9500,00",5,0,1,202005,0,5,"9500,00"
202005,5,53,530010,J,6203100,-1,317210,101,8,25,"44,00",3,1,0,1,31,0,0,0,"1700,00",7,0,1,202005,0,5,"1700,00"
202005,4,42,420910,J,6201501,-1,212420,101,9,25,"42,50",6,3,0,1,31,0,0,0,"2336,16",7,0,1,202005,0,5,"2336,16"
202005,3,31,317020,J,6201501,1,212405,101,9,28,"40,00",1,1,0,1,20,0,0,0,"4500,00",7,0,1,202005,0,5,"4500,00"
202005,3,33,330330,J,6201501,1,212405,101,9,28,"56,00",3,1,0,1,20,0,0,0,"8500,00",7,0,1,202005,0,5,"8500,00"
202005,4,42,420540,J,6201501,1,212420,101,8,24,"40,00",6,3,0,1,20,0,0,0,"4000,00",4,0,1,202005,0,5,"4000,00"
202005,3,31,310620,J,6204000,1,212405,101,7,28,"36,00",3,1,0,1,20,0,0,0,"3000,00",7,0,1,202005,0,5,"3000,00"
202005,4,43,431870,J,6204000,1,212405,101,9,35,"40,00",3,3,0,1,20,0,0,0,"10975,00",10,0,1,202005,0,5,"10975,00"
202005,3,35,355030,J,6204000,-1,212420,101,7,21,"40,00",1,1,0,1,40,0,0,0,"1700,00",6,0,1,202005,0,5,"1700,00"
202005,4,41,410690,J,6204000,-1,212405,101,8,28,"40,00",1,1,0,1,31,0,0,0,"4500,00",7,0,1,202005,0,5,"4500,00"
202005,3,33,330100,J,6201501,-1,212405,101,9,25,"40,00",1,1,0,1,31,0,0,0,"3662,35",9,0,1,202005,0,5,"3662,35"
202005,5,53,530010,J,6203100,-1,212405,101,9,47,"44,00",1,1,0,1,40,0,0,0,"7958,53",7,0,1,202005,0,5,"7958,53"
202005,3,35,355030,J,6203100,1,317110,101,9,34,"40,00",1,1,0,1,20,0,0,0,"6500,00",4,0,1,202005,0,5,"6500,00"
202005,5,53,530010,J,6204000,-1,212405,101,8,27,"44,00",3,1,0,1,40,0,0,0,"3148,20",4,0,1,202005,0,5,"3148,20"
202005,3,35,355030,J,6204000,1,317110,101,9,34,"40,00",3,1,0,1,20,0,0,0,"5800,00",3,0,1,202005,0,5,"5800,00"
202005,3,31,310620,J,6202300,-1,317110,101,8,26,"18,75",1,1,0,1,40,0,0,0,"2000,00",5,0,1,202005,0,5,"2000,00"
202005,3,31,310620,J,6201501,-1,212405,101,9,27,"40,00",1,1,0,1,40,0,0,0,"9000,00",9,0,1,202005,0,5,"9000,00"
202005,3,31,310620,J,6204000,1,212405,101,9,26,"44,00",1,1,0,1,20,0,0,0,"3272,15",6,0,1,202005,0,5,"3272,15"
202005,2,26,261160,J,6311900,-1,317210,101,7,39,"40,00",1,1,0,1,31,0,0,0,"1722,00",7,0,1,202005,0,5,"1722,00"
202005,3,35,354340,J,6311900,1,212420,101,7,19,"40,00",6,1,0,1,10,0,0,0,"1045,00",6,0,1,202005,0,5,"1045,00"
202005,3,35,355030,J,6203100,-1,212405,101,9,46,"40,00",3,3,0,1,31,0,0,0,"15000,00",10,0,1,202005,0,5,"15000,00"
202005,3,35,355030,J,6209100,-1,212405,101,9,22,"44,00",3,3,0,1,31,0,0,0,"1600,00",3,0,1,202005,0,5,"1600,00"
202005,3,35,355030,J,6201501,1,212405,101,9,34,"40,00",1,1,0,1,20,0,0,0,"8000,00",8,0,1,202005,0,5,"8000,00"
202005,3,35,355030,J,6204000,-1,212315,101,8,18,"40,00",1,1,0,1,43,0,0,0,"1808,88",6,0,1,202005,0,5,"1808,88"
202005,3,35,355030,J,6209100,1,212405,101,9,36,"40,00",3,3,0,1,20,0,0,0,"11900,00",6,0,1,202005,0,5,"11900,00"
202005,3,35,355030,J,6203100,-1,212405,101,9,41,"44,00",1,3,0,1,31,0,0,9,"12083,87",6,0,1,202005,0,5,"12083,87"
202005,3,35,355030,J,6201501,-1,212405,101,9,33,"40,00",3,1,0,1,40,0,0,0,"8484,56",9,0,1,202005,0,5,"8484,56"
202005,3,31,310620,J,6204000,1,212420,101,7,28,"40,00",2,1,0,1,20,0,0,0,"1546,86",7,0,1,202005,0,5,"1546,86"
202005,5,53,530010,J,6201501,-1,212405,101,9,33,"30,00",3,1,0,1,31,2,0,0,"1102,82",8,0,1,202005,0,5,"1102,82"
202005,4,43,431490,J,6204000,1,212420,101,9,41,"40,00",1,1,0,1,20,0,0,0,"4000,00",8,0,1,202005,0,5,"4000,00"
202005,3,31,310620,J,6204000,-1,212405,101,9,33,"40,00",1,1,0,1,31,0,0,0,"10900,00",7,0,1,202005,0,5,"10900,00"
202005,2,29,292740,J,6204000,1,212405,101,9,32,"40,00",3,1,0,1,20,0,0,0,"3400,00",6,0,1,202005,0,5,"3400,00"
202005,3,31,316470,J,6202300,1,212420,101,8,18,"44,00",1,1,0,1,20,0,0,0,"1100,00",5,0,1,202005,0,5,"1100,00"
202005,3,33,330455,J,6209100,-1,212420,101,7,28,"44,00",1,1,0,1,40,0,0,0,"1381,44",4,0,1,202005,0,5,"1381,44"
202005,3,35,350570,J,6203100,1,212405,101,9,30,"40,00",1,1,0,1,20,0,0,0,"12000,00",9,0,1,202005,0,5,"12000,00"
202005,3,35,350570,J,6201501,-1,317110,101,9,30,"40,00",1,3,0,1,31,0,0,0,"3500,00",9,0,1,202005,0,5,"3500,00"
202005,4,43,431490,J,6204000,1,317110,101,9,21,"42,50",1,3,0,1,20,0,0,0,"4197,29",7,0,1,202005,0,5,"4197,29"
202005,4,41,410690,J,6209100,1,212405,101,9,43,"40,00",1,3,0,1,20,0,0,0,"8067,63",9,0,1,202005,0,5,"8067,63"
202005,3,35,350570,J,6203100,1,212405,101,9,32,"40,00",1,1,0,1,20,0,0,0,"8000,00",9,0,1,202005,0,5,"8000,00"
202005,5,50,500270,J,6202300,-1,317205,101,8,24,"44,00",1,3,0,1,40,0,0,0,"1200,00",5,0,1,202005,0,5,"1200,00"
202005,3,35,350570,J,6201501,1,212405,101,9,27,"40,00",1,1,0,1,20,0,0,0,"1679,54",7,0,1,202005,0,5,"1679,54"
202005,4,42,420240,J,6202300,-1,317110,101,6,18,"44,00",1,1,0,1,31,0,0,0,"1876,50",7,0,1,202005,0,5,"1876,50"
202005,3,35,355030,J,6209100,1,317210,101,7,20,"40,00",1,3,0,1,20,0,0,0,"2000,00",6,0,1,202005,0,5,"2000,00"
202005,3,33,330240,J,6201501,1,317210,101,11,42,"40,00",1,1,0,1,20,0,0,0,"2512,59",9,0,1,202005,0,5,"2512,59"
202005,5,53,530010,J,6204000,-1,317110,101,9,24,"40,00",2,1,0,1,40,0,0,0,"4800,00",7,0,1,202005,0,5,"4800,00"
202005,2,26,261160,J,6202300,1,212405,101,9,24,"40,00",3,3,0,1,20,0,0,0,"4595,48",8,0,1,202005,0,5,"4595,48"
202005,4,42,420890,J,6209100,1,212420,101,9,50,"44,00",6,1,0,1,20,0,0,0,"2053,80",2,0,1,202005,0,5,"2053,80"
202005,3,35,355030,J,6201501,-1,317110,101,9,33,"44,00",6,1,0,1,40,0,0,0,"2027,00",6,0,1,202005,0,5,"2027,00"
202005,5,52,520870,J,6203100,-1,317110,101,9,24,"44,00",3,1,0,1,31,0,0,0,"1400,00",6,0,1,202005,0,5,"1400,00"
202005,3,35,355030,J,6204000,-1,212420,101,9,23,"44,00",1,1,0,1,31,0,0,9,"6597,50",10,0,1,202005,0,5,"6597,50"
202005,3,35,350950,J,6203100,-1,142520,101,9,23,"40,00",6,1,0,1,40,0,0,0,"8500,00",5,0,1,202005,0,5,"8500,00"
202005,4,42,420910,J,6201501,-1,317110,101,9,35,"44,00",1,1,0,1,43,0,0,0,"5500,00",4,0,1,202005,0,5,"5500,00"
202005,3,35,355030,J,6209100,-1,212410,101,9,30,"40,00",1,1,0,1,40,0,0,0,"6969,00",7,0,1,202005,0,5,"6969,00"
202005,3,35,355030,J,6202300,-1,212420,101,7,27,"44,00",3,1,0,1,31,0,0,0,"1474,82",6,0,1,202005,0,5,"1474,82"
202005,3,31,310620,J,6204000,1,212420,101,9,37,"40,00",1,1,0,1,20,0,0,0,"2500,00",7,0,1,202005,0,5,"2500,00"
202005,3,35,350570,J,6203100,1,212405,101,9,42,"44,00",6,1,0,1,20,0,0,0,"8000,00",6,0,1,202005,0,5,"8000,00"
202005,3,35,355030,J,6203100,-1,212405,101,9,24,"40,00",1,1,0,1,40,0,0,0,"3446,69",10,0,1,202005,0,5,"3446,69"
202005,3,35,355030,J,6201501,1,317110,101,10,30,"40,00",1,1,0,1,20,0,0,0,"12000,00",8,0,1,202005,0,5,"12000,00"
202005,3,35,355670,J,6209100,-1,212420,101,7,28,"44,00",1,1,0,1,31,0,0,0,"3657,62",4,0,1,202005,0,5,"3657,62"
202005,3,35,355030,J,6201501,-1,317110,101,9,27,"40,00",1,1,0,1,40,0,0,0,"6800,00",6,0,1,202005,0,5,"6800,00"
202005,3,35,355030,J,6201501,1,142520,101,9,39,"40,00",3,3,0,1,20,0,0,0,"8796,97",10,0,1,202005,0,5,"8796,97"
202005,3,33,330455,J,6204000,1,317110,101,9,50,"44,00",1,1,0,1,20,0,0,9,"9000,00",8,0,1,202005,0,5,"9000,00"
202005,3,35,355030,J,6201501,1,317110,101,9,35,"40,00",2,1,0,1,20,0,0,0,"7095,64",10,0,1,202005,0,5,"7095,64"
202005,3,35,350570,J,6203100,1,212405,101,9,31,"40,00",1,1,0,1,20,0,0,0,"9500,00",9,0,1,202005,0,5,"9500,00"
202005,3,31,313670,J,6209100,1,212420,101,7,25,"44,00",6,1,0,1,20,0,0,0,"1849,26",4,0,1,202005,0,5,"1849,26"
202005,3,31,310620,J,6203100,1,212405,101,9,36,"32,00",1,1,0,1,20,0,0,0,"3000,00",5,0,1,202005,0,5,"3000,00"
202005,2,23,230440,J,6209100,-1,212405,101,10,39,"40,00",1,1,0,1,40,0,0,0,"6092,52",7,0,1,202005,0,5,"6092,52"
202005,4,43,431490,J,6209100,1,317210,101,7,45,"44,00",3,1,0,1,20,0,0,0,"1750,00",8,0,1,202005,0,5,"1750,00"
202005,4,43,431490,J,6209100,-1,212420,101,9,37,"44,00",1,1,0,1,40,0,0,0,"3000,00",8,0,1,202005,0,5,"3000,00"
202005,3,31,314480,J,6201501,-1,212410,101,9,41,"40,00",6,1,0,1,31,0,0,0,"8807,00",7,0,1,202005,0,5,"8807,00"
202005,3,35,355030,J,6203100,-1,212405,101,9,29,"40,00",1,1,0,1,31,0,0,0,"8000,00",8,0,1,202005,0,5,"8000,00"
202005,3,35,355030,J,6203100,-1,212405,101,8,20,"40,00",1,1,0,1,31,0,0,0,"2310,00",4,0,1,202005,0,5,"2310,00"
202005,3,35,354890,J,6203100,-1,212205,101,7,21,"40,00",1,1,0,1,31,0,0,0,"4215,68",7,0,1,202005,0,5,"4215,68"
202005,3,35,355030,J,6203100,1,212420,101,8,20,"40,00",4,1,0,1,20,0,0,0,"1700,00",7,0,1,202005,0,5,"1700,00"
202005,3,35,350950,J,6201501,1,212405,101,9,31,"40,00",1,1,0,1,20,0,0,0,"10500,00",7,0,1,202005,0,5,"10500,00"
202005,3,35,355030,J,6201501,-1,212405,101,9,34,"40,00",1,1,0,1,31,0,0,0,"2110,00",8,0,1,202005,0,5,"2110,00"
202005,5,53,530010,J,6201501,1,317110,101,9,26,"40,00",3,1,0,1,20,0,0,0,"9915,27",10,0,1,202005,0,5,"9915,27"
202005,3,35,355030,J,6209100,1,212415,101,8,20,"40,00",1,1,0,1,20,0,0,0,"5200,00",8,0,1,202005,0,5,"5200,00"
202005,3,35,355030,J,6204000,1,212405,101,8,22,"44,00",1,1,0,1,20,0,0,9,"4200,00",10,0,1,202005,0,5,"4200,00"
202005,3,35,355030,J,6209100,-1,212410,101,7,23,"44,00",1,3,0,1,31,0,0,9,"1367,65",4,0,1,202005,0,5,"1367,65"
202005,2,26,261160,J,6201501,-1,212405,101,9,29,"40,00",3,1,0,1,40,0,0,0,"5598,98",8,0,1,202005,0,5,"5598,98"
202005,4,43,431490,J,6201501,-1,317210,101,8,46,"40,00",1,1,0,1,31,0,0,0,"2000,00",8,0,1,202005,0,5,"2000,00"
202005,3,35,354730,J,6209100,1,212405,101,9,31,"40,00",3,1,0,1,20,0,0,0,"7000,00",10,0,1,202005,0,5,"7000,00"
202005,3,35,355030,J,6204000,1,212410,101,8,23,"40,00",1,1,0,1,20,0,0,0,"5397,00",9,0,1,202005,0,5,"5397,00"
202005,4,41,410690,J,6204000,-1,317110,101,9,33,"40,00",1,1,0,1,31,0,0,0,"7516,08",7,0,1,202005,0,5,"7516,08"
202005,3,35,355030,J,6202300,-1,212405,101,8,23,"44,00",1,1,0,1,40,0,0,0,"2507,27",5,0,1,202005,0,5,"2507,27"
202005,4,42,420910,J,6202300,-1,212420,101,9,31,"40,00",1,1,0,1,31,0,0,0,"2820,35",7,0,1,202005,0,5,"2820,35"
202005,3,31,310620,J,6201501,-1,212405,101,80,36,"40,00",3,1,0,1,40,0,0,0,"5342,13",8,0,1,202005,0,5,"5342,13"
202005,1,15,150140,J,6201501,-1,212405,101,9,37,"42,50",1,1,0,1,31,0,0,0,"2150,73",3,0,1,202005,0,5,"2150,73"
202005,2,29,292740,J,6202300,-1,317205,101,9,28,"44,00",6,3,0,1,31,0,0,0,"1500,00",5,0,1,202005,0,5,"1500,00"
202005,3,35,350570,J,6201501,-1,142520,101,9,48,"44,00",1,1,0,1,40,0,0,9,"13215,85",10,0,1,202005,0,5,"13215,85"
202005,3,31,317020,J,6204000,1,142520,101,9,31,"40,00",2,1,0,1,20,0,0,0,"5500,00",8,0,1,202005,0,5,"5500,00"
202005,3,31,314480,J,6311900,1,212405,101,9,55,"40,00",1,1,0,1,20,0,0,0,"3750,00",6,0,1,202005,0,5,"3750,00"
202005,3,35,354870,J,6204000,1,212420,101,9,44,"40,00",1,1,0,1,20,0,0,0,"6200,00",10,0,1,202005,0,5,"6200,00"
202005,5,53,530010,J,6201501,-1,212305,101,9,35,"40,00",1,1,0,1,31,0,0,0,"6000,00",10,0,1,202005,0,5,"6000,00"
202005,4,41,411520,J,6203100,-1,317110,101,9,35,"40,00",1,1,0,1,40,0,0,0,"4865,01",7,0,1,202005,0,5,"4865,01"
202005,4,42,420540,J,6202300,1,317110,101,9,31,"44,00",6,1,0,1,20,0,0,0,"8071,92",10,0,1,202005,0,5,"8071,92"
202005,3,35,355030,J,6201501,1,212405,101,9,24,"40,00",1,1,0,1,20,0,0,0,"9000,00",8,0,1,202005,0,5,"9000,00"
202005,5,53,530010,J,6201501,1,212405,101,11,27,"40,00",3,1,0,1,20,0,0,0,"1574,10",10,0,1,202005,0,5,"1574,10"
202005,4,41,411520,J,6209100,1,317110,101,9,24,"44,00",1,1,0,1,20,0,0,0,"2794,43",5,0,1,202005,0,5,"2794,43"
202005,4,41,410690,J,6202300,1,317210,101,9,23,"44,00",1,1,0,1,20,0,0,0,"2000,00",2,0,1,202005,0,5,"2000,00"
202005,3,35,355030,J,6209100,-1,212415,101,7,27,"40,00",1,1,0,1,31,0,0,0,"1642,00",5,0,1,202005,0,5,"1642,00"
202005,3,35,350410,J,6201501,1,212405,101,8,25,"40,00",2,1,0,1,20,0,0,0,"5551,19",6,0,1,202005,0,5,"5551,19"
202005,4,41,411520,J,6203100,-1,317210,101,9,27,"40,00",1,1,0,1,31,0,0,0,"3032,95",7,0,1,202005,0,5,"3032,95"
202005,4,42,421660,J,6209100,1,317210,101,9,43,"36,00",6,1,0,1,20,0,0,0,"2800,00",8,0,1,202005,0,5,"2800,00"
202005,3,33,330455,J,6203100,1,317110,101,9,29,"44,00",1,1,0,1,20,0,0,0,"2400,00",3,0,1,202005,0,5,"2400,00"
202005,5,53,530010,J,6201501,1,212405,101,80,35,"40,00",1,1,0,1,20,0,0,0,"6500,00",7,0,1,202005,0,5,"6500,00"
202005,3,35,355030,J,6204000,-1,212420,101,9,41,"40,00",1,1,0,1,31,0,0,0,"2500,00",7,0,1,202005,0,5,"2500,00"
202005,3,35,355030,J,6202300,-1,212405,101,7,22,"40,00",1,1,0,1,40,0,0,0,"2300,00",5,0,1,202005,0,5,"2300,00"
202005,4,43,431490,J,6202300,-1,212405,101,9,39,"40,00",1,1,0,1,31,0,0,0,"11726,74",6,0,1,202005,0,5,"11726,74"
202005,3,35,355030,J,6204000,-1,212420,101,8,28,"40,00",3,1,0,1,31,0,0,0,"3364,00",8,0,1,202005,0,5,"3364,00"
202005,3,33,330455,J,6201501,1,212405,101,9,35,"40,00",1,1,0,1,20,0,0,0,"13000,00",7,0,1,202005,0,5,"13000,00"
202005,5,52,520870,J,6201501,-1,212420,101,9,38,"40,00",1,1,0,1,31,0,0,0,"4300,00",8,0,1,202005,0,5,"4300,00"
202005,3,31,310620,J,6202300,-1,317205,101,7,52,"40,00",1,3,0,1,31,0,0,0,"3429,20",5,0,1,202005,0,5,"3429,20"
202005,3,35,355030,J,6201501,-1,212405,101,9,26,"40,00",6,1,0,1,31,0,0,0,"2500,00",5,0,1,202005,0,5,"2500,00"
202005,5,51,510340,J,6202300,1,317205,101,9,26,"44,00",1,3,0,1,20,0,0,0,"2150,00",8,0,1,202005,0,5,"2150,00"
202005,5,53,530010,J,6201501,1,317110,101,9,27,"40,00",1,1,0,1,20,0,0,0,"9915,27",10,0,1,202005,0,5,"9915,27"
202005,3,35,355220,J,6203100,1,212405,101,9,33,"40,00",1,1,0,1,20,0,0,0,"6700,00",7,0,1,202005,0,5,"6700,00"
202005,3,35,355030,J,6209100,-1,212320,101,9,29,"40,00",2,1,0,1,40,0,0,0,"3440,00",5,0,1,202005,0,5,"3440,00"
202005,3,35,355030,J,6201501,1,212405,101,9,36,"40,00",1,1,0,1,20,0,0,0,"3800,00",10,0,1,202005,0,5,"3800,00"
202005,2,29,292740,J,6204000,-1,212420,101,9,38,"44,00",3,1,0,1,31,0,0,0,"3200,00",9,0,1,202005,0,5,"3200,00"
202005,3,33,330330,J,6204000,-1,212405,101,8,22,"39,00",1,1,0,1,31,0,0,0,"2500,00",5,0,1,202005,0,5,"2500,00"
202005,3,35,355030,J,6201501,-1,142520,101,9,44,"40,00",1,1,0,1,31,0,0,0,"14040,60",10,0,1,202005,0,5,"14040,60"
202005,3,35,355030,J,6209100,-1,317210,101,7,34,"40,00",6,3,0,1,31,0,0,0,"1500,00",8,0,1,202005,0,5,"1500,00"
202005,3,33,330455,J,6204000,-1,212420,101,9,28,"40,00",3,1,0,1,40,0,0,0,"6584,77",5,0,1,202005,0,5,"6584,77"
202005,3,35,350950,J,6201501,1,212405,101,9,34,"40,00",4,1,0,1,20,0,0,0,"6600,00",7,0,1,202005,0,5,"6600,00"
202005,3,35,350600,J,6201501,1,317110,101,7,23,"44,00",6,1,0,1,20,0,0,0,"1675,56",3,0,1,202005,0,5,"1675,56"
202005,4,41,410690,J,6204000,-1,212405,101,9,22,"40,00",1,1,0,1,40,0,0,0,"3090,60",7,0,1,202005,0,5,"3090,60"
202005,3,33,330455,J,6204000,-1,212405,101,9,23,"40,00",1,1,0,1,40,0,0,0,"4891,37",6,0,1,202005,0,5,"4891,37"
202005,4,43,431490,J,6311900,1,212405,101,9,31,"40,00",1,3,0,1,20,0,0,0,"6000,00",7,0,1,202005,0,5,"6000,00"
202005,3,35,350950,J,6201501,-1,317205,101,7,39,"43,75",1,1,0,1,40,0,0,0,"5359,21",5,0,1,202005,0,5,"5359,21"
202005,3,35,354340,J,6311900,1,317110,101,80,30,"40,00",6,1,0,1,20,0,0,0,"5000,00",6,0,1,202005,0,5,"5000,00"
202005,2,26,261160,J,6201501,1,212405,101,8,36,"40,00",2,1,0,1,20,0,0,0,"4323,44",8,0,1,202005,0,5,"4323,44"
202005,3,35,350570,J,6204000,1,317110,101,80,62,"40,00",6,1,0,1,20,0,0,0,"9000,00",9,0,1,202005,0,5,"9000,00"
202005,3,35,355620,J,6201501,-1,212405,101,9,45,"40,00",2,1,0,1,31,0,0,0,"3500,00",4,0,1,202005,0,5,"3500,00"
202005,3,32,320520,J,6209100,1,212420,101,9,26,"40,00",2,1,0,1,20,0,0,0,"1705,00",5,0,1,202005,0,5,"1705,00"
202005,3,31,310620,J,6204000,1,212405,101,9,36,"40,00",1,1,0,1,20,0,0,0,"6500,00",7,0,1,202005,0,5,"6500,00"
202005,3,35,354870,J,6202300,-1,212410,101,9,40,"40,00",1,1,0,1,43,0,0,0,"2700,00",1,0,1,202005,0,5,"2700,00"
202005,4,43,431490,J,6209100,1,212420,101,9,44,"16,00",6,1,0,1,20,0,0,0,"1342,54",2,0,1,202005,0,5,"1342,54"
202005,3,35,355030,J,6201501,-1,212405,101,80,53,"40,00",1,1,0,1,40,0,0,0,"13004,83",10,0,1,202005,0,5,"13004,83"
202005,3,35,355030,J,6204000,1,212405,101,9,27,"44,00",1,1,0,1,20,0,0,9,"5500,00",10,0,1,202005,0,5,"5500,00"
202005,4,41,410690,J,6311900,1,212405,101,8,33,"40,00",6,1,0,1,20,0,0,0,"4600,00",1,0,1,202005,0,5,"4600,00"
202005,3,35,355030,J,6209100,1,212205,101,8,22,"44,00",6,3,0,1,20,0,0,9,"7000,00",10,0,1,202005,0,5,"7000,00"
202005,3,31,317020,J,6201501,1,212410,101,9,27,"44,00",1,1,0,1,20,0,0,0,"12500,00",8,0,1,202005,0,5,"12500,00"
202005,3,35,350570,J,6311900,1,212405,101,9,33,"40,00",2,1,0,1,20,0,0,0,"5987,00",1,0,1,202005,0,5,"5987,00"
202005,5,51,510340,J,6202300,1,212420,101,9,41,"44,00",3,1,0,1,20,0,0,0,"3043,00",8,0,1,202005,0,5,"3043,00"
202005,3,35,350570,J,6204000,-1,142520,101,9,34,"40,00",1,3,0,1,31,0,0,0,"8665,16",6,0,1,202005,0,5,"8665,16"
202005,3,31,310620,J,6204000,1,212420,101,7,43,"40,00",3,1,0,1,20,0,0,0,"1858,38",7,0,1,202005,0,5,"1858,38"
202005,4,41,410690,J,6203100,-1,212405,101,9,32,"40,00",6,1,0,1,43,0,0,0,"7000,00",7,0,1,202005,0,5,"7000,00"
202005,1,15,150553,J,6204000,-1,212310,101,9,21,"40,00",3,1,0,1,31,0,0,0,"1192,56",5,0,1,202005,0,5,"1192,56"
202005,2,23,230440,J,6201501,1,317110,101,7,27,"30,00",3,1,0,1,20,0,0,1,"1300,00",3,0,1,202005,0,5,"1300,00"
202005,3,35,355030,J,6204000,-1,317110,101,9,29,"40,00",6,1,0,1,40,0,0,0,"7500,00",7,0,1,202005,0,5,"7500,00"
202005,3,35,355030,J,6201501,-1,317110,101,9,41,"40,00",1,3,0,1,40,0,0,0,"6326,95",10,0,1,202005,0,5,"6326,95"
202005,3,35,353440,J,6201501,-1,212420,101,8,23,"40,00",1,1,0,1,31,0,0,0,"1900,10",9,0,1,202005,0,5,"1900,10"
202005,4,42,420240,J,6201501,1,317210,101,9,35,"44,00",6,1,0,1,20,0,0,0,"2000,00",5,0,1,202005,0,5,"2000,00"
202005,3,35,350600,J,6209100,-1,212405,101,9,28,"40,00",6,1,0,1,40,0,0,0,"2600,00",4,0,1,202005,0,5,"2600,00"
202005,4,42,420460,J,6202300,-1,212420,101,7,19,"44,00",1,1,0,1,43,0,0,0,"1600,00",5,0,1,202005,0,5,"1600,00"
202005,3,35,355030,J,6209100,-1,212405,101,9,24,"44,00",1,3,0,1,31,0,0,0,"1855,60",4,0,1,202005,0,5,"1855,60"
202005,3,33,330455,J,6204000,-1,212420,101,7,20,"36,00",3,3,0,1,31,0,0,0,"979,36",9,0,1,202005,0,5,"979,36"
202005,4,41,410690,J,6201501,-1,317110,101,9,29,"40,00",1,1,0,1,31,0,0,0,"4000,00",9,0,1,202005,0,5,"4000,00"
202005,3,35,350320,J,6204000,1,212405,101,8,22,"40,00",1,1,0,1,20,0,0,0,"2106,18",8,0,1,202005,0,5,"2106,18"
202005,3,35,355030,J,6203100,-1,212405,101,9,30,"40,00",3,1,0,1,40,0,0,0,"3159,14",10,0,1,202005,0,5,"3159,14"
202005,3,35,352690,J,6204000,-1,142535,101,9,47,"40,00",1,1,0,1,31,0,0,0,"9010,51",5,0,1,202005,0,5,"9010,51"
202005,5,53,530010,J,6201501,1,317110,101,11,34,"40,00",1,1,0,1,20,0,0,0,"6800,00",10,0,1,202005,0,5,"6800,00"
202005,3,31,310620,J,6203100,1,212405,101,8,29,"42,46",3,1,0,1,20,0,0,0,"1652,73",6,0,1,202005,0,5,"1652,73"
202005,3,35,355030,J,6204000,-1,212420,101,9,42,"40,00",2,1,0,1,31,0,0,0,"1735,55",10,0,1,202005,0,5,"1735,55"
202005,3,35,355030,J,6204000,-1,212405,101,80,46,"40,00",1,3,0,1,31,0,0,0,"3900,00",5,0,1,202005,0,5,"3900,00"
202005,3,35,355030,J,6204000,-1,212405,101,9,25,"40,00",3,1,0,1,40,0,0,0,"5500,00",6,0,1,202005,0,5,"5500,00"
202005,3,35,355030,J,6204000,-1,317110,101,8,28,"40,00",1,1,0,1,40,0,0,0,"6500,00",7,0,1,202005,0,5,"6500,00"
202005,3,35,355030,J,6204000,-1,212420,101,9,35,"40,00",1,1,0,1,31,0,0,0,"1639,36",10,0,1,202005,0,5,"1639,36"
202005,3,35,350570,J,6203100,1,317205,101,7,28,"36,00",1,1,0,1,20,0,0,0,"1800,00",7,0,1,202005,0,5,"1800,00"
202005,3,35,354730,J,6209100,1,317110,101,9,29,"40,00",3,3,0,1,20,0,0,0,"5000,00",10,0,1,202005,0,5,"5000,00"
202005,3,35,355030,J,6204000,1,212405,101,9,44,"44,00",3,1,0,1,20,0,0,9,"6500,00",10,0,1,202005,0,5,"6500,00"
202005,3,35,355030,J,6203100,1,212405,101,9,29,"44,00",3,1,0,1,20,0,0,0,"5500,00",2,0,1,202005,0,5,"5500,00"
202005,3,35,355030,J,6201501,1,212405,101,9,29,"40,00",1,1,0,1,20,0,0,0,"10480,00",8,0,1,202005,0,5,"10480,00"
202005,4,43,431870,J,6202300,1,212405,101,8,24,"40,00",1,1,0,1,20,0,0,0,"1700,00",8,0,1,202005,0,5,"1700,00"
202005,3,35,355030,J,6311900,1,317110,101,9,34,"44,00",6,1,0,1,20,0,0,0,"16000,00",7,0,1,202005,0,5,"16000,00"
202005,4,41,410480,J,6203100,1,212405,101,80,25,"44,00",1,1,0,1,20,0,0,0,"2365,00",4,0,1,202005,0,5,"2365,00"
202005,4,43,430940,J,6201501,-1,317205,101,8,22,"39,10",1,1,0,1,40,0,0,0,"2050,00",4,0,1,202005,0,5,"2050,00"
202005,2,25,250750,J,6201501,1,212405,101,9,35,"44,00",1,1,0,1,20,0,0,0,"4200,00",7,0,1,202005,0,5,"4200,00"
202005,3,32,320530,J,6209100,-1,317210,101,7,22,"40,00",3,1,0,1,31,0,0,0,"1375,68",6,0,1,202005,0,5,"1375,68"
202005,3,35,355030,J,6202300,1,212405,101,7,29,"40,00",1,1,0,1,20,0,0,0,"5171,50",7,0,1,202005,0,5,"5171,50"
202005,3,31,317020,J,6204000,1,317110,101,8,26,"40,00",1,1,0,1,20,0,0,0,"3200,00",8,0,1,202005,0,5,"3200,00"
202005,4,43,431490,J,6209100,1,212420,101,9,39,"44,00",2,1,0,1,20,0,0,0,"2534,00",8,0,1,202005,0,5,"2534,00"
202005,4,43,431870,J,6204000,-1,212420,101,8,23,"40,00",1,3,0,1,40,0,0,0,"5584,00",10,0,1,202005,0,5,"5584,00"
202005,3,31,310620,J,6209100,-1,212420,101,7,27,"36,50",1,1,0,1,31,0,0,0,"1490,00",4,0,1,202005,0,5,"1490,00"
202005,3,35,355030,J,6311900,-1,212420,101,8,30,"40,00",6,1,0,1,31,0,0,0,"2370,00",5,0,1,202005,0,5,"2370,00"
202005,3,35,355030,J,6201501,1,317110,101,9,42,"40,00",1,1,0,1,20,0,0,0,"9102,30",6,0,1,202005,0,5,"9102,30"
202005,3,35,355030,J,6204000,-1,212405,101,9,34,"40,00",2,3,0,1,31,0,0,0,"11928,62",10,0,1,202005,0,5,"11928,62"
202005,2,26,261160,J,6311900,-1,317210,101,7,36,"44,00",3,1,0,1,31,0,0,0,"1107,92",7,0,1,202005,0,5,"1107,92"
202005,3,31,313670,J,6202300,1,212210,101,10,26,"40,00",1,1,0,1,20,0,0,0,"2500,00",1,0,1,202005,0,5,"2500,00"
202005,3,32,320530,J,6209100,-1,212420,101,80,35,"56,00",3,1,0,1,31,0,0,0,"2463,73",7,0,1,202005,0,5,"2463,73"
202005,4,42,421190,J,6203100,-1,317210,101,8,32,"37,50",1,1,0,1,90,0,0,0,"2063,20",4,0,1,202005,0,5,"2063,20"
202005,3,33,330455,J,6204000,1,212405,101,9,28,"44,00",3,1,0,1,20,0,0,9,"7800,88",6,0,1,202005,0,5,"7800,88"
202005,3,35,355030,J,6204000,-1,212420,101,7,31,"36,00",3,1,0,1,40,0,0,0,"2600,00",10,0,1,202005,0,5,"2600,00"
202005,3,35,355030,J,6201501,1,212405,101,9,21,"40,00",1,3,0,1,20,0,0,0,"3800,00",10,0,1,202005,0,5,"3800,00"
202005,4,42,420890,J,6311900,-1,212430,101,7,25,"44,00",6,3,0,1,40,0,0,0,"2016,33",5,0,1,202005,0,5,"2016,33"
202005,3,35,350950,J,6209100,-1,142520,101,9,31,"44,00",1,1,0,1,90,0,0,0,"4331,54",5,0,1,202005,0,5,"4331,54"
202005,3,35,355030,J,6204000,1,142520,101,80,43,"40,00",1,1,0,1,20,0,0,0,"9051,06",1,0,1,202005,0,5,"9051,06"
202005,3,35,350950,J,6201501,1,212405,101,7,39,"40,00",1,1,0,1,20,0,0,0,"11500,00",7,0,1,202005,0,5,"11500,00"
202005,3,35,355030,J,6204000,-1,212420,101,9,26,"40,00",3,3,0,1,31,0,0,0,"1735,55",10,0,1,202005,0,5,"1735,55"
202005,4,42,420540,J,6204000,-1,212405,101,9,23,"40,00",1,1,0,1,40,0,0,0,"3500,00",5,0,1,202005,0,5,"3500,00"
202005,3,35,350160,J,6201501,-1,212405,101,9,33,"40,00",1,1,0,1,40,0,0,0,"13904,82",8,0,1,202005,0,5,"13904,82"
202005,3,35,354870,J,6201501,-1,212420,101,9,53,"40,00",1,1,0,1,31,0,0,0,"7584,00",8,0,1,202005,0,5,"7584,00"
202005,3,35,350410,J,6201501,1,212405,101,8,29,"40,00",1,1,0,1,20,0,0,0,"5551,19",6,0,1,202005,0,5,"5551,19"
202005,5,53,530010,J,6204000,1,212405,101,9,33,"40,00",3,1,0,1,20,0,0,0,"8000,00",7,0,1,202005,0,5,"8000,00"
202005,3,35,355030,J,6202300,1,212405,101,7,24,"40,00",1,3,0,1,20,0,0,0,"2600,00",8,0,1,202005,0,5,"2600,00"
202005,3,35,354730,J,6204000,-1,212305,101,9,45,"40,00",1,1,0,1,31,0,0,0,"10999,95",9,0,1,202005,0,5,"10999,95"
202005,4,43,430940,J,6201501,1,317205,101,7,23,"39,10",6,1,0,1,20,0,0,0,"1600,00",4,0,1,202005,0,5,"1600,00"
202005,3,35,355030,J,6204000,-1,212420,101,9,26,"40,00",3,1,0,1,40,0,0,0,"5000,00",4,0,1,202005,0,5,"5000,00"
202005,3,35,355030,J,6201501,-1,212410,101,9,51,"40,00",6,1,0,1,31,0,0,0,"8928,05",10,0,1,202005,0,5,"8928,05"
202005,4,41,410690,J,6204000,-1,212405,101,9,30,"40,00",3,1,0,1,31,0,0,0,"5250,00",7,0,1,202005,0,5,"5250,00"
202005,4,43,431410,J,6201501,-1,317105,101,7,30,"40,00",2,1,0,1,40,0,0,0,"6524,91",9,0,1,202005,0,5,"6524,91"
202005,3,35,355030,J,6204000,-1,212420,101,8,27,"40,00",1,3,0,1,40,0,0,0,"3188,70",5,0,1,202005,0,5,"3188,70"
202005,4,42,420540,J,6204000,-1,212310,101,9,29,"44,00",6,1,0,1,31,0,0,0,"4400,75",6,0,1,202005,0,5,"4400,75"
202005,3,35,355030,J,6204000,1,212415,101,9,21,"40,00",1,1,0,1,20,0,0,0,"3500,00",10,0,1,202005,0,5,"3500,00"
202005,4,43,431870,J,6204000,1,212405,101,8,46,"40,00",1,1,0,1,10,0,0,0,"11852,00",10,0,1,202005,0,5,"11852,00"
202005,3,35,355030,J,6201501,1,317110,101,8,23,"40,00",3,1,0,1,20,0,0,0,"5706,31",10,0,1,202005,0,5,"5706,31"
202005,3,35,352470,J,6201501,-1,317210,101,9,24,"40,00",1,1,0,1,32,0,0,0,"1587,00",10,0,1,202005,0,5,"1587,00"
202005,5,53,530010,J,6203100,-1,212405,101,9,29,"44,00",1,1,0,1,40,0,0,0,"6620,00",8,0,1,202005,0,5,"6620,00"
202005,3,35,355030,J,6204000,1,212405,101,9,31,"40,00",1,1,0,1,20,0,0,0,"9500,00",10,0,1,202005,0,5,"9500,00"
202005,3,35,355030,J,6201501,-1,142520,101,9,34,"40,00",4,1,0,1,31,0,0,0,"4573,20",1,0,1,202005,0,5,"4573,20"
202005,3,32,320520,J,6204000,-1,212405,101,9,27,"46,50",1,1,0,1,31,0,0,0,"1560,86",3,0,1,202005,0,5,"1560,86"
202005,3,35,355030,J,6202300,1,212405,101,8,58,"40,00",1,3,0,1,20,0,0,0,"7500,00",6,0,1,202005,0,5,"7500,00"
202005,3,35,355030,J,6204000,1,212415,101,7,21,"40,00",1,1,0,1,20,0,0,0,"3500,00",10,0,1,202005,0,5,"3500,00"
202005,4,41,411850,J,6203100,-1,212420,101,7,23,"44,00",6,3,0,1,40,0,0,0,"1601,24",7,0,1,202005,0,5,"1601,24"
202005,3,31,310620,J,6201501,-1,212405,101,9,35,"40,00",3,1,0,1,31,0,0,0,"6141,60",8,0,1,202005,0,5,"6141,60"
202005,4,43,431870,J,6204000,1,212405,101,8,21,"40,00",1,1,0,1,20,0,0,0,"5564,00",10,0,1,202005,0,5,"5564,00"
202005,4,42,420910,J,6204000,-1,212420,101,8,28,"44,00",1,1,0,1,40,0,0,0,"2000,00",6,0,1,202005,0,5,"2000,00"
202005,3,35,355030,J,6204000,-1,212405,101,7,43,"44,00",3,1,0,1,40,0,0,0,"1800,00",6,0,1,202005,0,5,"1800,00"
202005,3,35,350160,J,6201501,1,142520,101,8,30,"40,00",3,3,0,1,20,0,0,0,"11359,89",8,0,1,202005,0,5,"11359,89"
202005,3,35,355030,J,6204000,1,317110,101,9,32,"44,00",1,1,0,1,20,0,0,9,"6500,00",10,0,1,202005,0,5,"6500,00"
202005,3,31,310620,J,6201501,1,317210,101,9,32,"40,00",6,3,0,1,20,0,0,0,"1700,00",7,0,1,202005,0,5,"1700,00"
202005,3,35,355030,J,6203100,1,212310,101,9,25,"40,00",1,3,0,1,20,0,0,0,"1675,56",7,0,1,202005,0,5,"1675,56"
202005,3,35,350570,J,6209100,1,317105,101,8,22,"40,00",6,3,0,1,20,0,0,0,"2000,00",10,0,1,202005,0,5,"2000,00"
202005,3,35,355030,J,6203100,1,212405,101,9,28,"40,00",1,1,0,1,20,0,0,0,"3800,00",7,0,1,202005,0,5,"3800,00"
202005,3,35,355030,J,6204000,-1,212420,101,9,37,"44,00",1,1,0,1,31,0,0,0,"2167,29",10,0,1,202005,0,5,"2167,29"
202005,1,15,150553,J,6204000,-1,212310,101,9,22,"40,00",1,1,0,1,31,0,0,0,"1192,56",5,0,1,202005,0,5,"1192,56"
202005,3,35,355030,J,6201501,1,212405,101,9,41,"40,00",1,3,0,1,20,0,0,0,"11000,00",10,0,1,202005,0,5,"11000,00"
202005,5,51,510792,J,6209100,1,212410,101,7,20,"44,00",6,1,0,1,20,0,0,0,"1050,00",3,0,1,202005,0,5,"1050,00"
202005,3,35,350950,J,6204000,-1,142520,101,9,45,"40,00",1,1,0,1,31,0,0,0,"10000,00",10,0,1,202005,0,5,"10000,00"
202005,2,26,261160,J,6311900,-1,212405,101,80,29,"40,00",6,1,0,1,40,0,0,0,"6053,86",7,0,1,202005,0,5,"6053,86"
202005,3,35,355030,J,6204000,1,212405,101,8,28,"44,00",1,3,0,1,20,0,0,9,"5500,00",10,0,1,202005,0,5,"5500,00"
202005,3,35,355030,J,6201501,-1,212405,101,9,25,"40,00",3,1,0,1,31,0,0,0,"2500,00",7,0,1,202005,0,5,"2500,00"
202005,3,35,350570,J,6204000,1,317110,101,9,21,"40,00",6,1,0,1,20,0,0,0,"3000,00",9,0,1,202005,0,5,"3000,00"
202005,4,41,410550,J,6209100,1,212420,101,7,19,"44,00",6,1,0,1,20,0,0,0,"1355,20",1,0,1,202005,0,5,"1355,20"
202005,3,35,350950,J,6204000,1,212405,101,9,37,"40,00",3,1,0,1,20,0,0,0,"16,00",10,0,1,202005,0,5,"16,00"
202005,3,31,314480,J,6201501,-1,212410,101,9,45,"40,00",6,1,0,1,31,0,0,0,"7582,00",7,0,1,202005,0,5,"7582,00"
202005,5,50,500270,J,6201501,-1,212405,101,8,45,"44,00",1,1,0,1,43,0,0,0,"5485,21",7,0,1,202005,0,5,"5485,21"
202005,4,43,431490,J,6201501,-1,212405,101,9,40,"40,00",3,1,0,1,31,0,0,0,"7000,00",7,0,1,202005,0,5,"7000,00"
202005,3,35,353440,J,6201501,-1,212405,101,9,32,"40,00",1,1,0,1,31,0,0,0,"10000,00",9,0,1,202005,0,5,"10000,00"
202005,3,35,355030,J,6201501,-1,212405,101,9,39,"40,00",3,3,0,1,31,0,0,0,"1800,00",5,0,1,202005,0,5,"1800,00"
202005,3,35,355030,J,6203100,-1,212420,101,8,31,"44,00",3,1,0,1,40,0,0,9,"1909,65",10,0,1,202005,0,5,"1909,65"
202005,3,35,355030,J,6201501,-1,212405,101,9,24,"40,00",1,3,0,1,31,0,0,0,"1204,95",8,0,1,202005,0,5,"1204,95"
202005,3,35,350950,J,6201501,1,317110,101,9,26,"40,00",1,3,0,1,20,0,0,0,"1680,00",2,0,1,202005,0,5,"1680,00"
202005,3,31,310620,J,6202300,-1,317210,101,9,25,"44,00",1,1,0,1,31,0,0,0,"1549,20",5,0,1,202005,0,5,"1549,20"
202005,5,53,530010,J,6201501,-1,142515,101,8,62,"40,00",1,1,0,1,31,0,0,0,"10633,00",10,0,1,202005,0,5,"10633,00"
202005,3,35,355030,J,6311900,-1,212405,101,9,35,"40,00",1,1,0,1,31,0,0,0,"6986,00",1,0,1,202005,0,5,"6986,00"
202005,3,35,354870,J,6311900,-1,212420,101,8,40,"40,00",1,1,0,1,40,0,0,0,"2000,00",6,0,1,202005,0,5,"2000,00"
202005,2,29,292740,J,6204000,-1,212405,101,9,48,"44,00",3,1,0,1,31,0,0,0,"4500,00",9,0,1,202005,0,5,"4500,00"
202005,4,42,420420,J,6201501,-1,317210,101,7,22,"44,00",1,3,0,1,31,0,0,0,"1390,00",4,0,1,202005,0,5,"1390,00"
202005,3,35,355030,J,6203100,-1,317110,101,8,20,"40,00",1,1,0,1,40,0,0,0,"3264,91",10,0,1,202005,0,5,"3264,91"
202005,3,33,330330,J,6201501,1,317110,101,9,63,"40,00",1,1,0,1,10,0,0,0,",00",1,0,1,202005,0,5,",00"
202005,5,53,530010,J,6311900,-1,212405,101,9,41,"44,00",3,1,0,1,31,0,0,0,"8122,28",9,0,1,202005,0,5,"8122,28"
202005,3,35,355030,J,6209100,-1,212405,101,9,31,"40,00",6,1,0,1,40,0,0,0,"8500,00",7,0,1,202005,0,5,"8500,00"
202005,3,35,355030,J,6204000,-1,212420,101,9,40,"44,00",6,1,0,1,31,0,0,0,"3953,43",5,0,1,202005,0,5,"3953,43"
202005,3,33,330455,J,6201501,1,212405,101,8,31,"40,00",1,1,0,1,20,0,0,0,"10500,00",7,0,1,202005,0,5,"10500,00"
202005,2,29,292740,J,6203100,-1,317210,101,7,25,"44,00",6,1,0,1,31,0,0,0,"1391,00",4,0,1,202005,0,5,"1391,00"
202005,3,35,355030,J,6202300,-1,212420,101,9,50,"40,00",6,1,0,1,40,0,0,0,"4509,11",7,0,1,202005,0,5,"4509,11"
202005,3,35,354890,J,6203100,-1,317110,101,9,23,"40,00",1,1,0,1,40,0,0,0,"3500,00",3,0,1,202005,0,5,"3500,00"
202005,3,35,355030,J,6201501,1,212420,101,8,50,"40,00",6,3,0,1,20,0,0,0,"6200,00",9,0,1,202005,0,5,"6200,00"
202005,2,23,230440,J,6201501,-1,212415,101,9,26,"44,00",3,3,0,1,31,0,0,0,"1143,23",2,0,1,202005,0,5,"1143,23"
202005,3,35,350950,J,6209100,1,212405,101,9,40,"40,00",1,1,0,1,20,0,0,0,"5062,00",8,0,1,202005,0,5,"5062,00"
202005,3,35,355030,J,6311900,1,212405,101,7,23,"44,00",1,1,0,1,20,0,0,0,"10000,00",9,0,1,202005,0,5,"10000,00"
202005,3,31,310620,J,6204000,1,212420,101,7,26,"40,00",1,1,0,1,20,0,0,0,"3000,00",7,0,1,202005,0,5,"3000,00"
202005,3,35,350570,J,6203100,-1,212405,101,9,23,"40,00",1,1,0,1,40,0,0,0,"8800,00",9,0,1,202005,0,5,"8800,00"
202005,3,33,330455,J,6209100,-1,142515,101,9,56,"40,00",1,1,0,1,31,0,0,0,"8105,00",5,0,1,202005,0,5,"8105,00"
202005,3,31,317150,J,6201501,-1,212405,101,9,35,"44,00",6,1,0,1,31,0,0,0,"3500,00",8,0,1,202005,0,5,"3500,00"
202005,3,35,355030,J,6311900,1,317205,101,8,41,"40,00",1,1,0,1,20,0,0,0,"4549,25",9,0,1,202005,0,5,"4549,25"
202005,3,35,355030,J,6201501,1,212405,101,9,28,"40,00",2,3,0,1,20,0,0,0,"5000,01",10,0,1,202005,0,5,"5000,01"
202005,3,35,355030,J,6203100,1,212420,101,9,32,"40,00",1,1,0,1,20,0,0,0,"6500,00",7,0,1,202005,0,5,"6500,00"
202005,3,33,330455,J,6203100,1,212205,101,9,43,"40,00",1,1,0,1,20,0,0,0,"10000,00",2,0,1,202005,0,5,"10000,00"
202005,3,35,350950,J,6201501,-1,212405,101,8,23,"40,00",1,1,0,1,31,0,0,0,"1985,12",6,0,1,202005,0,5,"1985,12"
202005,4,41,411210,J,6201501,1,212420,101,7,17,"44,00",6,1,0,1,20,0,0,0,"1045,00",4,0,1,202005,0,5,"1045,00"
202005,3,31,317020,J,6201501,1,212405,101,8,19,"44,00",4,1,0,1,20,0,0,0,"2300,00",8,0,1,202005,0,5,"2300,00"
202005,4,41,410690,J,6209100,-1,212405,101,7,44,"40,00",1,1,0,1,31,0,0,0,"14000,00",6,0,1,202005,0,5,"14000,00"
202005,3,31,310620,J,6204000,1,212420,101,7,24,"40,00",3,1,0,1,20,0,0,0,"3200,00",7,0,1,202005,0,5,"3200,00"
202005,5,53,530010,J,6311900,-1,212405,101,9,30,"40,00",3,1,0,1,40,0,0,0,"2500,00",7,0,1,202005,0,5,"2500,00"
202005,3,35,350570,J,6201501,-1,212405,101,9,60,"40,00",1,1,0,1,40,0,0,0,"4500,00",8,0,1,202005,0,5,"4500,00"
202005,4,42,421660,J,6201501,-1,317110,101,9,33,"44,00",1,1,0,1,31,0,0,0,"1945,12",3,0,1,202005,0,5,"1945,12"
202005,3,31,310620,J,6202300,-1,317205,101,8,20,"40,00",6,1,0,1,40,0,0,0,"2300,00",8,0,1,202005,0,5,"2300,00"
202005,3,35,355030,J,6201501,-1,212420,101,80,28,"40,00",1,1,0,1,31,0,0,0,"5800,00",6,0,1,202005,0,5,"5800,00"
202005,2,26,261160,J,6201501,1,212405,101,9,29,"40,00",1,1,0,1,20,0,0,0,"7184,32",8,0,1,202005,0,5,"7184,32"
202005,3,35,355030,J,6204000,-1,142520,101,80,41,"40,00",3,1,0,1,40,0,0,0,"10321,32",8,0,1,202005,0,5,"10321,32"
202005,3,35,350570,J,6201501,-1,212405,101,9,49,"40,00",1,1,0,1,31,0,0,0,"12640,00",9,0,1,202005,0,5,"12640,00"
202005,3,35,355030,J,6201501,1,212405,101,9,31,"40,00",1,3,0,1,20,0,0,0,"5000,00",8,0,1,202005,0,5,"5000,00"
202005,3,35,355030,J,6203100,1,317110,101,8,20,"40,00",1,1,0,1,20,0,0,0,"2200,00",4,0,1,202005,0,5,"2200,00"
202005,4,42,420930,J,6202300,-1,317210,101,9,40,"44,00",1,1,0,1,31,0,0,0,"1835,34",8,0,1,202005,0,5,"1835,34"
202005,3,35,355030,J,6204000,1,212405,101,9,40,"44,00",1,1,0,1,20,0,0,9,"11000,00",10,0,1,202005,0,5,"11000,00"
202005,3,35,355030,J,6204000,1,212405,101,9,27,"40,00",3,3,0,1,20,0,0,0,"6000,00",5,0,1,202005,0,5,"6000,00"
202005,3,31,310620,J,6209100,-1,317110,101,8,21,"40,00",3,3,0,1,40,0,0,0,"2333,14",7,0,1,202005,0,5,"2333,14"
202005,3,35,355030,J,6201501,-1,212405,101,8,42,"40,00",1,1,0,1,31,0,0,0,"7200,00",10,0,1,202005,0,5,"7200,00"
202005,3,35,355030,J,6201501,1,212405,101,8,35,"40,00",3,1,0,1,20,0,0,0,"2500,00",10,0,1,202005,0,5,"2500,00"
202005,3,35,355030,J,6201501,-1,142520,101,9,62,"40,00",1,3,0,1,40,0,0,0,"7457,29",10,0,1,202005,0,5,"7457,29"
202005,3,35,354990,J,6201501,1,317110,101,9,23,"44,00",1,1,0,1,20,0,0,0,"2400,00",1,0,1,202005,0,5,"2400,00"
202005,3,35,355030,J,6201501,-1,212405,101,9,33,"40,00",1,1,0,1,40,0,0,0,"13094,33",7,0,1,202005,0,5,"13094,33"
202005,3,35,350570,J,6201501,-1,142520,101,9,60,"40,00",1,1,0,1,31,0,0,0,"16916,00",7,0,1,202005,0,5,"16916,00"
202005,3,35,355030,J,6204000,1,317110,101,10,54,"40,00",1,1,0,1,20,0,0,0,"6250,00",3,0,1,202005,0,5,"6250,00"
202005,3,35,355030,J,6204000,1,317110,101,9,27,"40,00",1,1,0,1,20,0,0,0,"2500,00",3,0,1,202005,0,5,"2500,00"
202005,4,41,411520,J,6209100,1,317110,101,8,18,"40,00",3,1,0,1,20,0,0,0,"1500,00",4,0,1,202005,0,5,"1500,00"
202005,3,35,355030,J,6204000,1,212410,101,9,49,"40,00",1,1,0,1,20,0,0,0,"33846,00",9,0,1,202005,0,5,"33846,00"
202005,3,35,355030,J,6201501,-1,317110,101,9,38,"40,00",6,1,0,1,31,0,0,0,"6372,46",10,0,1,202005,0,5,"6372,46"
202005,3,35,353440,J,6201501,-1,212420,101,8,22,"40,00",1,3,0,1,31,0,0,0,"1800,00",9,0,1,202005,0,5,"1800,00"
202005,4,41,410690,J,6204000,-1,142515,101,9,40,"40,00",1,1,0,1,31,0,0,0,"10000,00",7,0,1,202005,0,5,"10000,00"
202005,4,43,431490,J,6201501,1,317110,101,9,32,"44,00",1,1,0,1,20,0,0,0,"6000,00",8,0,1,202005,0,5,"6000,00"
202005,3,31,313240,J,6204000,-1,212205,101,9,33,"40,00",1,1,0,1,31,0,0,0,"4000,00",3,0,1,202005,0,5,"4000,00"
202005,4,41,410480,J,6201501,1,212420,101,9,23,"44,00",3,3,0,1,20,0,0,0,"2318,85",7,0,1,202005,0,5,"2318,85"
202005,3,35,350570,J,6209100,-1,142530,101,9,29,"44,00",1,1,0,1,31,0,0,0,"3355,99",2,0,1,202005,0,5,"3355,99"
202005,3,33,330455,J,6201501,-1,212405,101,9,29,"40,00",1,1,0,1,43,0,0,0,"3700,00",7,0,1,202005,0,5,"3700,00"
202005,4,42,420540,J,6202300,1,317110,101,8,22,"40,00",6,1,0,1,10,0,0,0,"1876,50",2,0,1,202005,0,5,"1876,50"
202005,3,35,355030,J,6203100,-1,212405,101,9,25,"40,00",1,1,0,1,40,0,0,0,"5835,86",9,0,1,202005,0,5,"5835,86"
202005,4,41,411370,J,6209100,1,317110,101,9,31,"44,00",6,1,0,1,20,0,0,0,"3500,00",8,0,1,202005,0,5,"3500,00"
202005,1,13,130260,J,6209100,-1,212405,101,7,38,"44,00",3,1,0,1,31,0,0,0,"1100,00",6,0,1,202005,0,5,"1100,00"
202005,3,31,310620,J,6204000,1,317110,101,9,25,"44,00",3,1,0,1,20,0,0,0,"6000,00",4,0,1,202005,0,5,"6000,00"
202005,3,31,310620,J,6204000,1,212405,101,9,29,"40,00",2,1,0,1,20,0,0,0,"10000,00",7,0,1,202005,0,5,"10000,00"
202005,3,35,354340,J,6311900,1,317105,101,9,32,"40,00",1,1,0,1,20,0,0,0,"3000,00",6,0,1,202005,0,5,"3000,00"
202005,3,35,354980,J,6209100,1,317110,101,9,22,"44,00",1,1,0,1,20,0,0,0,"1679,73",4,0,1,202005,0,5,"1679,73"
202005,3,35,355030,J,6201501,1,317110,101,7,43,"40,00",3,1,0,1,20,0,0,0,"10565,01",10,0,1,202005,0,5,"10565,01"
202005,4,42,420890,J,6201501,1,212405,101,9,38,"44,00",1,1,0,1,20,0,0,0,"3493,00",1,0,1,202005,0,5,"3493,00"
202005,3,35,355030,J,6201501,-1,212405,101,9,40,"40,00",1,1,0,1,40,0,0,0,"7000,00",6,0,1,202005,0,5,"7000,00"
202005,3,35,355030,J,6201501,-1,317110,101,80,39,"40,00",1,3,0,1,31,0,0,0,"2687,10",6,0,1,202005,0,5,"2687,10"
202005,3,31,317020,J,6203100,-1,212405,101,9,22,"40,00",1,1,0,1,40,0,0,0,"2407,67",7,0,1,202005,0,5,"2407,67"
202005,3,35,354730,J,6204000,-1,142520,101,80,52,"40,00",1,1,0,1,31,0,0,0,"11164,12",9,0,1,202005,0,5,"11164,12"
202005,4,42,421870,J,6209100,-1,142510,101,7,28,"22,00",6,1,0,1,31,0,0,0,"2550,00",2,0,1,202005,0,5,"2550,00"
202005,3,33,330455,J,6204000,1,212405,101,9,46,"40,00",3,3,0,1,20,0,0,0,"5448,38",6,0,1,202005,0,5,"5448,38"
202005,3,35,355030,J,6203100,-1,212405,101,9,36,"40,00",1,1,0,1,40,0,0,0,"7961,41",6,0,1,202005,0,5,"7961,41"
202005,3,31,317020,J,6203100,-1,212405,101,9,58,"44,00",1,1,0,1,31,0,0,0,"5830,24",6,0,1,202005,0,5,"5830,24"
202005,3,35,350570,J,6311900,1,212405,101,9,39,"40,00",1,1,0,1,20,0,0,0,"6986,00",1,0,1,202005,0,5,"6986,00"
202005,3,35,355030,J,6204000,-1,212405,101,9,41,"40,00",1,1,0,1,31,0,0,0,"2386,51",3,0,1,202005,0,5,"2386,51"
202005,3,35,350570,J,6204000,1,212405,101,9,27,"40,00",6,3,0,1,20,0,0,0,"3500,00",9,0,1,202005,0,5,"3500,00"
202005,3,31,317020,J,6201501,-1,212405,101,1,38,"40,00",1,1,0,1,40,0,0,0,"5200,00",7,0,1,202005,0,5,"5200,00"
202005,3,32,320190,J,6201501,-1,317110,101,80,54,"40,00",1,1,0,1,31,0,0,0,"4586,10",8,0,1,202005,0,5,"4586,10"
202005,4,43,431490,J,6201501,-1,317110,101,9,32,"40,00",6,1,0,1,40,0,0,0,"4176,00",7,0,1,202005,0,5,"4176,00"
202005,4,43,431490,J,6311900,1,317110,101,8,37,"40,00",1,3,0,1,20,0,0,0,"4713,00",7,0,1,202005,0,5,"4713,00"
202005,3,33,330455,J,6204000,1,317210,101,7,33,"40,00",1,1,0,1,20,0,0,0,"5907,58",6,0,1,202005,0,5,"5907,58"
202005,4,43,431490,J,6311900,1,317205,101,7,32,"30,00",1,1,0,1,20,0,0,0,"2799,57",9,0,1,202005,0,5,"2799,57"
202005,3,31,310620,J,6201501,-1,212405,101,80,29,"40,00",3,1,0,1,40,0,0,0,"7500,00",7,0,1,202005,0,5,"7500,00"
202005,3,35,354990,J,6202300,-1,317110,101,8,23,"30,00",1,1,0,1,31,0,0,0,"1478,75",7,0,1,202005,0,5,"1478,75"
202005,2,23,230100,J,6204000,-1,212405,101,9,28,"40,00",1,1,0,1,40,0,0,0,"6900,00",5,0,1,202005,0,5,"6900,00"
202005,3,31,317020,J,6204000,1,212405,101,7,19,"40,00",1,1,0,1,20,0,0,0,"1600,00",5,0,1,202005,0,5,"1600,00"
202005,3,35,355030,J,6201501,1,212405,101,8,22,"40,00",1,1,0,1,20,0,0,0,"3000,00",6,0,1,202005,0,5,"3000,00"
202005,3,35,355030,J,6201501,1,212405,101,9,47,"40,00",3,1,0,1,20,0,0,0,"3900,00",10,0,1,202005,0,5,"3900,00"
202005,3,33,330455,J,6201501,1,212405,101,11,36,"40,00",3,3,0,1,20,0,0,0,"6957,75",10,0,1,202005,0,5,"6957,75"
202005,3,35,352470,J,6201501,1,212405,101,9,39,"40,00",1,1,0,1,20,0,0,0,"4500,00",10,0,1,202005,0,5,"4500,00"
202005,3,35,352690,J,6203100,-1,212420,101,9,58,"40,00",1,1,0,1,31,0,0,0,"3482,59",3,0,1,202005,0,5,"3482,59"
202005,2,26,261220,J,6209100,-1,317210,101,9,35,"44,00",6,1,0,1,40,0,0,0,"1920,61",6,0,1,202005,0,5,"1920,61"
202005,3,35,355030,J,6209100,1,317110,101,8,22,"40,00",6,1,0,1,20,0,0,0,"8000,00",5,0,1,202005,0,5,"8000,00"
202005,4,43,431490,J,6201501,-1,212405,101,8,42,"44,00",1,1,0,1,31,0,0,0,"6012,75",8,0,1,202005,0,5,"6012,75"
202005,4,41,410690,J,6204000,-1,212405,101,9,30,"40,00",1,3,0,1,31,0,0,0,"4440,24",7,0,1,202005,0,5,"4440,24"
202005,4,42,420200,J,6311900,1,212405,101,8,19,"40,00",6,1,0,1,20,0,0,0,"1390,00",1,0,1,202005,0,5,"1390,00"
202005,3,35,354870,J,6311900,1,212420,101,9,46,"40,00",1,1,0,1,20,0,0,0,"1700,00",6,0,1,202005,0,5,"1700,00"
202005,5,53,530010,J,6203100,-1,212405,101,11,46,"44,00",1,3,0,1,40,0,0,0,"8994,31",7,0,1,202005,0,5,"8994,31"
202005,3,35,350570,J,6201501,-1,212405,101,9,41,"40,00",1,1,0,1,40,0,0,0,"9168,30",10,0,1,202005,0,5,"9168,30"
202005,3,35,354890,J,6203100,-1,212405,101,8,31,"40,00",1,1,0,1,31,0,0,0,"4011,70",4,0,1,202005,0,5,"4011,70"
202005,3,35,352470,J,6201501,1,212405,101,11,34,"40,00",3,1,0,1,20,0,0,0,"5500,00",10,0,1,202005,0,5,"5500,00"
202005,2,23,230440,J,6204000,-1,317205,101,7,23,"36,00",3,3,0,1,31,0,0,0,"1300,00",8,0,1,202005,0,5,"1300,00"
202005,3,33,330330,J,6204000,1,317205,101,9,26,"36,00",1,3,0,1,20,0,0,0,"1198,00",5,0,1,202005,0,5,"1198,00"
202005,3,32,320520,J,6209100,1,212420,101,7,24,"40,00",1,3,0,1,20,0,0,0,"1875,50",5,0,1,202005,0,5,"1875,50"
202005,3,33,330455,J,6201501,1,212405,101,9,38,"40,00",1,1,0,1,20,0,0,0,"10000,00",5,0,1,202005,0,5,"10000,00"
202005,4,43,431340,J,6203100,-1,212405,101,7,30,"40,00",6,1,0,1,31,0,0,0,"1200,00",2,0,1,202005,0,5,"1200,00"
202005,3,31,310620,J,6201501,1,212420,101,9,25,"40,00",1,1,0,1,20,0,0,0,"1693,27",9,0,1,202005,0,5,"1693,27"
202005,3,33,330330,J,6203100,-1,317110,101,8,39,"40,00",6,3,0,1,31,0,0,0,"5078,75",5,0,1,202005,0,5,"5078,75"
202005,3,35,355030,J,6201501,-1,212405,101,9,22,"44,00",1,1,0,1,40,0,0,9,"2044,06",7,0,1,202005,0,5,"2044,06"
202005,3,35,355030,J,6311900,1,212405,101,8,28,"44,00",3,3,0,1,20,0,0,0,"1936,37",7,0,1,202005,0,5,"1936,37"
202005,3,35,355030,J,6204000,1,142510,101,9,42,"40,00",2,3,0,1,20,0,0,0,"4000,00",10,0,1,202005,0,5,"4000,00"
202005,5,52,520870,J,6203100,-1,317110,101,7,20,"44,00",3,1,0,1,31,0,0,0,"1300,00",6,0,1,202005,0,5,"1300,00"
202005,3,31,317020,J,6204000,1,317110,101,8,30,"40,00",1,1,0,1,20,0,0,0,"3100,00",8,0,1,202005,0,5,"3100,00"
202005,3,31,310620,J,6204000,1,212405,101,7,25,"36,00",1,3,0,1,20,0,0,0,"4000,00",7,0,1,202005,0,5,"4000,00"
202005,3,35,354340,J,6202300,-1,317110,101,7,32,"44,00",1,1,0,1,40,0,0,9,"3500,00",7,0,1,202005,0,5,"3500,00"
202005,3,35,355030,J,6204000,-1,212305,101,9,53,"40,00",1,1,0,1,60,0,0,0,"7000,00",3,0,1,202005,0,5,"7000,00"
202005,3,35,354340,J,6201501,1,212405,101,8,19,"44,00",6,1,0,1,20,0,0,0,"2090,00",5,0,1,202005,0,5,"2090,00"
202005,3,31,317070,J,6202300,-1,212420,101,9,26,"40,00",3,1,0,1,40,0,0,0,"1539,43",6,0,1,202005,0,5,"1539,43"
202005,3,35,354730,J,6209100,1,212420,101,9,38,"30,00",3,1,0,1,20,0,0,0,"7000,00",10,0,1,202005,0,5,"7000,00"
202005,4,41,410690,J,6204000,-1,212405,101,9,43,"40,00",1,1,0,1,31,0,0,0,"12621,27",7,0,1,202005,0,5,"12621,27"
202005,3,35,350570,J,6204000,1,317110,101,9,52,"40,00",6,3,0,1,20,0,0,0,"11000,00",9,0,1,202005,0,5,"11000,00"
202005,3,35,355030,J,6209100,-1,212410,101,9,28,"40,00",6,1,0,1,31,0,0,0,"2750,00",4,0,1,202005,0,5,"2750,00"
202005,3,35,355030,J,6201501,-1,212405,101,9,28,"40,00",3,3,0,1,40,0,0,0,"6022,20",10,0,1,202005,0,5,"6022,20"
202005,3,35,355030,J,6202300,1,212405,101,9,53,"40,00",1,1,0,1,20,0,0,0,"5800,00",6,0,1,202005,0,5,"5800,00"
202005,4,41,411520,J,6203100,1,317110,101,9,23,"44,00",3,1,0,1,20,0,0,0,"2234,00",5,0,1,202005,0,5,"2234,00"
202005,3,35,355030,J,6209100,-1,212405,101,7,42,"40,00",1,3,0,1,32,0,0,0,"5000,00",7,0,1,202005,0,5,"5000,00"
202005,3,31,310620,J,6204000,1,212420,101,7,39,"40,00",1,1,0,1,20,0,0,0,"1392,97",7,0,1,202005,0,5,"1392,97"
202005,3,35,350570,J,6209100,1,317110,101,9,28,"40,00",6,1,0,1,20,0,0,0,"4500,00",8,0,1,202005,0,5,"4500,00"
202005,4,43,431870,J,6203100,-1,317110,101,9,30,"44,00",6,1,0,1,31,0,0,0,"4819,85",7,0,1,202005,0,5,"4819,85"
202005,2,29,292740,J,6204000,-1,212405,101,9,38,"44,00",3,1,0,1,31,0,0,0,"5562,32",9,0,1,202005,0,5,"5562,32"
202005,4,43,431490,J,6311900,-1,317110,101,7,24,"44,00",1,1,0,1,31,0,0,0,"1800,00",3,0,1,202005,0,5,"1800,00"
202005,3,35,355030,J,6202300,-1,212405,101,9,29,"38,00",6,3,0,1,40,0,0,0,"4800,00",6,0,1,202005,0,5,"4800,00"
202005,3,35,355030,J,6201501,1,212420,101,9,31,"40,00",1,3,0,1,20,0,0,0,"7197,01",10,0,1,202005,0,5,"7197,01"
202005,3,35,355030,J,6209100,-1,212420,101,9,46,"40,00",1,3,0,1,40,0,0,0,"1675,57",7,0,1,202005,0,5,"1675,57"
202005,3,35,355030,J,6209100,-1,212315,101,9,25,"40,00",1,1,0,1,40,0,0,0,"5000,00",5,0,1,202005,0,5,"5000,00"
202005,3,35,355030,J,6311900,1,317110,101,9,26,"40,00",1,1,0,1,20,0,0,0,"7000,00",4,0,1,202005,0,5,"7000,00"
202005,3,31,314480,J,6209100,-1,212310,101,9,28,"40,00",3,1,0,1,40,0,0,0,"4506,75",4,0,1,202005,0,5,"4506,75"
202005,3,31,314080,J,6204000,-1,212405,101,8,30,"40,00",1,1,0,1,40,0,0,0,"2090,00",7,0,1,202005,0,5,"2090,00"
202005,3,35,355030,J,6201501,-1,317110,101,9,42,"40,00",1,1,0,1,31,0,0,0,"6238,55",7,0,1,202005,0,5,"6238,55"
202005,5,53,530010,J,6203100,-1,317210,101,9,26,"44,00",6,3,0,1,31,0,0,0,"1700,00",7,0,1,202005,0,5,"1700,00"
202005,3,35,350320,J,6201501,-1,317110,101,80,24,"40,00",1,1,0,1,40,0,0,0,"3066,91",7,0,1,202005,0,5,"3066,91"
202005,3,35,355030,J,6201501,1,212405,101,8,29,"40,00",3,3,0,1,20,0,0,0,"5200,00",10,0,1,202005,0,5,"5200,00"
202005,3,35,355030,J,6203100,1,317110,101,80,28,"40,00",1,1,0,1,20,0,0,0,"8500,00",5,0,1,202005,0,5,"8500,00"
202005,3,35,350950,J,6204000,-1,212405,101,9,37,"40,83",2,1,0,1,31,0,0,0,"1400,00",10,0,1,202005,0,5,"1400,00"
202005,3,33,330455,J,6201501,-1,142510,101,80,50,"40,00",1,1,0,1,31,0,0,0,"11378,44",7,0,1,202005,0,5,"11378,44"
202005,3,31,310620,J,6201501,1,212315,101,9,27,"44,00",1,3,0,1,20,0,0,0,"5715,39",6,0,1,202005,0,5,"5715,39"
202005,5,53,530010,J,6204000,1,212410,101,9,27,"38,57",1,1,0,1,20,0,0,0,"2000,00",8,0,1,202005,0,5,"2000,00"
202005,3,35,355030,J,6202300,1,212215,101,9,23,"44,00",6,1,0,1,20,0,0,0,"3500,00",4,0,1,202005,0,5,"3500,00"
202005,3,35,355030,J,6204000,1,212305,101,7,30,"40,00",4,1,0,1,20,0,0,0,"7500,00",10,0,1,202005,0,5,"7500,00"
202005,3,35,350570,J,6203100,-1,317205,101,9,45,"40,00",1,1,0,1,31,0,0,0,"1717,28",7,0,1,202005,0,5,"1717,28"
202005,3,32,320530,J,6209100,-1,212420,101,7,28,"56,00",3,1,0,1,40,0,0,0,"2463,73",7,0,1,202005,0,5,"2463,73"
202005,3,31,310620,J,6204000,1,212405,101,9,24,"40,00",3,3,0,1,20,0,0,0,"6000,00",7,0,1,202005,0,5,"6000,00"
202005,3,35,355030,J,6209100,-1,212420,101,8,23,"40,00",3,1,0,1,40,0,0,0,"2721,88",4,0,1,202005,0,5,"2721,88"
202005,5,52,520110,J,6209100,-1,212420,101,7,26,"44,00",1,1,0,1,31,0,0,0,"1200,00",4,0,1,202005,0,5,"1200,00"
202005,2,29,292740,J,6204000,-1,212405,101,9,30,"44,00",3,1,0,1,31,0,0,0,"5911,32",9,0,1,202005,0,5,"5911,32"
202005,4,41,411850,J,6203100,-1,212420,101,8,39,"36,00",6,1,0,1,90,0,0,0,"2070,64",6,0,1,202005,0,5,"2070,64"
202005,5,53,530010,J,6203100,1,212415,101,8,20,"40,00",6,1,0,1,20,0,0,0,"1102,81",7,0,1,202005,0,5,"1102,81"
202005,3,35,350570,J,6203100,1,212405,101,9,25,"40,00",1,1,0,1,20,0,0,0,"8000,00",9,0,1,202005,0,5,"8000,00"
202005,4,43,431490,J,6203100,1,317110,101,9,26,"40,00",1,1,0,1,20,0,0,0,"4200,00",7,0,1,202005,0,5,"4200,00"
202005,5,51,510340,J,6209100,1,212415,101,9,22,"44,00",3,1,0,1,20,0,0,0,"1200,00",4,0,1,202005,0,5,"1200,00"
202005,5,53,530010,J,6203100,1,212405,101,9,31,"40,00",6,3,0,1,20,0,0,0,"5307,49",7,0,1,202005,0,5,"5307,49"
202005,4,41,411370,J,6202300,1,212405,101,8,20,"39,60",1,1,0,1,20,0,0,0,"2970,00",7,0,1,202005,0,5,"2970,00"
202005,3,35,350570,J,6203100,-1,212405,101,9,33,"40,00",6,1,0,1,40,0,0,0,"8500,00",9,0,1,202005,0,5,"8500,00"
202005,5,53,530010,J,6201501,-1,212305,101,9,35,"44,00",6,1,0,1,40,0,0,0,"6402,81",8,0,1,202005,0,5,"6402,81"
202005,4,43,430510,J,6203100,-1,317110,101,9,31,"44,00",1,3,0,1,31,0,0,0,"1550,00",3,0,1,202005,0,5,"1550,00"
202005,5,53,530010,J,6201501,-1,317110,101,9,27,"44,00",3,1,0,1,40,0,0,0,"2557,27",8,0,1,202005,0,5,"2557,27"
202005,2,25,250400,J,6209100,-1,317205,101,7,40,"44,00",3,1,0,1,40,0,0,0,"1045,00",3,0,1,202005,0,5,"1045,00"
202005,3,35,355030,J,6201501,1,317110,101,9,28,"40,00",1,1,0,1,20,0,0,0,"7000,00",10,0,1,202005,0,5,"7000,00"
202005,5,52,520870,J,6204000,-1,212420,101,7,28,"44,00",3,1,0,1,40,0,0,0,"4480,59",7,0,1,202005,0,5,"4480,59"
202005,3,32,320530,J,6203100,1,212405,101,8,25,"40,00",1,1,0,1,20,0,0,0,"3500,00",1,0,1,202005,0,5,"3500,00"
202005,3,35,355030,J,6201501,1,212405,101,9,24,"40,00",3,1,0,1,20,0,0,0,"5000,00",9,0,1,202005,0,5,"5000,00"
202005,3,31,317020,J,6201501,1,212405,101,8,25,"44,00",3,1,0,1,20,0,0,0,"4000,00",8,0,1,202005,0,5,"4000,00"
202005,3,35,355030,J,6204000,-1,317110,101,8,30,"44,00",4,1,0,1,40,0,0,9,"4514,89",10,0,1,202005,0,5,"4514,89"
202005,4,41,411520,J,6209100,1,317110,101,9,25,"40,00",1,1,0,1,20,0,0,0,"4865,01",4,0,1,202005,0,5,"4865,01"
202005,3,35,355030,J,6203100,1,317210,101,9,35,"40,00",3,1,0,1,20,0,0,0,"1539,43",10,0,1,202005,0,5,"1539,43"
202005,4,42,420240,J,6202300,-1,317110,101,9,28,"44,00",1,1,0,1,40,0,0,0,"3876,27",7,0,1,202005,0,5,"3876,27"
202005,3,33,330455,J,6209100,-1,317205,101,7,53,"40,00",4,1,0,1,31,0,0,0,"2248,18",4,0,1,202005,0,5,"2248,18"
202005,4,41,410690,J,6204000,-1,317110,101,8,23,"40,00",1,1,0,1,31,0,0,0,"1800,00",7,0,1,202005,0,5,"1800,00"
202005,4,43,431900,J,6209100,1,142530,101,7,44,"44,00",6,1,0,1,20,0,0,9,"4888,00",5,0,1,202005,0,5,"4888,00"
202005,3,35,355030,J,6209100,-1,212205,101,80,38,"44,00",1,1,0,1,40,0,0,9,"19000,00",10,0,1,202005,0,5,"19000,00"
202005,2,24,240800,J,6209100,-1,317210,101,7,26,"44,00",3,1,0,1,40,0,0,0,"1225,38",5,0,1,202005,0,5,"1225,38"
202005,3,35,350950,J,6201501,1,212410,101,9,32,"40,00",1,1,0,1,20,0,0,0,"13000,00",7,0,1,202005,0,5,"13000,00"
202005,3,33,330455,J,6204000,1,212405,101,8,21,"40,00",1,1,0,1,20,0,0,0,"3000,00",4,0,1,202005,0,5,"3000,00"
202005,3,35,355030,J,6201501,1,212420,101,9,36,"40,00",6,3,0,1,20,0,0,0,"5700,00",9,0,1,202005,0,5,"5700,00"
202005,3,31,317020,J,6204000,1,212405,101,9,25,"40,00",1,1,0,1,20,0,0,0,"2000,00",8,0,1,202005,0,5,"2000,00"
202005,3,35,350950,J,6204000,-1,212405,101,9,20,"40,00",1,3,0,1,40,0,0,0,"6000,00",10,0,1,202005,0,5,"6000,00"
202005,3,31,315250,J,6204000,-1,212405,101,9,36,"40,00",1,3,0,1,31,0,0,0,"1495,55",5,0,1,202005,0,5,"1495,55"
202005,3,35,355030,J,6204000,1,212405,101,8,30,"44,00",1,1,0,1,20,0,0,9,"3500,00",10,0,1,202005,0,5,"3500,00"
202005,4,43,430510,J,6203100,1,212315,101,9,32,"44,00",1,1,0,1,20,0,0,9,"3000,00",7,0,1,202005,0,5,"3000,00"
202005,3,35,355030,J,6203100,-1,212405,101,80,37,"40,00",1,3,0,1,40,0,0,0,"10000,00",10,0,1,202005,0,5,"10000,00"
202005,3,35,355030,J,6209100,-1,212405,101,8,38,"40,00",1,1,0,1,40,0,0,0,"7000,00",7,0,1,202005,0,5,"7000,00"
202005,4,43,431340,J,6202300,-1,212310,101,8,20,"44,00",1,1,0,1,31,0,0,0,"1600,00",4,0,1,202005,0,5,"1600,00"
202005,5,53,530010,J,6201501,1,212205,101,10,30,"40,00",1,1,0,1,20,0,0,0,"12000,00",10,0,1,202005,0,5,"12000,00"
202005,3,31,310620,J,6202300,1,212405,101,8,20,"40,00",1,3,0,1,20,0,0,0,"2925,00",5,0,1,202005,0,5,"2925,00"
202005,3,35,355030,J,6201501,-1,212405,101,9,36,"44,00",6,3,0,1,40,0,0,9,"2688,84",7,0,1,202005,0,5,"2688,84"
202005,4,43,431490,J,6201501,-1,317110,101,8,24,"30,00",6,1,0,1,31,0,0,0,"1620,00",2,0,1,202005,0,5,"1620,00"
202005,3,31,310620,J,6209100,1,317205,101,7,23,"44,00",3,3,0,1,20,0,0,0,"1188,57",10,0,1,202005,0,5,"1188,57"
202005,4,42,420240,J,6202300,-1,212405,101,80,40,"44,00",1,1,0,1,40,0,0,0,"9585,63",7,0,1,202005,0,5,"9585,63"
202005,3,35,355030,J,6311900,-1,212420,101,8,27,"44,00",3,1,0,1,31,0,0,0,"3183,55",6,0,1,202005,0,5,"3183,55"
202005,4,43,431490,J,6204000,1,142515,101,9,39,"44,00",3,3,0,1,20,0,0,0,"3300,00",8,0,1,202005,0,5,"3300,00"
202005,3,35,355030,J,6201501,-1,212405,101,9,52,"40,00",1,1,0,1,31,0,0,0,"3076,98",3,0,1,202005,0,5,"3076,98"
202005,3,35,355030,J,6202300,1,212405,101,9,30,"40,00",1,1,0,1,20,0,0,0,"6000,00",7,0,1,202005,0,5,"6000,00"
202005,3,35,355030,J,6201501,-1,212405,101,9,42,"40,00",1,3,0,1,40,0,0,0,"11782,00",10,0,1,202005,0,5,"11782,00"
202005,4,42,421480,J,6202300,-1,317110,101,8,25,"44,00",1,1,0,1,31,0,0,0,"2815,00",5,0,1,202005,0,5,"2815,00"
202005,5,53,530010,J,6204000,1,212405,101,80,38,"40,00",3,1,0,1,20,0,0,0,"5500,00",8,0,1,202005,0,5,"5500,00"
202005,4,43,431440,J,6209100,1,317110,101,7,20,"44,00",6,1,0,1,20,0,0,0,"1200,00",4,0,1,202005,0,5,"1200,00"
202005,3,35,350950,J,6204000,1,317210,101,9,19,"41,00",2,1,0,1,20,0,0,0,"1510,00",10,0,1,202005,0,5,"1510,00"
202005,3,35,350950,J,6204000,-1,212405,101,9,23,"40,00",3,1,0,1,40,0,0,0,"8000,00",10,0,1,202005,0,5,"8000,00"
202005,4,41,412550,J,6203100,-1,317110,101,8,30,"40,00",6,1,0,1,31,0,0,0,"8000,00",7,0,1,202005,0,5,"8000,00"
202005,3,35,355030,J,6204000,1,212405,101,9,23,"40,00",1,1,0,1,20,0,0,0,"4000,00",7,0,1,202005,0,5,"4000,00"
202005,3,35,355030,J,6201501,-1,212405,101,9,51,"40,00",4,1,0,1,40,0,0,0,"8005,14",10,0,1,202005,0,5,"8005,14"
202005,3,35,355030,J,6201501,-1,212410,101,7,28,"40,00",1,1,0,1,40,0,0,0,"4700,00",8,0,1,202005,0,5,"4700,00"
202005,3,33,330455,J,6202300,-1,317210,101,7,25,"45,00",1,1,0,1,31,0,0,0,"1700,00",2,0,1,202005,0,5,"1700,00"
202005,3,35,355030,J,6311900,-1,212420,101,8,29,"40,00",1,1,0,1,40,0,0,0,"4108,21",9,0,1,202005,0,5,"4108,21"
202005,3,31,317020,J,6201501,1,212405,101,9,48,"44,00",1,1,0,1,20,0,0,0,"8200,00",8,0,1,202005,0,5,"8200,00"
202005,3,35,350570,J,6201501,-1,317110,101,9,34,"40,00",4,1,0,1,40,0,0,0,"3416,50",9,0,1,202005,0,5,"3416,50"
202005,3,31,310620,J,6201501,1,212405,101,8,35,"40,00",3,1,0,1,20,0,0,0,"2650,00",8,0,1,202005,0,5,"2650,00"
202005,4,43,431180,J,6203100,-1,212405,101,9,43,"44,00",6,3,0,1,31,0,0,9,"1850,00",5,0,1,202005,0,5,"1850,00"
202005,3,35,350950,J,6204000,-1,317210,101,9,26,"40,00",1,1,0,1,31,0,0,0,"1700,00",10,0,1,202005,0,5,"1700,00"
202005,3,35,350950,J,6204000,1,212405,101,9,37,"40,00",2,1,0,1,20,0,0,0,"12000,00",10,0,1,202005,0,5,"12000,00"
202005,3,33,330455,J,6209100,-1,212405,101,9,37,"40,00",4,1,0,1,40,0,0,0,"4951,00",4,0,1,202005,0,5,"4951,00"
202005,4,43,431490,J,6203100,-1,142520,101,80,26,"40,00",3,3,0,1,40,0,0,0,"3850,00",5,0,1,202005,0,5,"3850,00"
202005,3,35,350320,J,6201501,-1,317110,101,9,31,"40,00",1,1,0,1,40,0,0,0,"3000,00",4,0,1,202005,0,5,"3000,00"
202005,4,43,431680,J,6209100,-1,317210,101,7,29,"44,00",1,1,0,1,40,0,0,0,"2700,00",3,0,1,202005,0,5,"2700,00"
202005,4,43,431490,J,6203100,-1,317210,101,7,19,"44,00",1,3,0,1,31,0,0,0,"1397,44",5,0,1,202005,0,5,"1397,44"
202005,3,35,350570,J,6202300,1,212420,101,9,31,"40,00",1,1,0,1,20,0,0,0,"7741,54",9,0,1,202005,0,5,"7741,54"
202005,5,53,530010,J,6201501,-1,212405,101,9,25,"40,00",3,1,0,1,40,0,0,0,"5000,00",4,0,1,202005,0,5,"5000,00"
202005,3,35,355030,J,6204000,1,212405,101,9,30,"44,00",1,3,0,1,20,0,0,9,"2800,00",10,0,1,202005,0,5,"2800,00"
202005,3,35,352470,J,6201501,1,212405,101,11,34,"44,00",2,1,0,1,20,0,0,0,"5000,00",10,0,1,202005,0,5,"5000,00"
202005,2,23,230440,J,6204000,-1,212405,101,9,41,"44,00",3,1,0,1,31,0,0,0,"9096,50",8,0,1,202005,0,5,"9096,50"
202005,3,35,355030,J,6311900,1,212405,101,8,23,"40,00",3,1,0,1,20,0,0,0,"2373,00",1,0,1,202005,0,5,"2373,00"
202005,4,41,410690,J,6202300,-1,317210,101,7,37,"40,00",1,1,0,1,31,0,0,0,"2018,45",3,0,1,202005,0,5,"2018,45"
202005,5,53,530010,J,6204000,1,317210,101,8,44,"40,00",3,1,0,1,20,0,0,0,"1600,00",8,0,1,202005,0,5,"1600,00"
202005,2,26,261160,J,6202300,-1,317110,101,9,24,"40,00",1,1,0,1,40,0,0,0,"2580,75",8,0,1,202005,0,5,"2580,75"
202005,2,23,230440,J,6202300,-1,317110,101,8,37,"44,00",3,1,0,1,31,0,0,0,"4500,00",6,0,1,202005,0,5,"4500,00"
202005,3,33,330455,J,6204000,-1,212405,101,10,58,"40,00",1,3,0,1,40,0,0,0,"9776,71",10,0,1,202005,0,5,"9776,71"
202005,3,35,355030,J,6201501,1,212405,101,9,59,"40,00",1,3,0,1,20,0,0,0,"7500,00",10,0,1,202005,0,5,"7500,00"
202005,5,53,530010,J,6201501,-1,212420,101,9,51,"44,00",3,3,0,1,31,0,0,0,"3261,33",9,0,1,202005,0,5,"3261,33"
202005,3,35,355030,J,6209100,-1,212405,101,9,65,"40,00",1,1,0,1,31,0,0,0,"4166,40",6,0,1,202005,0,5,"4166,40"
202005,3,35,355030,J,6203100,1,212405,101,9,29,"40,00",6,1,0,1,20,0,0,0,"11500,00",7,0,1,202005,0,5,"11500,00"
202005,3,31,317020,J,6203100,1,212405,101,9,25,"40,00",3,1,0,1,20,0,0,0,"7000,00",7,0,1,202005,0,5,"7000,00"
202005,4,43,431440,J,6209100,1,317110,101,7,19,"44,00",6,1,0,1,20,0,0,0,"1200,00",4,0,1,202005,0,5,"1200,00"
202005,4,43,431870,J,6203100,-1,212415,101,9,41,"44,00",1,1,0,1,31,0,0,9,"15997,80",6,0,1,202005,0,5,"15997,80"
202005,2,29,292740,J,6311900,-1,317210,101,80,55,"40,00",3,1,0,1,31,0,0,0,"1495,84",7,0,1,202005,0,5,"1495,84"
202005,3,35,355030,J,6204000,1,212405,101,8,22,"44,00",3,1,0,1,20,0,0,9,"3800,00",10,0,1,202005,0,5,"3800,00"
202005,3,35,355030,J,6209100,-1,142530,101,8,29,"44,00",1,1,0,1,40,0,0,9,"12631,00",5,0,1,202005,0,5,"12631,00"
202005,3,31,317020,J,6201501,1,212405,101,7,30,"44,00",1,1,0,1,20,0,0,0,"2300,00",2,0,1,202005,0,5,"2300,00"
202005,3,35,355030,J,6311900,-1,212405,101,9,42,"40,00",1,1,0,1,31,0,0,0,"5987,00",1,0,1,202005,0,5,"5987,00"
202005,3,35,354990,J,6201501,1,212315,101,9,23,"44,00",1,3,0,1,20,0,0,0,"3000,00",1,0,1,202005,0,5,"3000,00"
202005,4,41,411370,J,6209100,-1,212405,101,9,30,"40,00",1,1,0,1,40,0,0,0,"5882,00",8,0,1,202005,0,5,"5882,00"
202005,3,35,353870,J,6202300,-1,317110,101,9,22,"40,00",1,1,0,1,40,0,0,0,"3241,91",5,0,1,202005,0,5,"3241,91"
202005,2,21,211130,J,6204000,1,212420,101,7,20,"40,00",1,3,0,1,20,0,0,0,"1600,00",3,0,1,202005,0,5,"1600,00"
202005,3,35,355030,J,6201501,1,212405,101,9,42,"40,00",1,1,0,1,20,0,0,0,"2015,00",8,0,1,202005,0,5,"2015,00"
202005,3,35,355030,J,6203100,1,212405,101,80,51,"40,00",3,1,0,1,20,0,0,0,"12000,00",10,0,1,202005,0,5,"12000,00"
202005,5,53,530010,J,6201501,1,212405,101,11,32,"40,00",1,1,0,1,20,0,0,0,"14500,00",10,0,1,202005,0,5,"14500,00"
202005,5,53,530010,J,6201501,1,212405,101,9,50,"40,00",3,1,0,1,20,0,0,0,"6571,76",4,0,1,202005,0,5,"6571,76"
202005,3,35,350950,J,6201501,1,212405,101,9,29,"40,00",1,1,0,1,20,0,0,0,"10700,00",7,0,1,202005,0,5,"10700,00"
202005,3,35,350570,J,6203100,1,212405,101,8,41,"40,00",1,1,0,1,20,0,0,0,"11000,00",9,0,1,202005,0,5,"11000,00"
202005,4,41,411370,J,6209100,1,317110,101,9,36,"44,00",6,1,0,1,20,0,0,0,"5800,00",8,0,1,202005,0,5,"5800,00"
202005,3,31,310620,J,6202300,1,212405,101,7,18,"44,00",3,3,0,1,20,0,0,0,"1443,75",4,0,1,202005,0,5,"1443,75"
202005,3,32,320530,J,6209100,-1,317210,101,7,26,"40,00",6,1,0,1,31,0,0,0,"1899,23",7,0,1,202005,0,5,"1899,23"
202005,3,35,354990,J,6204000,-1,212420,101,9,27,"40,00",1,1,0,1,40,0,0,0,"2164,61",5,0,1,202005,0,5,"2164,61"
202005,3,35,355030,J,6209100,1,212420,101,7,25,"35,00",1,1,0,1,20,0,0,0,"1500,00",8,0,1,202005,0,5,"1500,00"
202005,3,35,354880,J,6311900,-1,212405,101,9,30,"40,00",3,1,0,1,40,0,0,0,"4500,00",5,0,1,202005,0,5,"4500,00"
202005,5,53,530010,J,6201501,-1,212420,101,7,33,"44,00",3,1,0,1,31,0,0,0,"6124,93",9,0,1,202005,0,5,"6124,93"
202005,3,35,355030,J,6201501,-1,317110,101,9,43,"40,00",3,1,0,1,40,0,0,0,"9000,00",9,0,1,202005,0,5,"9000,00"
202005,3,35,355030,J,6311900,-1,212405,101,9,33,"40,00",1,1,0,1,31,0,0,0,"3000,00",7,0,1,202005,0,5,"3000,00"
202005,3,32,320240,J,6202300,-1,212315,101,8,25,"40,00",3,3,0,1,31,0,0,0,"1400,00",5,0,1,202005,0,5,"1400,00"
202005,2,29,292740,J,6311900,-1,317210,101,7,44,"40,00",3,1,0,1,31,0,0,0,"1182,46",7,0,1,202005,0,5,"1182,46"
202005,3,35,355030,J,6201501,-1,212405,101,9,32,"44,00",6,1,0,1,40,0,0,9,"3802,88",7,0,1,202005,0,5,"3802,88"
202005,5,53,530010,J,6201501,-1,212305,101,9,43,"40,00",3,1,0,1,31,0,0,0,"11659,53",10,0,1,202005,0,5,"11659,53"
202005,3,35,350570,J,6209100,-1,317110,101,9,29,"40,00",6,1,0,1,40,0,0,0,"1730,00",7,0,1,202005,0,5,"1730,00"
202005,3,35,350570,J,6202300,1,212420,101,9,33,"40,00",1,1,0,1,20,0,0,0,"10669,00",9,0,1,202005,0,5,"10669,00"
202005,3,35,355030,J,6201501,1,317110,101,9,28,"40,00",1,1,0,1,20,0,0,0,"6000,00",9,0,1,202005,0,5,"6000,00"
202005,3,35,350570,J,6311900,-1,142515,101,9,37,"44,00",1,1,0,1,31,0,0,9,"13102,70",7,0,1,202005,0,5,"13102,70"
202005,4,41,411520,J,6209100,1,212405,101,9,23,"40,00",1,1,0,1,20,0,0,0,"2326,00",7,0,1,202005,0,5,"2326,00"
202005,3,35,350570,J,6203100,-1,212405,101,9,27,"40,00",1,1,0,1,40,0,0,0,"7240,10",9,0,1,202005,0,5,"7240,10"
202005,3,31,310620,J,6203100,-1,212420,101,7,33,"44,00",3,3,0,1,31,0,0,0,"3200,00",4,0,1,202005,0,5,"3200,00"
202005,4,41,410690,J,6202300,-1,212405,101,9,29,"40,00",1,1,0,1,40,0,0,0,"7500,00",4,0,1,202005,0,5,"7500,00"
202005,3,33,330455,J,6201501,1,212405,101,9,38,"40,00",2,1,0,1,20,0,0,0,"10500,00",6,0,1,202005,0,5,"10500,00"
202005,3,35,355030,J,6204000,-1,212420,101,9,37,"40,00",1,1,0,1,31,0,0,0,"1735,55",10,0,1,202005,0,5,"1735,55"
202005,3,33,330455,J,6204000,1,142510,101,9,30,"40,00",3,1,0,1,20,0,0,0,"9901,37",6,0,1,202005,0,5,"9901,37"
202005,3,31,310620,J,6209100,1,317205,101,7,31,"44,00",3,1,0,1,20,0,0,0,"1188,57",10,0,1,202005,0,5,"1188,57"
202005,3,35,355030,J,6202300,-1,212405,101,80,33,"40,00",1,1,0,1,40,0,0,0,"10500,00",9,0,1,202005,0,5,"10500,00"
202005,3,35,353440,J,6201501,-1,212420,101,9,21,"40,00",3,1,0,1,40,0,0,0,"2500,00",9,0,1,202005,0,5,"2500,00"
202005,3,35,355030,J,6311900,-1,212420,101,9,42,"40,00",6,1,0,1,40,0,0,0,"7500,00",9,0,1,202005,0,5,"7500,00"
202005,4,41,410690,J,6201501,1,317110,101,9,34,"40,00",6,1,0,1,20,0,0,0,"9000,00",9,0,1,202005,0,5,"9000,00"
202005,3,35,355030,J,6201501,1,212405,101,9,29,"40,00",1,1,0,1,20,0,0,0,"8500,00",8,0,1,202005,0,5,"8500,00"
202005,4,42,420540,J,6202300,-1,317210,101,8,25,"44,00",1,1,0,1,40,0,0,0,"2450,54",10,0,1,202005,0,5,"2450,54"
202005,1,13,130260,J,6202300,-1,317110,101,9,34,"44,00",2,1,0,1,40,0,0,0,"3396,64",5,0,1,202005,0,5,"3396,64"
202005,5,52,520870,J,6201501,1,212405,101,9,22,"40,00",3,1,0,1,20,0,0,0,"4300,00",8,0,1,202005,0,5,"4300,00"
202005,4,41,411370,J,6203100,-1,317210,101,9,19,"40,00",1,1,0,1,40,0,0,0,"1397,83",8,0,1,202005,0,5,"1397,83"
202005,3,31,310620,J,6201501,1,212420,101,9,29,"36,00",1,1,0,1,20,0,0,0,"1500,00",8,0,1,202005,0,5,"1500,00"
202005,4,41,412550,J,6203100,-1,212310,101,8,24,"40,00",1,3,0,1,43,0,0,0,"1680,00",7,0,1,202005,0,5,"1680,00"
202005,3,35,355030,J,6204000,1,142515,101,9,40,"40,00",1,1,0,1,20,0,0,0,"19000,00",8,0,1,202005,0,5,"19000,00"
202005,5,53,530010,J,6201501,-1,212420,101,9,36,"40,00",3,1,0,1,31,0,0,0,"1221,00",10,0,1,202005,0,5,"1221,00"
202005,3,35,355030,J,6202300,1,212405,101,9,51,"40,00",1,1,0,1,20,0,0,0,"6000,00",6,0,1,202005,0,5,"6000,00"
202005,4,42,420240,J,6201501,-1,212415,101,9,45,"40,00",1,1,0,1,31,0,0,0,"4100,00",8,0,1,202005,0,5,"4100,00"
202005,4,42,420240,J,6203100,1,212420,101,80,40,"44,00",1,1,0,1,20,0,0,0,"12000,00",9,0,1,202005,0,5,"12000,00"
202005,3,35,350950,J,6204000,-1,212420,101,9,39,"40,00",1,1,0,1,31,0,0,0,"2800,00",4,0,1,202005,0,5,"2800,00"
202005,3,35,350570,J,6209100,1,212320,101,9,41,"40,00",6,3,0,1,20,0,0,0,"3520,00",8,0,1,202005,0,5,"3520,00"
202005,3,35,350570,J,6209100,1,212405,101,9,33,"44,00",6,1,0,1,20,0,0,9,"5861,00",7,0,1,202005,0,5,"5861,00"
202005,3,33,330330,J,6204000,1,212405,101,80,46,"40,00",3,1,0,1,20,0,0,0,"6500,00",8,0,1,202005,0,5,"6500,00"
202005,4,43,431490,J,6203100,-1,317205,101,9,32,"40,00",1,3,0,1,31,0,0,0,"1735,52",5,0,1,202005,0,5,"1735,52"
202005,3,33,330455,J,6204000,-1,212405,101,8,50,"40,00",2,1,0,1,31,0,0,0,"8165,76",5,0,1,202005,0,5,"8165,76"
202005,3,35,355030,J,6203100,1,317210,101,10,37,"40,00",1,1,0,1,20,0,0,0,"4000,00",8,0,1,202005,0,5,"4000,00"
202005,3,33,330240,J,6201501,-1,317210,101,9,36,"40,00",1,1,0,1,31,0,0,0,"1529,26",9,0,1,202005,0,5,"1529,26"
202005,2,23,230440,J,6201501,-1,212405,101,80,37,"44,00",3,1,0,1,31,0,0,0,"5500,00",8,0,1,202005,0,5,"5500,00"
202005,3,35,355030,J,6201501,-1,212405,101,80,34,"40,00",1,3,0,1,31,0,0,0,"3042,87",5,0,1,202005,0,5,"3042,87"
202005,3,35,355030,J,6204000,1,212405,101,9,26,"44,00",3,1,0,1,20,0,0,9,"8000,00",10,0,1,202005,0,5,"8000,00"
202005,3,33,330455,J,6204000,-1,212405,101,9,31,"40,00",1,1,0,1,40,0,0,0,"4321,28",5,0,1,202005,0,5,"4321,28"
202005,3,35,355030,J,6202300,-1,212405,101,7,23,"40,00",3,3,0,1,40,0,0,0,"2700,00",1,0,1,202005,0,5,"2700,00"
202005,3,35,355030,J,6201501,1,212405,101,80,39,"40,00",1,1,0,1,20,0,0,0,"14500,00",10,0,1,202005,0,5,"14500,00"
202005,4,43,431490,J,6201501,1,317210,101,9,30,"36,00",3,1,0,1,20,0,0,0,"1400,00",8,0,1,202005,0,5,"1400,00"
202005,1,17,170210,J,6201501,1,212415,101,9,30,"44,00",3,1,0,1,20,0,0,0,"2500,00",5,0,1,202005,0,5,"2500,00"
202005,3,35,355030,J,6201501,-1,212405,101,9,42,"40,00",1,1,0,1,40,0,0,0,"12517,21",10,0,1,202005,0,5,"12517,21"
202005,3,35,355030,J,6201501,-1,212405,101,80,54,"40,00",1,1,0,1,40,0,0,0,"1675,56",6,0,1,202005,0,5,"1675,56"
202005,3,35,354990,J,6202300,-1,317110,101,9,23,"40,00",1,3,0,1,40,0,0,0,"2875,00",3,0,1,202005,0,5,"2875,00"
202005,3,31,317020,J,6204000,-1,212420,101,9,25,"40,00",1,1,0,1,40,0,0,0,"1500,00",5,0,1,202005,0,5,"1500,00"
202005,4,43,431410,J,6202300,1,317205,101,7,26,"44,00",6,1,0,1,20,0,0,0,"1300,00",2,0,1,202005,0,5,"1300,00"
202005,3,35,355030,J,6201501,-1,317110,101,9,29,"40,00",1,1,0,1,31,0,0,0,"2606,00",7,0,1,202005,0,5,"2606,00"
202005,4,42,420910,J,6202300,-1,212405,101,80,38,"42,00",1,3,0,1,31,0,0,0,"2080,58",7,0,1,202005,0,5,"2080,58"
202005,3,33,330455,J,6201501,-1,212405,101,9,41,"40,00",1,3,0,1,40,0,0,0,"6382,66",6,0,1,202005,0,5,"6382,66"
202005,3,35,354730,J,6204000,-1,212405,101,9,25,"40,00",3,1,0,1,31,0,0,0,"5766,00",9,0,1,202005,0,5,"5766,00"
202005,3,35,352690,J,6203100,-1,212420,101,5,43,"40,00",1,1,0,1,31,0,0,0,"2000,00",6,0,1,202005,0,5,"2000,00"
202005,5,53,530010,J,6204000,1,212410,101,80,41,"40,00",1,1,0,1,20,0,0,0,"4000,00",1,0,1,202005,0,5,"4000,00"
202005,3,35,352470,J,6201501,-1,317110,101,9,32,"40,00",3,1,0,1,40,0,0,0,"3273,68",10,0,1,202005,0,5,"3273,68"
202005,4,42,420240,J,6201501,-1,317210,101,8,25,"40,00",1,1,0,1,31,0,0,0,"2625,00",8,0,1,202005,0,5,"2625,00"
202005,2,23,230440,J,6201501,-1,212405,101,9,30,"44,00",3,1,0,1,40,0,0,0,"3800,00",8,0,1,202005,0,5,"3800,00"
202005,3,35,354730,J,6204000,-1,212420,101,5,23,"36,00",3,3,0,1,31,0,0,0,"1842,97",9,0,1,202005,0,5,"1842,97"
202005,3,35,354340,J,6201501,1,212420,101,9,25,"40,00",1,1,0,1,20,0,0,0,"1988,51",6,0,1,202005,0,5,"1988,51"
202005,5,53,530010,J,6201501,-1,212420,101,9,27,"36,00",3,3,0,1,32,0,0,0,"1102,81",10,0,1,202005,0,5,"1102,81"
202005,3,31,317020,J,6203100,1,212215,101,9,29,"40,00",1,3,0,1,20,0,0,0,"3500,00",8,0,1,202005,0,5,"3500,00"
202005,4,42,420460,J,6202300,1,317110,101,9,35,"44,00",1,1,0,1,20,0,0,0,"1745,88",4,0,1,202005,0,5,"1745,88"
202005,3,35,355030,J,6203100,-1,317210,101,9,49,"40,00",1,1,0,1,31,0,0,0,"1675,56",10,0,1,202005,0,5,"1675,56"
202005,3,33,330330,J,6201501,1,212405,101,80,52,"56,00",1,1,0,1,20,0,0,0,"10000,00",7,0,1,202005,0,5,"10000,00"
202005,3,35,355030,J,6204000,-1,212405,101,10,30,"40,00",3,1,0,1,40,0,0,0,"6742,45",8,0,1,202005,0,5,"6742,45"
202005,4,43,430850,J,6201501,1,317110,101,9,23,"44,00",1,1,0,1,20,0,0,0,"3500,00",5,0,1,202005,0,5,"3500,00"
202005,4,43,431490,J,6311900,-1,212420,101,8,36,"40,00",1,1,0,1,40,0,0,0,"7348,31",7,0,1,202005,0,5,"7348,31"
202005,3,35,352900,J,6209100,-1,317210,101,8,28,"44,00",3,1,0,1,31,0,0,0,"1350,00",4,0,1,202005,0,5,"1350,00"
202005,3,35,355030,J,6201501,1,142520,101,80,40,"40,00",3,1,0,1,20,0,0,0,"12600,34",10,0,1,202005,0,5,"12600,34"
202005,5,50,500270,J,6209100,-1,317205,101,9,58,"36,00",1,3,0,1,31,0,0,0,"1841,00",8,0,1,202005,0,5,"1841,00"
202005,1,15,150553,J,6204000,-1,212310,101,9,32,"40,00",3,1,0,1,31,0,0,0,"1540,23",5,0,1,202005,0,5,"1540,23"
202005,3,35,355030,J,6201501,-1,212405,101,80,33,"40,00",1,1,0,1,31,0,0,0,"7408,77",8,0,1,202005,0,5,"7408,77"
202005,2,22,221100,J,6202300,1,212420,101,9,25,"44,00",1,3,0,1,20,0,0,0,"1800,00",1,0,1,202005,0,5,"1800,00"
202005,3,35,355030,J,6204000,-1,317110,101,8,26,"40,00",2,1,0,1,31,0,0,0,"2800,00",10,0,1,202005,0,5,"2800,00"
202005,3,35,355030,J,6204000,1,212315,101,9,30,"40,00",3,1,0,1,20,0,0,0,"9500,00",3,0,1,202005,0,5,"9500,00"
202005,3,31,310620,J,6202300,1,212405,101,7,25,"44,00",6,1,0,1,20,0,0,0,"2300,00",3,0,1,202005,0,5,"2300,00"
202005,3,35,350570,J,6201501,1,212405,101,9,29,"40,00",1,1,0,1,20,0,0,0,"2600,00",8,0,1,202005,0,5,"2600,00"
202005,4,41,410690,J,6204000,-1,212405,101,9,30,"40,00",1,1,0,1,31,0,0,0,"7995,60",7,0,1,202005,0,5,"7995,60"
202005,3,35,355030,J,6209100,-1,212405,101,80,32,"40,00",3,1,0,1,40,0,0,0,"9000,00",8,0,1,202005,0,5,"9000,00"
202005,3,31,314480,J,6201501,1,212415,101,9,33,"44,00",6,1,0,1,20,0,0,0,"8000,00",5,0,1,202005,0,5,"8000,00"
202005,2,27,270430,J,6201501,-1,142530,101,10,33,"44,00",1,1,0,1,43,0,0,0,"6000,00",3,0,1,202005,0,5,"6000,00"
202005,3,31,310620,J,6201501,1,317105,101,9,26,"44,00",6,1,0,1,20,0,0,0,"3000,00",4,0,1,202005,0,5,"3000,00"
202005,3,33,330455,J,6209100,-1,212405,101,8,35,"44,00",3,1,0,1,31,0,0,9,"3994,00",5,0,1,202005,0,5,"3994,00"
202005,4,43,431490,J,6201501,1,317110,101,9,36,"44,00",1,1,0,1,20,0,0,0,"4750,00",8,0,1,202005,0,5,"4750,00"
202005,3,35,355030,J,6201501,1,212405,101,9,27,"40,00",1,3,0,1,20,0,0,0,"8000,00",10,0,1,202005,0,5,"8000,00"
202005,5,53,530010,J,6203100,1,212405,101,9,33,"40,00",6,1,0,1,20,0,0,0,"9193,21",7,0,1,202005,0,5,"9193,21"
202005,3,35,350570,J,6209100,-1,317110,101,9,34,"40,00",3,1,0,1,40,0,0,0,"8400,00",10,0,1,202005,0,5,"8400,00"
202005,3,35,355030,J,6204000,-1,212420,101,9,31,"40,00",3,1,0,1,31,0,0,0,"2550,00",4,0,1,202005,0,5,"2550,00"
202005,2,26,261160,J,6202300,1,317110,101,80,52,"40,00",3,1,0,1,20,0,0,0,"5020,84",8,0,1,202005,0,5,"5020,84"
202005,3,35,350950,J,6311900,1,212315,101,9,29,"44,00",1,1,0,1,20,0,0,9,"10700,00",1,0,1,202005,0,5,"10700,00"
202005,3,35,355030,J,6202300,-1,212405,101,9,28,"40,00",6,1,0,1,40,0,0,0,"5329,63",7,0,1,202005,0,5,"5329,63"
202005,3,32,320520,J,6209100,1,317110,101,7,37,"40,00",3,1,0,1,20,0,0,0,"1050,60",2,0,1,202005,0,5,"1050,60"
202005,4,41,412380,J,6201501,1,212420,101,6,24,"44,00",1,1,0,1,20,0,0,0,"2000,00",1,0,1,202005,0,5,"2000,00"
202005,3,31,310620,J,6201501,1,212405,101,9,29,"40,00",3,1,0,1,20,0,0,0,"9500,00",6,0,1,202005,0,5,"9500,00"
202005,2,23,230440,J,6201501,-1,317210,101,7,55,"40,00",3,1,0,1,31,0,0,0,"3070,57",1,0,1,202005,0,5,"3070,57"
202005,3,35,355030,J,6204000,-1,212420,101,8,38,"40,00",3,1,0,1,31,0,0,0,"1339,26",10,0,1,202005,0,5,"1339,26"
202005,4,43,430210,J,6202300,1,317210,101,8,24,"40,00",6,1,0,1,20,0,0,0,"1900,00",5,0,1,202005,0,5,"1900,00"
202005,3,35,355030,J,6204000,1,142520,101,9,47,"44,00",1,1,0,1,20,0,0,9,"14000,00",10,0,1,202005,0,5,"14000,00"
202005,3,35,355030,J,6204000,-1,212405,101,80,25,"44,00",1,1,0,1,40,0,0,9,"5958,56",10,0,1,202005,0,5,"5958,56"
202005,3,31,310620,J,6201501,1,212420,101,8,23,"40,00",1,3,0,1,20,0,0,0,"1693,27",9,0,1,202005,0,5,"1693,27"
202005,4,42,420910,J,6202300,-1,212420,101,8,22,"44,00",6,1,0,1,31,0,0,0,"6000,00",6,0,1,202005,0,5,"6000,00"
202005,3,35,355030,J,6201501,-1,212405,101,9,48,"44,00",1,1,0,1,40,0,0,0,"5813,00",6,0,1,202005,0,5,"5813,00"
202005,3,35,354890,J,6204000,-1,142510,101,80,46,"40,00",1,1,0,1,31,0,0,0,"11550,00",5,0,1,202005,0,5,"11550,00"
202005,3,35,355030,J,6204000,-1,212405,101,9,28,"40,00",1,1,0,1,31,0,0,0,"5851,44",7,0,1,202005,0,5,"5851,44"
202005,3,31,310620,J,6201501,1,212405,101,9,30,"44,00",3,1,0,1,20,0,0,0,"3000,00",8,0,1,202005,0,5,"3000,00"
202005,3,35,355030,J,6204000,1,212405,101,9,68,"40,00",3,1,0,1,20,0,0,0,"6000,00",10,0,1,202005,0,5,"6000,00"
202005,3,35,355030,J,6201501,1,212405,101,9,29,"40,00",3,1,0,1,20,0,0,0,"9000,00",3,0,1,202005,0,5,"9000,00"
202005,3,35,355030,J,6204000,-1,212405,101,9,28,"40,00",1,1,0,1,40,0,0,0,"2300,00",6,0,1,202005,0,5,"2300,00"
202005,3,32,320320,J,6311900,1,212405,101,7,25,"44,00",3,1,0,1,20,0,0,0,"1200,00",2,0,1,202005,0,5,"1200,00"
202005,3,33,330455,J,6201501,1,212420,101,9,41,"40,00",6,3,0,1,20,0,0,0,"2475,60",6,0,1,202005,0,5,"2475,60"
202005,5,53,530010,J,6201501,1,212405,101,9,33,"44,00",3,3,0,1,20,0,0,0,"4000,00",8,0,1,202005,0,5,"4000,00"
202005,2,23,230440,J,6204000,1,317210,101,9,22,"44,00",3,1,0,1,10,0,0,9,"1450,36",9,0,1,202005,0,5,"1450,36"
202005,4,42,420420,J,6202300,1,317210,101,8,19,"40,00",1,1,0,1,20,0,0,0,"1300,00",3,0,1,202005,0,5,"1300,00"
202005,3,35,355030,J,6201501,-1,212405,101,9,52,"40,00",6,1,0,1,31,0,0,0,"9000,00",7,0,1,202005,0,5,"9000,00"
202005,3,33,330455,J,6204000,1,212405,101,9,33,"40,00",6,1,0,1,20,0,0,0,"6738,03",6,0,1,202005,0,5,"6738,03"
202005,5,51,510340,J,6202300,-1,212420,101,9,37,"44,00",3,1,0,1,31,0,0,0,"2678,00",8,0,1,202005,0,5,"2678,00"
202005,3,35,355030,J,6202300,-1,212405,101,9,48,"40,00",1,1,0,1,31,0,0,0,"15214,50",7,0,1,202005,0,5,"15214,50"
202005,3,35,355030,J,6201501,1,212320,101,9,26,"40,00",3,1,0,1,20,0,0,0,"7240,10",9,0,1,202005,0,5,"7240,10"
202005,3,33,330455,J,6201501,-1,212405,101,9,40,"40,00",1,1,0,1,40,0,0,0,"9000,00",5,0,1,202005,0,5,"9000,00"
202005,2,29,292740,J,6204000,-1,212405,101,9,35,"44,00",3,1,0,1,31,0,0,0,"3197,87",9,0,1,202005,0,5,"3197,87"
202005,3,33,330240,J,6201501,1,212405,101,9,28,"40,00",3,3,0,1,20,0,0,0,"8000,00",9,0,1,202005,0,5,"8000,00"
202005,2,26,261160,J,6202300,1,212420,101,7,23,"44,00",1,1,0,1,20,0,0,0,"1446,00",4,0,1,202005,0,5,"1446,00"
202005,3,35,355030,J,6201501,-1,212405,101,9,29,"40,00",1,1,0,1,40,0,0,0,"5269,47",10,0,1,202005,0,5,"5269,47"
202005,3,35,355030,J,6202300,1,317110,101,8,23,"40,00",2,1,0,1,20,0,0,0,"1675,57",6,0,1,202005,0,5,"1675,57"
202005,3,35,355030,J,6202300,-1,212420,101,7,35,"40,00",2,3,0,1,31,0,0,0,"1750,00",5,0,1,202005,0,5,"1750,00"
202005,3,35,355030,J,6204000,-1,212420,101,9,34,"40,00",2,1,0,1,31,0,0,0,"8358,40",6,0,1,202005,0,5,"8358,40"
202005,3,31,310620,J,6204000,-1,142510,101,9,44,"44,00",1,1,0,1,40,0,0,0,"14382,66",5,0,1,202005,0,5,"14382,66"
202005,3,35,355030,J,6201501,-1,212410,101,8,36,"40,00",3,1,0,1,31,0,0,0,"5579,10",10,0,1,202005,0,5,"5579,10"
202005,3,35,350950,J,6201501,1,317110,101,8,20,"30,00",1,3,0,1,10,0,0,0,"3051,00",8,0,1,202005,0,5,"3051,00"
202005,4,43,431490,J,6201501,1,317110,101,8,34,"44,00",1,1,0,1,20,0,0,0,"2500,00",2,0,1,202005,0,5,"2500,00"
202005,3,35,355030,J,6209100,1,212305,101,9,36,"40,00",1,1,0,1,20,0,0,0,"10000,00",5,0,1,202005,0,5,"10000,00"
202005,3,35,355030,J,6204000,-1,212405,101,8,22,"40,00",1,1,0,1,40,0,0,0,"3500,00",10,0,1,202005,0,5,"3500,00"
202005,3,35,355030,J,6202300,1,212405,101,9,22,"40,00",1,1,0,1,20,0,0,0,"4450,00",6,0,1,202005,0,5,"4450,00"
202005,3,35,355030,J,6311900,-1,212420,101,8,33,"40,00",1,1,0,1,40,0,0,0,"3910,14",9,0,1,202005,0,5,"3910,14"
202005,4,42,420900,J,6209100,-1,317110,101,9,20,"44,00",1,1,0,1,40,0,0,0,"2500,00",6,0,1,202005,0,5,"2500,00"
202005,4,41,410140,J,6209100,1,212420,101,8,23,"44,00",1,1,0,1,20,0,0,0,"1355,20",6,0,1,202005,0,5,"1355,20"
202005,4,41,410690,J,6204000,-1,212405,101,9,32,"40,00",1,3,0,1,31,0,0,0,"6000,00",7,0,1,202005,0,5,"6000,00"
202005,3,35,350570,J,6311900,-1,212420,101,9,25,"40,00",3,1,0,1,40,0,0,0,"6384,00",5,0,1,202005,0,5,"6384,00"
202005,3,35,350570,J,6209100,-1,212410,101,9,39,"44,00",1,3,0,1,31,0,0,0,"2834,64",2,0,1,202005,0,5,"2834,64"
202005,3,35,352900,J,6209100,1,317210,101,8,19,"40,00",1,1,0,1,20,0,0,0,"1675,57",5,0,1,202005,0,5,"1675,57"
202005,3,31,310620,J,6204000,1,212405,101,9,40,"40,00",1,1,0,1,20,0,0,0,"8400,00",7,0,1,202005,0,5,"8400,00"
202005,4,42,420540,J,6203100,-1,317210,101,7,30,"44,00",6,1,0,1,40,0,0,0,"3217,00",4,0,1,202005,0,5,"3217,00"
202005,3,31,310400,J,6209100,-1,212420,101,7,21,"44,00",6,1,0,1,40,0,0,0,"1487,37",2,0,1,202005,0,5,"1487,37"
202005,3,35,355030,J,6209100,-1,212420,101,9,39,"40,00",3,1,0,1,31,0,0,0,"8000,00",5,0,1,202005,0,5,"8000,00"
202005,3,35,355030,J,6204000,1,142520,101,10,41,"40,00",1,1,0,1,10,0,0,0,"19000,00",9,0,1,202005,0,5,"19000,00"
202005,3,35,350570,J,6201501,1,212405,101,9,54,"40,00",1,1,0,1,20,0,0,0,"3000,00",8,0,1,202005,0,5,"3000,00"
202005,4,43,431560,J,6311900,-1,317110,101,7,20,"44,00",1,1,0,1,31,0,0,0,"1600,00",2,0,1,202005,0,5,"1600,00"
202005,3,35,355030,J,6204000,1,317205,101,9,50,"44,00",1,1,0,1,20,0,0,0,"1100,00",6,0,1,202005,0,5,"1100,00"
202005,4,41,411990,J,6201501,1,317105,101,8,20,"44,00",6,1,0,1,20,0,0,0,"1143,00",3,0,1,202005,0,5,"1143,00"
202005,3,35,355030,J,6203100,-1,212420,101,7,28,"40,00",1,1,0,1,40,0,0,0,"1734,00",10,0,1,202005,0,5,"1734,00"
202005,2,25,250750,J,6209100,-1,317210,101,7,21,"44,00",3,1,0,1,31,0,0,0,"1072,05",2,0,1,202005,0,5,"1072,05"
202005,3,35,350570,J,6201501,-1,212405,101,9,32,"40,00",1,1,0,1,31,0,0,0,"1507,00",8,0,1,202005,0,5,"1507,00"
202005,3,35,355030,J,6311900,1,212215,101,9,45,"40,00",1,1,0,1,20,0,0,0,"17667,00",1,0,1,202005,0,5,"17667,00"
202005,4,43,431490,J,6209100,-1,212410,101,7,28,"44,00",1,1,0,1,40,0,0,0,"3500,00",8,0,1,202005,0,5,"3500,00"
202005,5,53,530010,J,6201501,-1,317110,101,9,27,"40,00",3,1,0,1,40,0,0,0,"2000,00",10,0,1,202005,0,5,"2000,00"
202005,3,35,355030,J,6311900,1,317110,101,9,25,"40,00",4,1,0,1,20,0,0,0,"6000,00",4,0,1,202005,0,5,"6000,00"
202005,3,31,310620,J,6201501,1,212405,101,9,37,"40,00",3,1,0,1,20,0,0,0,"7500,00",6,0,1,202005,0,5,"7500,00"
202005,3,35,355030,J,6209100,1,212405,101,9,40,"40,00",1,1,0,1,20,0,0,0,"9000,00",6,0,1,202005,0,5,"9000,00"
202005,3,35,354870,J,6204000,1,142520,101,9,58,"40,00",1,1,0,1,20,0,0,0,"23000,00",10,0,1,202005,0,5,"23000,00"
202005,4,43,431140,J,6202300,-1,212215,101,9,38,"36,00",6,3,0,1,31,0,0,0,"3276,00",5,0,1,202005,0,5,"3276,00"
202005,3,31,310620,J,6204000,1,212420,101,9,28,"40,00",1,1,0,1,20,0,0,0,"1741,38",7,0,1,202005,0,5,"1741,38"
202005,4,42,421580,J,6202300,-1,317110,101,7,21,"40,00",6,1,0,1,43,0,0,0,"1500,00",1,0,1,202005,0,5,"1500,00"
202005,3,35,355030,J,6204000,1,142520,101,9,37,"44,00",1,1,0,1,20,0,0,9,"21500,00",10,0,1,202005,0,5,"21500,00"
202005,3,33,330455,J,6201501,1,212405,101,8,22,"40,00",1,1,0,1,10,0,0,0,"5620,29",6,0,1,202005,0,5,"5620,29"
202005,3,35,355030,J,6204000,1,212410,101,9,27,"40,00",1,3,0,1,20,0,0,0,"4500,00",6,0,1,202005,0,5,"4500,00"
202005,4,42,420280,J,6203100,-1,317210,101,9,22,"42,30",2,1,0,1,40,0,0,0,"1750,00",4,0,1,202005,0,5,"1750,00"
202005,3,32,320520,J,6204000,-1,212405,101,7,23,"46,50",1,3,0,1,31,0,0,0,"2101,40",3,0,1,202005,0,5,"2101,40"
202005,4,41,411370,J,6209100,1,212405,101,9,33,"40,00",1,3,0,1,20,0,0,0,"4200,00",8,0,1,202005,0,5,"4200,00"
202005,3,35,355030,J,6201501,-1,212405,101,9,53,"40,00",1,1,0,1,40,0,0,0,"9000,00",10,0,1,202005,0,5,"9000,00"
202005,4,41,410480,J,6201501,1,212405,101,9,26,"44,00",3,3,0,1,20,0,0,0,"2318,85",7,0,1,202005,0,5,"2318,85"
202005,3,35,355030,J,6201501,-1,317110,101,9,36,"40,00",1,1,0,1,40,0,0,0,"4565,70",10,0,1,202005,0,5,"4565,70"
202005,3,35,355030,J,6203100,-1,212420,101,9,36,"40,00",3,1,0,1,31,0,0,0,"4538,70",7,0,1,202005,0,5,"4538,70"
202005,3,35,355500,J,6209100,-1,317110,101,9,23,"40,00",3,1,0,1,31,0,0,0,"2083,57",3,0,1,202005,0,5,"2083,57"
202005,3,35,355030,J,6201501,1,212405,101,80,36,"40,00",3,1,0,1,20,0,0,0,"10200,00",9,0,1,202005,0,5,"10200,00"
202005,3,35,355030,J,6202300,-1,142520,101,7,48,"40,00",6,1,0,1,31,0,0,0,"5346,37",5,0,1,202005,0,5,"5346,37"
202005,3,35,355030,J,6203100,1,142515,101,80,42,"40,00",3,3,0,1,20,0,0,0,"23000,00",7,0,1,202005,0,5,"23000,00"
202005,3,35,355030,J,6201501,-1,212405,101,1,43,"40,00",1,3,0,1,31,0,0,0,"5628,15",10,0,1,202005,0,5,"5628,15"
202005,3,33,330330,J,6204000,1,317205,101,7,36,"36,00",1,1,0,1,20,0,0,0,"1198,00",5,0,1,202005,0,5,"1198,00"
202005,3,31,310620,J,6203100,1,212305,101,8,26,"44,00",3,1,0,1,20,0,0,0,"2830,97",7,0,1,202005,0,5,"2830,97"
202005,2,23,230350,J,6203100,1,317110,101,80,43,"44,00",1,1,0,1,20,0,0,0,"3300,00",5,0,1,202005,0,5,"3300,00"
202005,3,35,350320,J,6204000,1,212405,101,9,23,"40,00",1,1,0,1,20,0,0,0,"3608,03",8,0,1,202005,0,5,"3608,03"
202005,3,35,355030,J,6202300,1,212405,101,8,40,"40,00",1,1,0,1,20,0,0,0,"16000,00",9,0,1,202005,0,5,"16000,00"
202005,3,35,355030,J,6203100,1,212420,101,9,36,"40,00",1,3,0,1,20,0,0,0,"1700,00",7,0,1,202005,0,5,"1700,00"
202005,5,50,500270,J,6203100,1,317205,101,7,24,"40,00",6,3,0,1,20,0,0,0,"1180,00",9,0,1,202005,0,5,"1180,00"
202005,3,31,314790,J,6202300,1,317110,101,9,40,"44,00",6,1,0,1,20,0,0,0,"3000,00",5,0,1,202005,0,5,"3000,00"
202005,3,35,355220,J,6311900,-1,317110,101,9,29,"42,00",1,1,0,1,31,0,0,0,"2750,00",3,0,1,202005,0,5,"2750,00"
202005,3,35,354870,J,6311900,-1,212420,101,7,34,"40,00",1,1,0,1,40,0,0,0,"1700,00",6,0,1,202005,0,5,"1700,00"
202005,3,31,310620,J,6203100,-1,212405,101,9,39,"42,50",6,1,0,1,40,0,0,0,"3016,50",4,0,1,202005,0,5,"3016,50"
202005,3,35,350320,J,6204000,1,212405,101,8,27,"40,00",2,1,0,1,20,0,0,0,"5299,72",8,0,1,202005,0,5,"5299,72"
202005,3,35,355030,J,6202300,1,212405,101,9,30,"44,00",1,1,0,1,20,0,0,0,"6180,00",7,0,1,202005,0,5,"6180,00"
202005,4,42,420460,J,6202300,-1,317110,101,7,23,"44,00",6,3,0,1,31,0,0,0,"1375,50",3,0,1,202005,0,5,"1375,50"
202005,4,42,420540,J,6311900,-1,317205,101,8,27,"44,00",6,3,0,1,31,0,0,0,"1646,93",2,0,1,202005,0,5,"1646,93"
202005,3,35,355030,J,6204000,-1,212405,101,9,45,"40,00",1,3,0,1,31,0,0,0,"5796,46",10,0,1,202005,0,5,"5796,46"
202005,4,43,431870,J,6204000,1,212405,101,8,20,"40,00",1,1,0,1,20,0,0,0,"6758,00",10,0,1,202005,0,5,"6758,00"
202005,3,35,355030,J,6201501,-1,317110,101,9,32,"40,00",1,1,0,1,40,0,0,0,"3321,92",6,0,1,202005,0,5,"3321,92"
202005,3,35,355030,J,6201501,-1,142520,101,80,55,"40,00",1,1,0,1,31,0,0,0,"13009,13",10,0,1,202005,0,5,"13009,13"
202005,3,35,355030,J,6201501,-1,317110,101,9,37,"40,00",6,1,0,1,31,0,0,0,"12500,00",9,0,1,202005,0,5,"12500,00"
202005,3,35,355030,J,6204000,1,212405,101,8,27,"44,00",1,1,0,1,20,0,0,9,"4000,00",10,0,1,202005,0,5,"4000,00"
202005,3,35,355030,J,6202300,-1,212420,101,7,31,"44,00",1,3,0,1,31,0,0,9,"1850,00",2,0,1,202005,0,5,"1850,00"
202005,3,35,355030,J,6202300,1,212405,101,9,51,"40,00",4,1,0,1,20,0,0,0,"7100,00",6,0,1,202005,0,5,"7100,00"
202005,3,31,310620,J,6204000,1,212420,101,6,18,"44,00",1,1,0,1,20,0,0,0,"1539,43",6,0,1,202005,0,5,"1539,43"
202005,3,31,310620,J,6201501,1,212420,101,7,33,"40,00",2,3,0,1,20,0,0,0,"1693,27",9,0,1,202005,0,5,"1693,27"
202005,3,35,355030,J,6311900,-1,317210,101,7,43,"40,00",3,1,0,1,40,0,0,0,"1620,00",9,0,1,202005,0,5,"1620,00"
202005,3,35,355030,J,6201501,-1,212405,101,9,65,"40,00",1,1,0,1,31,0,0,0,"1681,00",5,0,1,202005,0,5,"1681,00"
202005,3,35,355030,J,6203100,1,317210,101,9,40,"40,00",1,1,0,1,20,0,0,0,"7000,00",6,0,1,202005,0,5,"7000,00"
202005,3,31,310620,J,6203100,-1,142510,101,9,51,"44,00",1,1,0,1,31,0,0,0,"12795,50",7,0,1,202005,0,5,"12795,50"
202005,3,35,350570,J,6203100,1,317205,101,9,42,"36,00",3,1,0,1,20,0,0,0,"1800,00",7,0,1,202005,0,5,"1800,00"
202005,3,35,355030,J,6311900,1,212205,101,80,39,"48,00",1,1,0,1,20,0,0,0,"44230,77",7,0,1,202005,0,5,"44230,77"
202005,3,31,310620,J,6204000,-1,142510,101,8,23,"40,00",1,1,0,1,31,0,0,0,"5895,49",6,0,1,202005,0,5,"5895,49"
202005,5,52,520870,J,6201501,-1,212405,101,7,28,"44,00",3,1,0,1,31,0,0,0,"1645,00",5,0,1,202005,0,5,"1645,00"
202005,3,35,355030,J,6201501,-1,212405,101,9,36,"40,00",1,1,0,1,31,0,0,0,"1681,00",5,0,1,202005,0,5,"1681,00"
202005,4,41,410690,J,6204000,-1,212405,101,80,51,"40,00",1,1,0,1,31,0,0,0,"4159,54",7,0,1,202005,0,5,"4159,54"
202005,4,42,420290,J,6204000,-1,317210,101,9,31,"42,30",3,1,0,1,40,0,0,0,"1628,58",5,0,1,202005,0,5,"1628,58"
202005,3,31,310620,J,6204000,-1,212405,101,9,42,"40,00",1,1,0,1,31,0,0,0,"4693,71",10,0,1,202005,0,5,"4693,71"
202005,3,35,355030,J,6204000,1,212405,101,7,24,"40,00",3,1,0,1,20,0,0,0,"10000,00",10,0,1,202005,0,5,"10000,00"
202005,4,42,420240,J,6203100,-1,317110,101,7,30,"44,00",6,1,0,1,40,0,0,0,"4446,34",9,0,1,202005,0,5,"4446,34"
202005,3,35,355030,J,6202300,1,142525,101,9,33,"40,00",1,1,0,1,20,0,0,0,"14000,00",4,0,1,202005,0,5,"14000,00"
202005,3,35,355030,J,6202300,1,212405,101,9,26,"36,67",6,1,0,1,20,0,0,0,"7700,00",1,0,1,202005,0,5,"7700,00"
202005,5,53,530010,J,6201501,-1,212405,101,9,38,"40,00",3,1,0,1,31,0,0,0,"6033,00",10,0,1,202005,0,5,"6033,00"
202005,3,33,330455,J,6201501,1,212420,101,9,55,"40,00",1,1,0,1,20,0,0,0,"4300,00",6,0,1,202005,0,5,"4300,00"
202005,3,35,355030,J,6311900,-1,212420,101,9,22,"40,00",3,1,0,1,31,0,0,0,"1699,00",9,0,1,202005,0,5,"1699,00"
202005,4,43,431490,J,6202300,-1,212305,101,9,38,"40,00",1,1,0,1,31,0,0,0,"8046,07",6,0,1,202005,0,5,"8046,07"
202005,3,35,355030,J,6203100,1,212205,101,9,37,"44,00",3,1,0,1,20,0,0,9,"18000,00",1,0,1,202005,0,5,"18000,00"
202005,3,31,310620,J,6209100,-1,317210,101,8,30,"40,00",1,1,0,1,40,0,0,0,"2364,88",7,0,1,202005,0,5,"2364,88"
202005,5,52,520870,J,6203100,-1,212315,101,9,38,"44,00",1,1,0,1,31,0,0,9,"2000,00",6,0,1,202005,0,5,"2000,00"
202005,3,35,355030,J,6201501,-1,212405,101,9,30,"40,00",3,1,0,1,40,0,0,0,"4181,00",9,0,1,202005,0,5,"4181,00"
202005,4,43,431490,J,6204000,-1,212410,101,8,34,"44,00",1,3,0,1,31,0,0,0,"2707,42",7,0,1,202005,0,5,"2707,42"
202005,3,35,355030,J,6204000,1,212405,101,9,32,"40,00",1,3,0,1,20,0,0,0,"9000,00",10,0,1,202005,0,5,"9000,00"
202005,3,31,317020,J,6204000,1,317110,101,8,26,"40,00",3,3,0,1,20,0,0,0,"1464,19",8,0,1,202005,0,5,"1464,19"
202005,2,26,261160,J,6311900,-1,317210,101,9,30,"40,00",1,1,0,1,31,0,0,0,"1652,57",7,0,1,202005,0,5,"1652,57"
202005,4,42,420140,J,6202300,1,317210,101,7,33,"44,00",6,1,0,1,20,0,0,0,"2000,00",3,0,1,202005,0,5,"2000,00"
202005,3,35,355030,J,6201501,-1,317110,101,9,24,"40,00",1,1,0,1,31,0,0,0,"2606,37",7,0,1,202005,0,5,"2606,37"
202005,4,42,420540,J,6203100,1,317110,101,8,22,"40,00",1,1,0,1,20,0,0,0,"2300,00",2,0,1,202005,0,5,"2300,00"
202005,4,43,431490,J,6202300,-1,142520,101,9,31,"40,00",6,3,0,1,31,0,0,0,"5019,49",5,0,1,202005,0,5,"5019,49"
202005,3,33,330455,J,6209100,-1,212405,101,9,40,"40,00",3,1,0,1,43,0,0,0,"15000,00",2,0,1,202005,0,5,"15000,00"
202005,3,35,355030,J,6204000,-1,212420,101,9,25,"40,00",1,3,0,1,40,0,0,0,"3800,00",6,0,1,202005,0,5,"3800,00"
202005,3,35,355030,J,6204000,-1,212420,101,9,25,"40,00",1,1,0,1,31,0,0,0,"1735,55",10,0,1,202005,0,5,"1735,55"
202005,4,42,420240,J,6204000,1,212405,101,9,48,"44,00",6,3,0,1,20,0,0,0,"7246,86",5,0,1,202005,0,5,"7246,86"
202005,3,35,350450,J,6201501,1,317110,101,7,18,"44,00",1,1,0,1,20,0,0,0,"1500,00",3,0,1,202005,0,5,"1500,00"
202005,3,35,355030,J,6209100,-1,317110,101,80,31,"39,00",2,1,0,1,31,0,0,0,"2523,55",5,0,1,202005,0,5,"2523,55"
202005,4,41,410480,J,6202300,1,212420,101,9,37,"44,00",6,1,0,1,20,0,0,0,"1700,00",1,0,1,202005,0,5,"1700,00"
202005,3,35,355030,J,6202300,1,142525,101,9,35,"40,00",1,1,0,1,20,0,0,0,"14000,00",5,0,1,202005,0,5,"14000,00"
202005,2,23,230440,J,6201501,-1,212405,101,8,28,"40,00",1,1,0,1,31,0,0,0,"1917,00",7,0,1,202005,0,5,"1917,00"
202005,3,35,355030,J,6204000,-1,212420,101,9,47,"40,00",3,1,0,1,31,0,0,0,"1610,79",10,0,1,202005,0,5,"1610,79"
202005,4,42,421580,J,6209100,-1,317210,101,7,25,"44,00",6,3,0,1,31,0,0,0,"1370,00",3,0,1,202005,0,5,"1370,00"
202005,3,35,355030,J,6201501,-1,142520,101,80,51,"40,00",3,1,0,1,31,0,0,0,"14560,00",6,0,1,202005,0,5,"14560,00"
202005,3,35,350570,J,6201501,1,212415,101,80,37,"40,00",1,1,0,1,20,0,0,0,"2606,73",7,0,1,202005,0,5,"2606,73"
202005,4,41,411520,J,6203100,1,317110,101,9,23,"40,00",6,1,0,1,20,0,0,0,"2000,00",6,0,1,202005,0,5,"2000,00"
202005,4,41,410690,J,6201501,1,212405,101,8,25,"40,00",1,1,0,1,20,0,0,0,"5200,00",6,0,1,202005,0,5,"5200,00"
202005,3,35,350570,J,6204000,1,212405,101,9,29,"40,00",6,1,0,1,20,0,0,0,"7000,00",9,0,1,202005,0,5,"7000,00"
202005,3,35,355030,J,6201501,-1,212420,101,9,36,"40,00",1,1,0,1,31,0,0,0,"1757,28",6,0,1,202005,0,5,"1757,28"
202005,3,35,355030,J,6204000,-1,212405,101,8,21,"40,00",1,1,0,1,40,0,0,0,"4278,00",10,0,1,202005,0,5,"4278,00"
202005,5,52,520870,J,6203100,-1,212405,101,9,24,"44,00",3,1,0,1,40,0,0,0,"2800,00",7,0,1,202005,0,5,"2800,00"
202005,3,35,355030,J,6201501,-1,212405,101,9,29,"40,00",1,1,0,1,31,0,0,0,"2110,00",8,0,1,202005,0,5,"2110,00"
202005,3,31,313130,J,6202300,-1,212415,101,9,40,"44,00",6,1,0,1,40,0,0,0,"1760,00",5,0,1,202005,0,5,"1760,00"
202005,2,26,261160,J,6311900,-1,317210,101,8,39,"40,00",3,1,0,1,31,0,0,0,"1652,57",7,0,1,202005,0,5,"1652,57"
202005,5,53,530010,J,6311900,-1,212410,101,7,28,"44,00",6,1,0,1,31,0,0,0,"2938,32",1,0,1,202005,0,5,"2938,32"
202005,3,33,330455,J,6201501,1,212405,101,7,30,"40,00",3,1,0,1,20,0,0,0,"4000,00",9,0,1,202005,0,5,"4000,00"
202005,3,32,320520,J,6201501,1,317110,101,8,24,"40,00",2,1,0,1,10,0,0,0,"2200,00",3,0,1,202005,0,5,"2200,00"
202005,3,31,312510,J,6209100,-1,317205,101,7,41,"44,00",1,1,0,1,31,0,0,0,"1500,00",2,0,1,202005,0,5,"1500,00"
202005,3,31,310620,J,6204000,1,212420,101,7,27,"40,00",1,1,0,1,20,0,0,0,"2100,00",7,0,1,202005,0,5,"2100,00"
202005,3,35,354730,J,6204000,-1,142520,101,8,55,"40,00",1,1,0,1,31,0,0,0,"8475,65",9,0,1,202005,0,5,"8475,65"
202005,4,41,411520,J,6209100,1,212405,101,9,23,"40,00",1,3,0,1,20,0,0,0,"3172,00",7,0,1,202005,0,5,"3172,00"
202005,3,35,350950,J,6204000,-1,212215,101,9,49,"40,00",1,1,0,1,40,0,0,0,"1675,66",3,0,1,202005,0,5,"1675,66"
202005,4,41,410690,J,6203100,-1,212405,101,9,33,"40,00",1,1,0,1,40,0,0,0,"8500,00",8,0,1,202005,0,5,"8500,00"
202005,4,42,420910,J,6201501,-1,212405,101,9,25,"42,50",6,1,0,1,31,0,0,0,"5646,67",7,0,1,202005,0,5,"5646,67"
202005,3,35,355030,J,6203100,-1,317110,101,9,21,"40,00",1,3,0,1,40,0,0,0,"4816,20",9,0,1,202005,0,5,"4816,20"
202005,2,26,261160,J,6202300,1,212205,101,9,33,"40,00",1,1,0,1,20,0,0,0,"2131,56",6,0,1,202005,0,5,"2131,56"
202005,3,35,354980,J,6209100,1,212405,101,9,30,"40,00",1,1,0,1,20,0,0,0,"5287,00",7,0,1,202005,0,5,"5287,00"
202005,4,41,411850,J,6209100,-1,212420,101,9,25,"44,00",1,3,0,1,40,0,0,0,"1403,60",5,0,1,202005,0,5,"1403,60"
202005,3,35,355030,J,6209100,-1,212420,101,8,26,"40,00",3,1,0,1,40,0,0,0,"2175,00",6,0,1,202005,0,5,"2175,00"
202005,3,35,350950,J,6201501,-1,212405,101,9,28,"40,00",1,1,0,1,40,0,0,0,"5384,92",7,0,1,202005,0,5,"5384,92"
202005,3,35,355030,J,6201501,1,212405,101,8,34,"40,00",2,1,0,1,20,0,0,0,"7000,00",10,0,1,202005,0,5,"7000,00"
202005,3,35,355030,J,6209100,-1,142520,101,80,52,"40,00",1,1,0,1,31,0,0,0,"10500,00",7,0,1,202005,0,5,"10500,00"
202005,4,43,431870,J,6204000,1,212405,101,8,23,"40,00",1,3,0,1,20,0,0,0,"6758,00",10,0,1,202005,0,5,"6758,00"
202005,3,35,355030,J,6204000,-1,212420,101,7,30,"40,00",1,1,0,1,43,0,0,0,"2000,00",3,0,1,202005,0,5,"2000,00"
202005,3,35,350320,J,6202300,-1,212410,101,8,28,"40,00",1,1,0,1,40,0,0,0,"2938,45",6,0,1,202005,0,5,"2938,45"
202005,5,53,530010,J,6201501,1,212205,101,9,44,"40,00",1,1,0,1,20,0,0,0,"9500,00",7,0,1,202005,0,5,"9500,00"
202005,5,53,530010,J,6201501,-1,317110,101,80,45,"44,00",3,1,0,1,31,0,0,0,"3000,00",8,0,1,202005,0,5,"3000,00"
202005,2,23,230440,J,6203100,-1,317110,101,8,27,"44,00",2,1,0,1,40,0,0,0,"2900,00",2,0,1,202005,0,5,"2900,00"
202005,2,26,260960,J,6202300,1,317110,101,9,31,"40,00",3,1,0,1,20,0,0,0,"5400,00",4,0,1,202005,0,5,"5400,00"
202005,4,41,410690,J,6204000,1,212405,101,9,29,"40,00",1,1,0,1,20,0,0,0,"1832,00",7,0,1,202005,0,5,"1832,00"
202005,4,43,431490,J,6204000,1,317110,101,8,24,"42,50",1,1,0,1,20,0,0,0,"1982,00",7,0,1,202005,0,5,"1982,00"
202005,3,35,354870,J,6311900,1,212420,101,9,39,"40,00",2,1,0,1,20,0,0,0,"1700,00",6,0,1,202005,0,5,"1700,00"
202005,3,35,355030,J,6204000,-1,212315,101,9,47,"40,00",1,3,0,1,31,0,0,0,"8000,00",7,0,1,202005,0,5,"8000,00"
202005,3,35,350570,J,6209100,-1,212405,101,9,34,"40,00",1,1,0,1,40,0,0,0,"11853,64",7,0,1,202005,0,5,"11853,64"
202005,3,35,355030,J,6209100,-1,212420,101,7,26,"40,00",3,3,0,1,31,0,0,0,"1657,09",8,0,1,202005,0,5,"1657,09"
202005,4,41,410690,J,6204000,1,212405,101,9,30,"40,00",1,3,0,1,20,0,0,0,"2300,00",7,0,1,202005,0,5,"2300,00"
202005,3,35,350570,J,6311900,1,212405,101,9,36,"40,00",1,1,0,1,20,0,0,0,"8151,00",1,0,1,202005,0,5,"8151,00"
202005,3,35,355030,J,6201501,-1,212410,101,80,33,"40,00",1,3,0,1,40,0,0,0,"7577,14",10,0,1,202005,0,5,"7577,14"
202005,3,35,355030,J,6203100,-1,317210,101,8,25,"40,00",1,1,0,1,40,0,0,0,"4635,00",10,0,1,202005,0,5,"4635,00"
202005,3,35,355030,J,6201501,1,212405,101,9,34,"40,00",3,1,0,1,20,0,0,0,"12500,00",8,0,1,202005,0,5,"12500,00"
202005,3,35,354780,J,6209100,-1,317210,101,8,22,"30,00",1,1,0,1,40,0,0,0,"2700,00",5,0,1,202005,0,5,"2700,00"
202005,3,35,350950,J,6204000,-1,142520,101,9,42,"40,00",1,1,0,1,31,0,0,0,"10028,58",10,0,1,202005,0,5,"10028,58"
202005,3,35,355030,J,6201501,-1,212405,101,8,34,"40,00",1,1,0,1,31,0,0,0,"3811,39",9,0,1,202005,0,5,"3811,39"
202005,3,35,355030,J,6201501,-1,212405,101,9,30,"40,00",6,3,0,1,31,0,0,0,"3551,10",10,0,1,202005,0,5,"3551,10"
202005,3,35,355030,J,6209100,-1,142530,101,80,40,"40,00",1,1,0,1,40,0,0,0,"8500,00",5,0,1,202005,0,5,"8500,00"
202005,5,53,530010,J,6203100,1,212405,101,9,32,"40,00",6,1,0,1,20,0,0,0,"2750,00",7,0,1,202005,0,5,"2750,00"
202005,3,32,320520,J,6209100,1,317110,101,9,21,"40,00",3,1,0,1,20,0,0,0,"1050,60",2,0,1,202005,0,5,"1050,60"
202005,5,53,530010,J,6209100,-1,142520,101,80,50,"44,00",3,3,0,1,90,0,0,0,"8945,03",6,0,1,202005,0,5,"8945,03"
202005,2,26,261160,J,6204000,1,317110,101,8,25,"40,00",1,1,0,1,20,0,0,0,"5687,88",9,0,1,202005,0,5,"5687,88"
202005,2,26,261160,J,6201501,-1,212405,101,9,27,"40,00",6,1,0,1,40,0,0,0,"4323,44",8,0,1,202005,0,5,"4323,44"
202005,3,35,355030,J,6311900,-1,317205,101,9,42,"40,00",4,1,0,1,40,0,0,0,"5331,54",9,0,1,202005,0,5,"5331,54"
202005,5,53,530010,J,6204000,-1,212420,101,9,41,"40,00",1,1,0,1,40,0,0,0,"10000,00",7,0,1,202005,0,5,"10000,00"
202005,4,41,410690,J,6201501,1,212405,101,9,23,"40,00",1,1,0,1,20,0,0,0,"3769,00",1,0,1,202005,0,5,"3769,00"
202005,3,35,355030,J,6204000,1,212405,101,9,35,"44,00",3,1,0,1,20,0,0,9,"7000,00",10,0,1,202005,0,5,"7000,00"
202005,3,31,317020,J,6201501,1,212410,101,9,31,"44,00",1,1,0,1,20,0,0,0,"16000,00",8,0,1,202005,0,5,"16000,00"
202005,3,33,330455,J,6201501,-1,317210,101,7,40,"40,00",3,1,0,1,31,0,0,0,"1381,44",9,0,1,202005,0,5,"1381,44"
202005,4,43,430545,J,6203100,-1,212420,101,7,29,"44,00",6,1,0,1,40,0,0,0,"1870,00",4,0,1,202005,0,5,"1870,00"
202005,3,35,355030,J,6204000,-1,212405,101,9,33,"40,00",1,1,0,1,31,0,0,0,"13582,40",7,0,1,202005,0,5,"13582,40"
202005,3,33,330455,J,6209100,1,212405,101,9,40,"40,00",3,1,0,1,20,0,0,0,"3000,00",8,0,1,202005,0,5,"3000,00"
202005,5,53,530010,J,6204000,-1,142520,101,9,42,"40,00",6,1,0,1,31,0,0,0,"7870,50",7,0,1,202005,0,5,"7870,50"
202005,3,35,355030,J,6204000,1,212405,101,9,20,"40,00",1,3,0,1,20,0,0,0,"2500,00",2,0,1,202005,0,5,"2500,00"
202005,3,35,355030,J,6209100,-1,212420,101,7,34,"40,00",3,1,0,1,43,0,0,0,"5000,00",7,0,1,202005,0,5,"5000,00"
202005,3,35,354990,J,6311900,-1,317210,101,7,41,"40,00",1,1,0,1,31,0,0,0,"1675,56",8,0,1,202005,0,5,"1675,56"
202005,3,35,350570,J,6204000,1,317110,101,8,41,"40,00",6,3,0,1,20,0,0,0,"7500,00",9,0,1,202005,0,5,"7500,00"
202005,2,23,230440,J,6203100,1,317210,101,8,21,"40,00",3,3,0,1,20,0,0,0,"1625,21",8,0,1,202005,0,5,"1625,21"
202005,2,26,261160,J,6204000,-1,212420,101,9,41,"40,00",3,1,0,1,31,0,0,0,"1341,06",6,0,1,202005,0,5,"1341,06"
202005,3,35,355030,J,6201501,-1,142515,101,9,60,"40,00",1,1,0,1,31,0,0,0,"14462,14",10,0,1,202005,0,5,"14462,14"
202005,5,53,530010,J,6209100,1,317110,101,8,46,"40,00",1,1,0,1,20,0,0,0,"6140,00",6,0,1,202005,0,5,"6140,00"
202005,5,53,530010,J,6203100,1,212405,101,9,34,"40,00",6,1,0,1,20,0,0,0,"5300,00",7,0,1,202005,0,5,"5300,00"
202005,3,35,350950,J,6201501,-1,212415,101,8,23,"40,00",1,3,0,1,31,0,0,0,"1620,00",6,0,1,202005,0,5,"1620,00"
202005,5,53,530010,J,6201501,-1,212420,101,9,37,"40,00",3,1,0,1,40,0,0,0,"4550,00",10,0,1,202005,0,5,"4550,00"
202005,3,33,330455,J,6201501,1,212420,101,8,25,"40,00",1,1,0,1,20,0,0,0,"2475,60",6,0,1,202005,0,5,"2475,60"
202005,3,35,350570,J,6202300,1,212420,101,9,32,"40,00",1,1,0,1,20,0,0,0,"9000,00",9,0,1,202005,0,5,"9000,00"
202005,3,35,355030,J,6209100,-1,142530,101,9,35,"44,00",3,1,0,1,31,0,0,0,"14186,83",5,0,1,202005,0,5,"14186,83"
202005,3,35,355030,J,6204000,1,212405,101,9,32,"40,00",3,1,0,1,10,0,0,0,"1675,56",6,0,1,202005,0,5,"1675,56"
202005,3,35,350950,J,6202300,1,212405,101,9,38,"40,00",1,1,0,1,20,0,0,0,"18234,00",8,0,1,202005,0,5,"18234,00"
202005,3,35,355030,J,6202300,-1,212405,101,9,23,"40,00",6,1,0,1,40,0,0,0,"6900,00",9,0,1,202005,0,5,"6900,00"
202005,4,42,420240,J,6203100,-1,212405,101,80,39,"44,00",4,1,0,1,31,0,0,9,"8749,94",9,0,1,202005,0,5,"8749,94"
202005,4,41,411520,J,6203100,-1,212420,101,7,40,"44,00",1,1,0,1,31,0,0,0,"2619,56",4,0,1,202005,0,5,"2619,56"
202005,3,31,313170,J,6202300,-1,317110,101,80,27,"44,00",3,1,0,1,31,0,0,0,"1916,37",6,0,1,202005,0,5,"1916,37"
202005,3,31,310620,J,6201501,-1,212405,101,9,31,"40,00",3,3,0,1,31,0,0,0,"6200,00",7,0,1,202005,0,5,"6200,00"
202005,3,31,310620,J,6203100,1,317110,101,9,39,"44,00",3,1,0,1,20,0,0,0,"5354,84",7,0,1,202005,0,5,"5354,84"
202005,3,35,355030,J,6203100,-1,317110,101,9,31,"40,00",6,1,0,1,40,0,0,0,"7622,04",10,0,1,202005,0,5,"7622,04"
202005,3,35,355030,J,6201501,-1,317110,101,9,31,"37,30",1,3,0,1,40,0,0,0,"1997,38",3,0,1,202005,0,5,"1997,38"
202005,4,41,411850,J,6203100,1,317110,101,9,25,"44,00",1,3,0,1,20,0,0,0,"2667,18",8,0,1,202005,0,5,"2667,18"
202005,3,35,355030,J,6204000,-1,212405,101,9,48,"40,00",1,1,0,1,31,0,0,0,"6595,42",10,0,1,202005,0,5,"6595,42"
202005,3,35,355030,J,6201501,-1,212405,101,9,41,"40,00",6,3,0,1,40,0,0,0,"6500,00",8,0,1,202005,0,5,"6500,00"
202005,3,35,355030,J,6201501,-1,317110,101,80,44,"40,00",1,1,0,1,31,0,0,0,"5908,81",10,0,1,202005,0,5,"5908,81"
202005,4,42,420540,J,6201501,1,142520,101,8,26,"44,00",1,1,0,1,20,0,0,0,"3000,00",4,0,1,202005,0,5,"3000,00"
202005,3,35,355030,J,6201501,1,212405,101,9,27,"40,00",1,1,0,1,20,0,0,0,"11000,00",8,0,1,202005,0,5,"11000,00"
202005,3,35,355030,J,6204000,-1,212420,101,9,38,"40,00",1,1,0,1,31,0,0,0,"1620,00",10,0,1,202005,0,5,"1620,00"
202005,3,35,350570,J,6201501,-1,212405,101,9,57,"40,00",1,1,0,1,31,0,0,0,"12398,19",9,0,1,202005,0,5,"12398,19"
202005,3,33,330455,J,6201501,-1,212405,101,9,35,"40,00",3,1,0,1,40,0,0,0,"2126,00",6,0,1,202005,0,5,"2126,00"
202005,2,23,230440,J,6204000,-1,317205,101,7,31,"36,00",3,3,0,1,31,0,0,0,"1300,00",8,0,1,202005,0,5,"1300,00"
202005,3,35,355030,J,6311900,1,212405,101,9,36,"44,00",1,3,0,1,20,0,0,0,"3200,00",7,0,1,202005,0,5,"3200,00"
202005,3,35,355030,J,6201501,-1,212405,101,8,24,"40,00",6,1,0,1,40,0,0,0,"5292,59",9,0,1,202005,0,5,"5292,59"
202005,3,35,350950,J,6204000,1,212310,101,80,39,"36,00",2,1,0,1,20,0,0,0,"3000,00",10,0,1,202005,0,5,"3000,00"
202005,3,35,355030,J,6204000,-1,212420,101,8,34,"40,00",1,1,0,1,40,0,0,0,"2557,17",6,0,1,202005,0,5,"2557,17"
202005,3,35,350320,J,6204000,1,212405,101,8,31,"40,00",1,1,0,1,20,0,0,0,"8406,82",8,0,1,202005,0,5,"8406,82"
202005,3,31,310620,J,6204000,1,212420,101,8,21,"44,00",6,1,0,1,20,0,0,0,"1487,37",6,0,1,202005,0,5,"1487,37"
202005,4,42,420240,J,6203100,-1,317210,101,9,41,"44,00",1,3,0,1,31,0,0,0,"1800,00",5,0,1,202005,0,5,"1800,00"
202005,3,33,330455,J,6201501,-1,212420,101,9,33,"40,00",1,3,0,1,31,0,0,0,"4500,00",3,0,1,202005,0,5,"4500,00"
202005,3,35,352470,J,6201501,1,317210,101,9,40,"40,00",1,1,0,1,20,0,0,0,"4200,00",10,0,1,202005,0,5,"4200,00"
202005,3,35,355030,J,6204000,1,317110,101,9,40,"40,00",1,1,0,1,20,0,0,0,"4700,00",7,0,1,202005,0,5,"4700,00"
202005,3,35,350570,J,6201501,-1,212405,101,9,35,"40,00",3,3,0,1,31,0,0,0,"3459,00",8,0,1,202005,0,5,"3459,00"
202005,4,41,410690,J,6209100,-1,212405,101,9,32,"40,00",1,1,0,1,31,0,0,0,"4092,66",9,0,1,202005,0,5,"4092,66"
202005,3,31,310620,J,6202300,-1,317110,101,9,44,"40,00",2,1,0,1,31,0,0,0,"6613,35",5,0,1,202005,0,5,"6613,35"
202005,3,35,355030,J,6201501,1,212405,101,9,35,"40,00",1,1,0,1,20,0,0,0,"11500,00",7,0,1,202005,0,5,"11500,00"
202005,4,43,431490,J,6202300,-1,317110,101,9,23,"40,00",3,1,0,1,40,0,0,0,"2579,57",5,0,1,202005,0,5,"2579,57"
202005,4,42,420910,J,6202300,-1,212405,101,7,35,"42,00",1,1,0,1,40,0,0,0,"2080,58",7,0,1,202005,0,5,"2080,58"
202005,2,26,261160,J,6202300,-1,317110,101,9,29,"44,00",3,3,0,1,40,0,0,9,"3449,75",9,0,1,202005,0,5,"3449,75"
202005,3,31,310620,J,6209100,1,317205,101,7,26,"44,00",1,1,0,1,20,0,0,0,"1188,57",10,0,1,202005,0,5,"1188,57"
202005,5,53,530010,J,6201501,-1,212405,101,9,31,"44,00",3,3,0,1,31,0,0,0,"4500,00",8,0,1,202005,0,5,"4500,00"
202005,2,23,230440,J,6204000,-1,317205,101,7,38,"40,00",3,1,0,1,31,0,0,0,"1132,93",8,0,1,202005,0,5,"1132,93"
202005,3,35,350570,J,6209100,1,212420,101,9,28,"40,00",6,1,0,1,20,0,0,0,"4060,80",7,0,1,202005,0,5,"4060,80"
202005,3,35,355030,J,6204000,1,317210,101,9,27,"40,00",1,3,0,1,20,0,0,0,"1744,00",8,0,1,202005,0,5,"1744,00"
202005,2,24,240810,J,6209100,-1,317210,101,7,35,"44,00",1,1,0,1,31,0,0,0,"1389,86",5,0,1,202005,0,5,"1389,86"
202005,3,35,355030,J,6202300,1,212405,101,8,26,"40,00",3,1,0,1,20,0,0,0,"10000,00",9,0,1,202005,0,5,"10000,00"
202005,3,35,354990,J,6202300,1,212405,101,9,22,"40,00",1,1,0,1,20,0,0,0,"2500,00",4,0,1,202005,0,5,"2500,00"
202005,3,33,330330,J,6201501,-1,212405,101,80,31,"40,00",1,1,0,1,31,0,0,0,"9297,81",1,0,1,202005,0,5,"9297,81"
202005,3,35,350160,J,6203100,-1,142520,101,8,32,"20,00",1,3,0,1,31,0,0,0,"2472,00",5,0,1,202005,0,5,"2472,00"
202005,3,31,310620,J,6202300,-1,212405,101,8,20,"40,00",1,1,0,1,40,0,0,0,"2683,91",7,0,1,202005,0,5,"2683,91"
202005,3,35,355030,J,6201501,-1,212405,101,9,35,"40,00",1,1,0,1,40,0,0,0,"3500,00",10,0,1,202005,0,5,"3500,00"
202005,3,35,355030,J,6209100,-1,212410,101,9,40,"40,00",1,1,0,1,40,0,0,0,"15000,00",7,0,1,202005,0,5,"15000,00"
202005,3,35,354870,J,6311900,1,212420,101,7,35,"40,00",3,1,0,1,20,0,0,0,"1700,00",6,0,1,202005,0,5,"1700,00"
202005,3,31,310620,J,6204000,1,212420,101,7,21,"40,00",4,1,0,1,20,0,0,0,"1883,85",7,0,1,202005,0,5,"1883,85"
202005,3,35,355030,J,6201501,-1,212405,101,7,23,"40,00",6,3,0,1,43,0,0,0,"2000,00",3,0,1,202005,0,5,"2000,00"
202005,4,42,420240,J,6201501,1,212420,101,8,21,"44,00",6,1,0,1,20,0,0,0,"2200,00",6,0,1,202005,0,5,"2200,00"
202005,3,31,310620,J,6209100,1,317205,101,7,48,"44,00",1,3,0,1,20,0,0,0,"1188,57",10,0,1,202005,0,5,"1188,57"
202005,3,33,330330,J,6201501,1,142520,101,80,37,"40,00",1,1,0,1,20,0,0,0,"11544,97",1,0,1,202005,0,5,"11544,97"
202005,3,35,355030,J,6209100,-1,212410,101,9,30,"40,00",1,1,0,1,40,0,0,0,"6000,00",7,0,1,202005,0,5,"6000,00"
202005,3,35,352470,J,6201501,-1,317210,101,8,28,"40,00",5,1,0,1,31,0,0,0,"1960,00",10,0,1,202005,0,5,"1960,00"
202005,3,35,355030,J,6209100,-1,212405,101,8,26,"40,00",6,3,0,1,40,0,0,0,"2370,07",6,0,1,202005,0,5,"2370,07"
202005,3,35,355030,J,6311900,1,212405,101,9,26,"40,00",1,1,0,1,20,0,0,0,"5837,79",3,0,1,202005,0,5,"5837,79"
202005,4,41,411790,J,6209100,-1,317110,101,7,27,"42,50",1,1,0,1,31,0,0,0,"1786,40",2,0,1,202005,0,5,"1786,40"
202005,4,41,410690,J,6311900,-1,212405,101,10,31,"40,00",1,1,0,1,40,0,0,0,"4500,00",4,0,1,202005,0,5,"4500,00"
202005,3,35,355030,J,6209100,-1,317210,101,8,31,"40,00",3,3,0,1,31,0,0,0,"1500,00",8,0,1,202005,0,5,"1500,00"
202005,3,35,350570,J,6209100,1,212405,101,8,22,"40,00",1,1,0,1,20,0,0,0,"2400,00",5,0,1,202005,0,5,"2400,00"
202005,3,31,310620,J,6201501,-1,212420,101,9,46,"44,00",1,1,0,1,31,0,0,0,"6820,00",5,0,1,202005,0,5,"6820,00"
202005,2,26,261160,J,6201501,-1,212405,101,9,30,"40,00",3,1,0,1,40,0,0,0,"7826,78",7,0,1,202005,0,5,"7826,78"
202005,3,35,355030,J,6204000,1,212315,101,9,41,"40,00",2,1,0,1,20,0,0,0,"7500,00",3,0,1,202005,0,5,"7500,00"
202005,3,33,330455,J,6201501,-1,212420,101,9,26,"40,00",1,1,0,1,31,0,0,0,"1449,93",9,0,1,202005,0,5,"1449,93"
202005,4,42,421190,J,6201501,1,317210,101,8,19,"36,00",6,1,0,1,20,0,0,0,"1140,00",7,0,1,202005,0,5,"1140,00"
202005,3,35,350570,J,6203100,1,212405,101,9,30,"40,00",6,1,0,1,20,0,0,0,"9000,00",9,0,1,202005,0,5,"9000,00"
202005,3,35,352470,J,6201501,-1,317210,101,9,39,"40,00",1,1,0,1,31,0,0,0,"1539,43",10,0,1,202005,0,5,"1539,43"
202005,2,26,261160,J,6311900,-1,317210,101,7,28,"40,00",1,1,0,1,31,0,0,0,"1346,53",7,0,1,202005,0,5,"1346,53"
202005,3,31,314080,J,6204000,-1,212405,101,9,32,"40,00",6,1,0,1,40,0,0,0,"3333,12",7,0,1,202005,0,5,"3333,12"
202005,3,35,355220,J,6203100,-1,212405,101,80,34,"40,00",1,1,0,1,40,0,0,0,"8000,00",7,0,1,202005,0,5,"8000,00"
202005,3,31,310620,J,6204000,-1,212305,101,9,60,"44,00",6,1,0,1,31,0,0,0,"9197,10",7,0,1,202005,0,5,"9197,10"
202005,3,33,330455,J,6201501,1,317110,101,8,24,"40,00",3,1,0,1,20,0,0,0,"3363,43",5,0,1,202005,0,5,"3363,43"
202005,4,43,432180,J,6202300,-1,317105,101,9,25,"44,00",1,1,0,1,40,0,0,0,"1700,00",6,0,1,202005,0,5,"1700,00"
202005,3,35,355030,J,6311900,-1,317210,101,7,24,"40,00",3,1,0,1,40,0,0,0,"1620,00",9,0,1,202005,0,5,"1620,00"
202005,3,35,354780,J,6209100,-1,212405,101,9,30,"40,00",1,1,0,1,31,0,0,0,"7872,50",6,0,1,202005,0,5,"7872,50"
202005,4,42,420200,J,6201502,-1,317105,101,9,28,"44,00",1,1,0,1,40,0,0,0,"1900,00",2,0,1,202005,0,5,"1900,00"
202005,3,31,310620,J,6201501,-1,212405,101,7,34,"40,00",3,1,0,1,40,0,0,0,"4500,00",8,0,1,202005,0,5,"4500,00"
202005,2,26,261160,J,6202300,-1,212405,101,9,47,"44,00",1,1,0,1,40,0,0,9,"8005,85",9,0,1,202005,0,5,"8005,85"
202005,3,35,355030,J,6201501,1,212405,101,8,34,"40,00",2,1,0,1,20,0,0,0,"9000,00",10,0,1,202005,0,5,"9000,00"
202005,4,42,420750,J,6209100,1,317210,101,7,19,"44,00",6,1,0,1,20,0,0,0,"1390,00",5,0,1,202005,0,5,"1390,00"
202005,4,41,410690,J,6203100,1,317110,101,9,29,"44,00",6,1,0,1,10,0,0,0,"6500,00",5,0,1,202005,0,5,"6500,00"
202005,3,33,330455,J,6201501,-1,142520,101,9,24,"40,00",6,3,0,1,31,0,0,0,"5000,00",3,0,1,202005,0,5,"5000,00"
202005,3,35,355030,J,6201501,-1,212205,101,9,36,"40,00",6,1,0,1,40,0,0,0,"4602,94",7,0,1,202005,0,5,"4602,94"
202005,2,23,230440,J,6203100,-1,317210,101,7,34,"40,00",6,1,0,1,31,0,0,0,"1625,21",8,0,1,202005,0,5,"1625,21"
202005,3,35,355030,J,6202300,-1,212405,101,9,30,"8,00",6,1,0,1,40,0,0,0,"7641,10",7,0,1,202005,0,5,"7641,10"
202005,3,35,350570,J,6201501,-1,212405,101,9,22,"40,00",2,1,0,1,40,0,0,0,"5000,00",7,0,1,202005,0,5,"5000,00"
202005,4,42,420540,J,6202300,1,212405,101,8,31,"40,00",6,1,0,1,20,0,0,0,"3684,10",5,0,1,202005,0,5,"3684,10"
202005,3,35,355030,J,6202300,1,212405,101,9,32,"40,00",2,3,0,1,20,0,0,0,"6000,00",6,0,1,202005,0,5,"6000,00"
202005,3,32,320530,J,6209100,1,212405,101,9,29,"40,00",4,1,0,1,20,0,0,0,"5054,47",9,0,1,202005,0,5,"5054,47"
202005,3,35,350570,J,6203100,1,212405,101,9,26,"40,00",1,1,0,1,20,0,0,0,"9500,00",9,0,1,202005,0,5,"9500,00"
202005,3,35,355030,J,6201501,-1,317110,101,80,53,"40,00",1,1,0,1,40,0,0,0,"6811,71",10,0,1,202005,0,5,"6811,71"
202005,5,53,530010,J,6203100,1,212405,101,9,32,"40,00",3,1,0,1,20,0,0,0,"5400,00",7,0,1,202005,0,5,"5400,00"
202005,2,26,261160,J,6202300,-1,317110,101,7,59,"44,00",3,1,0,1,31,0,0,9,"2397,80",9,0,1,202005,0,5,"2397,80"
202005,3,31,310620,J,6204000,1,212420,101,9,22,"40,00",1,3,0,1,20,0,0,0,"1920,00",5,0,1,202005,0,5,"1920,00"
202005,3,35,355030,J,6204000,-1,212420,101,9,22,"40,00",3,1,0,1,40,0,0,0,"2000,00",5,0,1,202005,0,5,"2000,00"
202005,3,35,354890,J,6202300,1,212405,101,8,22,"40,00",1,1,0,1,20,0,0,0,"2000,00",4,0,1,202005,0,5,"2000,00"
202005,3,32,320530,J,6209100,-1,317210,101,8,39,"40,00",6,1,0,1,31,0,0,0,"1733,62",6,0,1,202005,0,5,"1733,62"
202005,4,41,410690,J,6209100,-1,212405,101,9,24,"40,00",1,1,0,1,31,0,0,0,"3146,34",9,0,1,202005,0,5,"3146,34"
202005,3,35,355030,J,6209100,-1,317210,101,9,33,"44,00",1,1,0,1,31,0,0,0,"2000,00",6,0,1,202005,0,5,"2000,00"
202005,3,35,350570,J,6203100,1,212315,101,9,31,"40,00",1,1,0,1,20,0,0,0,"11000,00",7,0,1,202005,0,5,"11000,00"
202005,3,31,317020,J,6203100,-1,317110,101,9,33,"40,00",3,1,0,1,40,0,0,0,"2810,00",7,0,1,202005,0,5,"2810,00"
202005,3,35,355030,J,6311900,1,212405,101,7,25,"40,00",1,1,0,1,20,0,0,0,"3000,00",7,0,1,202005,0,5,"3000,00"
202005,2,26,261160,J,6209100,1,317110,101,9,28,"40,00",1,1,0,1,20,0,0,0,"1800,00",6,0,1,202005,0,5,"1800,00"
202005,4,43,431020,J,6202300,1,317205,101,8,24,"44,00",6,1,0,1,20,0,0,0,"1416,87",4,0,1,202005,0,5,"1416,87"
202005,2,26,261160,J,6311900,-1,317210,101,7,29,"44,00",3,1,0,1,31,0,0,0,"1702,13",7,0,1,202005,0,5,"1702,13"
202005,3,31,310620,J,6202300,-1,212420,101,9,46,"40,00",1,1,0,1,40,0,0,0,"13162,75",7,0,1,202005,0,5,"13162,75"
202005,3,35,355030,J,6209100,1,212420,101,9,36,"40,00",1,1,0,1,20,0,0,0,"3500,00",7,0,1,202005,0,5,"3500,00"
202005,3,35,355030,J,6204000,1,212405,101,9,35,"40,00",1,3,0,1,20,0,0,9,"7400,00",7,0,1,202005,0,5,"7400,00"
202005,3,35,354730,J,6202300,-1,212305,101,10,50,"40,00",3,1,0,1,31,0,0,0,"7000,00",4,0,1,202005,0,5,"7000,00"
202005,3,33,330330,J,6204000,1,212405,101,9,45,"40,00",1,1,0,1,20,0,0,0,"4080,00",8,0,1,202005,0,5,"4080,00"
202005,4,41,411520,J,6311900,1,317110,101,7,23,"44,00",1,1,0,1,20,0,0,0,"2500,00",2,0,1,202005,0,5,"2500,00"
202005,4,43,431490,J,6311900,1,317110,101,9,35,"40,00",1,1,0,1,20,0,0,0,"9900,00",7,0,1,202005,0,5,"9900,00"
202005,4,42,420240,J,6201501,-1,317210,101,9,40,"40,00",1,1,0,1,31,0,0,0,"2866,31",8,0,1,202005,0,5,"2866,31"
202005,3,33,330455,J,6201501,1,212405,101,9,33,"40,00",1,1,0,1,20,0,0,0,"7000,00",8,0,1,202005,0,5,"7000,00"
202005,3,35,355030,J,6204000,-1,212405,101,9,37,"40,00",1,1,0,1,31,0,0,0,"7612,00",10,0,1,202005,0,5,"7612,00"
202005,3,31,310620,J,6311900,1,212420,101,9,26,"40,00",6,1,0,1,20,0,0,0,"2915,00",2,0,1,202005,0,5,"2915,00"
202005,3,35,350570,J,6209100,1,212405,101,9,40,"40,00",1,1,0,1,20,0,0,0,"10714,29",6,0,1,202005,0,5,"10714,29"
202005,3,35,355030,J,6204000,1,212415,101,9,23,"40,00",1,1,0,1,20,0,0,0,"3500,00",10,0,1,202005,0,5,"3500,00"
202005,4,41,410720,J,6203100,-1,212305,101,9,25,"44,00",1,1,0,1,40,0,0,0,"2754,72",8,0,1,202005,0,5,"2754,72"
202005,3,31,317020,J,6209100,-1,212405,101,8,30,"44,00",1,1,0,1,40,0,0,0,"1400,00",5,0,1,202005,0,5,"1400,00"
202005,5,53,530010,J,6201501,-1,212405,101,8,37,"40,00",1,1,0,1,40,0,0,0,"6262,40",4,0,1,202005,0,5,"6262,40"
202005,3,35,355030,J,6204000,1,212405,101,9,22,"40,00",1,3,0,1,20,0,0,0,"3000,00",4,0,1,202005,0,5,"3000,00"
202005,4,42,420240,J,6201501,-1,212405,101,9,60,"40,00",1,3,0,1,31,0,0,0,"4964,56",8,0,1,202005,0,5,"4964,56"
202005,3,35,355030,J,6203100,-1,317110,101,9,28,"40,00",1,3,0,1,40,0,0,0,"3300,00",9,0,1,202005,0,5,"3300,00"
202005,3,35,355030,J,6202300,1,317110,101,9,26,"40,00",1,1,0,1,20,0,0,0,"1675,57",6,0,1,202005,0,5,"1675,57"
202005,3,35,355030,J,6204000,-1,317110,101,9,23,"44,00",1,1,0,1,40,0,0,9,"4556,25",10,0,1,202005,0,5,"4556,25"
202005,3,31,310620,J,6209100,1,317205,101,7,25,"44,00",1,3,0,1,20,0,0,0,"1188,57",10,0,1,202005,0,5,"1188,57"
202005,3,35,355030,J,6204000,1,212405,101,80,37,"40,00",3,1,0,1,20,0,0,0,"13000,00",7,0,1,202005,0,5,"13000,00"
202005,4,42,420540,J,6203100,-1,212420,101,9,30,"40,00",1,1,0,1,40,0,0,0,"2500,00",4,0,1,202005,0,5,"2500,00"
202005,3,35,355030,J,6201501,1,317110,101,80,25,"40,00",6,1,0,1,20,0,0,0,"7877,14",10,0,1,202005,0,5,"7877,14"
202005,3,32,320530,J,6209100,-1,212405,101,9,65,"40,00",1,1,0,1,31,0,0,0,"3780,00",9,0,1,202005,0,5,"3780,00"
202005,3,35,354730,J,6209100,-1,317110,101,9,38,"40,00",3,1,0,1,31,0,0,0,"12408,43",9,0,1,202005,0,5,"12408,43"
202005,3,35,350320,J,6201501,-1,212405,101,9,24,"40,00",3,3,0,1,40,0,0,0,"1675,56",7,0,1,202005,0,5,"1675,56"
202005,4,43,430810,J,6202300,1,317110,101,8,57,"44,00",1,1,0,1,20,0,0,0,"2600,00",1,0,1,202005,0,5,"2600,00"
202005,4,42,420540,J,6203100,-1,212315,101,7,33,"40,00",1,1,0,1,43,0,0,0,"2100,00",7,0,1,202005,0,5,"2100,00"
202005,3,35,355030,J,6204000,-1,212405,101,9,30,"40,00",6,1,0,1,31,0,0,0,"5171,50",6,0,1,202005,0,5,"5171,50"
202005,3,35,350570,J,6311900,-1,212405,101,9,29,"40,00",1,3,0,1,31,0,0,0,"2768,00",1,0,1,202005,0,5,"2768,00"
202005,3,33,330455,J,6203100,1,212420,101,8,23,"44,00",2,1,0,1,20,0,0,9,"1250,00",5,0,1,202005,0,5,"1250,00"
202005,3,35,355030,J,6204000,-1,317205,101,9,28,"44,00",1,1,0,1,40,0,0,0,"1100,00",6,0,1,202005,0,5,"1100,00"
202005,3,31,316720,J,6201501,-1,212405,101,7,24,"44,00",6,1,0,1,43,0,0,0,"1231,54",1,0,1,202005,0,5,"1231,54"
202005,3,31,314480,J,6201501,1,212405,101,9,52,"40,00",1,1,0,1,20,0,0,0,"14000,00",5,0,1,202005,0,5,"14000,00"
202005,3,31,314800,J,6209100,-1,317210,101,7,22,"44,00",1,1,0,1,43,0,0,0,"1250,00",3,0,1,202005,0,5,"1250,00"
202005,4,42,420240,J,6203100,1,212405,101,9,21,"44,00",6,1,0,1,10,0,0,0,"3500,00",4,0,1,202005,0,5,"3500,00"
202005,3,35,355030,J,6202300,1,317110,101,9,22,"40,00",1,1,0,1,20,0,0,0,"1675,57",6,0,1,202005,0,5,"1675,57"
202005,3,35,355030,J,6202300,-1,317110,101,8,24,"40,00",1,1,0,1,40,0,0,0,"2275,46",6,0,1,202005,0,5,"2275,46"
202005,3,31,314080,J,6204000,1,212405,101,9,45,"40,00",1,1,0,1,20,0,0,0,"2200,00",7,0,1,202005,0,5,"2200,00"
202005,2,21,211130,J,6209100,-1,212310,101,7,37,"40,00",3,1,0,1,40,0,0,0,"6800,00",3,0,1,202005,0,5,"6800,00"
202005,4,42,420240,J,6203100,-1,317210,101,9,24,"44,00",1,1,0,1,40,0,0,9,"3600,00",7,0,1,202005,0,5,"3600,00"
202005,4,43,431490,J,6311900,-1,212410,101,9,26,"44,00",1,1,0,1,31,0,0,0,"3000,00",7,0,1,202005,0,5,"3000,00"
202005,5,50,500270,J,6203100,1,317205,101,9,40,"44,00",6,1,0,1,20,0,0,0,"1180,00",9,0,1,202005,0,5,"1180,00"
202005,4,43,431870,J,6202300,1,212405,101,7,25,"40,00",1,1,0,1,20,0,0,0,"2745,00",3,0,1,202005,0,5,"2745,00"
202005,3,35,355030,J,6209100,-1,212420,101,8,42,"44,00",1,1,0,1,31,0,0,0,"1500,00",2,0,1,202005,0,5,"1500,00"
202005,4,43,431490,J,6201501,1,317105,101,9,32,"40,00",1,1,0,1,20,0,0,0,"12000,00",3,0,1,202005,0,5,"12000,00"
202005,3,35,355030,J,6204000,-1,212405,101,9,31,"40,00",1,3,0,1,40,0,0,0,"4415,10",6,0,1,202005,0,5,"4415,10"
202005,5,53,530010,J,6201501,1,212405,101,9,24,"40,00",1,3,0,1,20,0,0,0,"1574,10",10,0,1,202005,0,5,"1574,10"
202005,5,53,530010,J,6203100,-1,212405,101,9,32,"44,00",1,1,0,1,40,0,0,0,"7871,00",8,0,1,202005,0,5,"7871,00"
202005,3,31,310620,J,6201501,-1,212405,101,8,40,"40,00",3,1,0,1,40,0,0,0,"7011,76",7,0,1,202005,0,5,"7011,76"
202005,3,35,355030,J,6201501,-1,212405,101,9,48,"40,00",3,1,0,1,31,0,0,0,"14182,32",9,0,1,202005,0,5,"14182,32"
202005,4,42,420540,J,6201501,1,212405,101,8,20,"44,00",1,1,0,1,20,0,0,0,"3000,00",4,0,1,202005,0,5,"3000,00"
202005,4,42,420540,J,6204000,1,212405,101,7,30,"40,00",2,1,0,1,20,0,0,0,"4500,00",5,0,1,202005,0,5,"4500,00"
202005,3,35,354890,J,6202300,1,212405,101,9,24,"40,00",1,3,0,1,20,0,0,0,"3181,00",1,0,1,202005,0,5,"3181,00"
202005,3,35,355030,J,6204000,1,212405,101,80,32,"40,00",1,1,0,1,20,0,0,0,"2235,45",6,0,1,202005,0,5,"2235,45"
202005,3,35,355030,J,6202300,1,317105,101,8,21,"40,00",6,1,0,1,20,0,0,0,"2500,00",4,0,1,202005,0,5,"2500,00"
202005,3,33,330455,J,6201501,-1,212405,101,9,40,"40,00",1,1,0,1,40,0,0,0,"5052,50",6,0,1,202005,0,5,"5052,50"
202005,3,35,355670,J,6201501,-1,212405,101,9,38,"44,00",1,3,0,1,31,0,0,0,"9000,00",5,0,1,202005,0,5,"9000,00"
202005,3,31,310620,J,6204000,1,212420,101,7,34,"36,00",1,1,0,1,20,0,0,0,"2500,00",7,0,1,202005,0,5,"2500,00"
202005,3,35,355030,J,6311900,-1,212420,101,8,37,"40,00",3,1,0,1,40,0,0,0,"2795,44",9,0,1,202005,0,5,"2795,44"
202005,3,31,310620,J,6202300,-1,317110,101,9,24,"44,00",3,1,0,1,40,0,0,9,"2676,17",5,0,1,202005,0,5,"2676,17"
202005,3,35,354870,J,6204000,-1,212405,101,9,56,"40,00",1,1,0,1,31,0,0,0,"29715,93",10,0,1,202005,0,5,"29715,93"
202005,3,35,355030,J,6209100,-1,317110,101,9,55,"40,00",3,1,0,1,31,0,0,0,"6250,00",8,0,1,202005,0,5,"6250,00"
202005,3,35,355030,J,6201501,-1,212405,101,80,35,"40,00",1,1,0,1,31,0,0,0,"9600,00",6,0,1,202005,0,5,"9600,00"
202005,3,35,350600,J,6204000,-1,212405,101,9,32,"40,00",3,1,0,1,31,0,0,0,"4780,31",3,0,1,202005,0,5,"4780,31"
202005,3,35,354990,J,6202300,-1,317110,101,9,25,"40,00",3,1,0,1,40,0,0,0,"1950,00",3,0,1,202005,0,5,"1950,00"
202005,3,35,355500,J,6202300,-1,212405,101,9,38,"40,00",1,3,0,1,43,0,0,0,"1685,00",7,0,1,202005,0,5,"1685,00"
202005,3,33,330455,J,6209100,-1,317210,101,7,39,"40,00",3,1,0,1,31,0,0,0,"1381,44",8,0,1,202005,0,5,"1381,44"
202005,3,35,350570,J,6204000,1,317110,101,9,39,"40,00",1,1,0,1,20,0,0,0,"7500,00",9,0,1,202005,0,5,"7500,00"
202005,2,25,250750,J,6204000,1,212405,101,9,37,"44,00",3,1,0,1,20,0,0,0,"6000,00",3,0,1,202005,0,5,"6000,00"
202005,4,41,410480,J,6209100,1,212405,101,8,25,"44,00",1,3,0,1,20,0,0,0,"2144,00",4,0,1,202005,0,5,"2144,00"
202005,3,35,355030,J,6201501,-1,317110,101,9,25,"40,00",1,1,0,1,40,0,0,0,"2230,66",10,0,1,202005,0,5,"2230,66"
202005,4,42,420540,J,6201501,-1,212405,101,9,33,"40,00",1,1,0,1,40,0,0,0,"9366,89",8,0,1,202005,0,5,"9366,89"
202005,4,43,431490,J,6201501,-1,212405,101,8,23,"40,00",1,1,0,1,40,0,0,0,"3200,00",6,0,1,202005,0,5,"3200,00"
202005,4,42,420540,J,6203100,-1,212420,101,8,36,"44,00",1,3,0,1,31,0,0,0,"3011,00",9,0,1,202005,0,5,"3011,00"
202005,3,35,350570,J,6203100,1,212205,101,9,30,"40,00",1,1,0,1,20,0,0,0,"13000,00",9,0,1,202005,0,5,"13000,00"
202005,2,29,292740,J,6202300,-1,212420,101,8,51,"44,00",3,1,0,1,31,0,0,0,"1605,00",3,0,1,202005,0,5,"1605,00"
202005,3,33,330455,J,6204000,-1,317110,101,9,43,"40,00",1,1,0,1,31,0,0,0,"7038,50",6,0,1,202005,0,5,"7038,50"
202005,3,35,355030,J,6201501,-1,317110,101,80,35,"40,00",1,1,0,1,31,0,0,0,"4633,74",10,0,1,202005,0,5,"4633,74"
202005,3,35,355030,J,6204000,-1,212405,101,9,51,"40,00",3,1,0,1,31,0,0,0,"7200,00",10,0,1,202005,0,5,"7200,00"
202005,3,35,350320,J,6204000,1,212405,101,9,31,"40,00",1,1,0,1,20,0,0,0,"5723,34",8,0,1,202005,0,5,"5723,34"
202005,2,29,290687,J,6209100,-1,317210,101,9,22,"44,00",1,1,0,1,31,0,0,0,"1096,31",5,0,1,202005,0,5,"1096,31"
202005,4,41,410690,J,6209100,1,212405,101,8,22,"40,00",1,1,0,1,20,0,0,0,"2000,00",9,0,1,202005,0,5,"2000,00"
202005,4,42,420910,J,6203100,-1,212420,101,8,25,"40,00",3,1,0,1,40,0,0,0,"4200,00",7,0,1,202005,0,5,"4200,00"
202005,3,33,330455,J,6201501,1,212405,101,9,27,"40,00",1,1,0,1,20,0,0,0,"9500,00",7,0,1,202005,0,5,"9500,00"
202005,5,53,530010,J,6201501,1,317110,101,9,42,"44,00",3,1,0,1,20,0,0,0,"6500,00",8,0,1,202005,0,5,"6500,00"
202005,3,31,317020,J,6204000,1,212405,101,9,36,"44,00",1,3,0,1,20,0,0,0,"7000,00",8,0,1,202005,0,5,"7000,00"
202005,1,13,130260,J,6203100,-1,212410,101,9,36,"44,00",2,1,0,1,31,0,0,0,"6482,80",3,0,1,202005,0,5,"6482,80"
202005,5,53,530010,J,6203100,1,212405,101,9,35,"40,00",6,1,0,1,20,0,0,0,"7814,23",7,0,1,202005,0,5,"7814,23"
202005,4,41,410480,J,6201501,1,212405,101,9,36,"44,00",3,1,0,1,20,0,0,0,"3974,10",7,0,1,202005,0,5,"3974,10"
202005,3,35,355030,J,6204000,1,212420,101,7,24,"44,00",6,1,0,1,20,0,0,9,"3700,00",10,0,1,202005,0,5,"3700,00"
202005,3,35,355030,J,6204000,-1,212405,101,9,39,"40,00",1,1,0,1,40,0,0,0,"2134,63",8,0,1,202005,0,5,"2134,63"
202005,3,35,355030,J,6201501,1,212410,101,9,38,"40,00",1,3,0,1,20,0,0,0,"4700,00",8,0,1,202005,0,5,"4700,00"
202005,3,35,352470,J,6201501,-1,212405,101,9,39,"40,00",1,1,0,1,31,0,0,0,"7500,00",10,0,1,202005,0,5,"7500,00"
202005,3,32,320520,J,6201501,1,317110,101,8,22,"40,00",1,1,0,1,10,0,0,0,"2200,00",3,0,1,202005,0,5,"2200,00"
202005,2,26,261160,J,6201501,-1,317110,101,9,31,"40,00",3,1,0,1,40,0,0,0,"4284,44",7,0,1,202005,0,5,"4284,44"
202005,3,35,355030,J,6201501,-1,212405,101,8,31,"40,00",1,1,0,1,40,0,0,0,"7866,51",9,0,1,202005,0,5,"7866,51"
202005,4,43,431490,J,6311900,-1,317205,101,9,45,"40,00",3,1,0,1,31,0,0,0,"1505,70",6,0,1,202005,0,5,"1505,70"
202005,3,35,350570,J,6209100,-1,212405,101,9,26,"40,00",3,1,0,1,40,0,0,0,"4000,00",7,0,1,202005,0,5,"4000,00"
202005,3,35,355030,J,6203100,-1,212405,101,9,29,"40,00",1,1,0,1,40,0,0,0,"3100,00",10,0,1,202005,0,5,"3100,00"
202005,3,31,310620,J,6201501,1,212215,101,7,23,"40,00",3,1,0,1,20,0,0,0,"7300,00",6,0,1,202005,0,5,"7300,00"
202005,2,29,291920,J,6204000,-1,212405,101,9,31,"44,00",6,1,0,1,31,0,0,0,"3214,77",6,0,1,202005,0,5,"3214,77"
202005,2,23,230440,J,6204000,1,317210,101,7,21,"44,00",3,3,0,1,20,0,0,9,"1450,36",9,0,1,202005,0,5,"1450,36"
202005,4,41,410690,J,6311900,-1,212420,101,7,25,"44,00",1,3,0,1,31,0,0,0,"1834,69",2,0,1,202005,0,5,"1834,69"
202005,3,35,355030,J,6201501,1,212405,101,9,25,"40,00",4,3,0,1,20,0,0,0,"3500,00",8,0,1,202005,0,5,"3500,00"
202005,4,42,421870,J,6201501,1,317105,101,7,32,"44,00",6,1,0,1,20,0,0,0,"1857,00",4,0,1,202005,0,5,"1857,00"
202005,3,32,320530,J,6209100,1,212405,101,8,23,"40,00",3,1,0,1,20,0,0,0,"3600,00",9,0,1,202005,0,5,"3600,00"
202005,5,51,510340,J,6201501,1,212405,101,7,41,"40,00",3,1,0,1,20,0,0,0,"5670,00",5,0,1,202005,0,5,"5670,00"
202005,2,27,270430,J,6201501,1,317110,101,8,31,"44,00",3,1,0,1,20,0,0,0,"1500,00",4,0,1,202005,0,5,"1500,00"
202005,3,35,355030,J,6209100,-1,317205,101,7,27,"44,00",1,1,0,1,43,0,0,0,"1386,00",2,0,1,202005,0,5,"1386,00"
202005,3,35,350570,J,6203100,-1,212405,101,9,32,"40,00",1,1,0,1,40,0,0,0,"9067,41",9,0,1,202005,0,5,"9067,41"
202005,3,35,355030,J,6203100,1,212405,101,10,31,"40,00",1,1,0,1,20,0,0,0,"10769,23",5,0,1,202005,0,5,"10769,23"
202005,3,33,330455,J,6204000,1,212420,101,9,37,"44,00",1,1,0,1,20,0,0,9,"3200,00",8,0,1,202005,0,5,"3200,00"
202005,3,33,330455,J,6204000,1,212405,101,9,41,"44,00",3,1,0,1,20,0,0,9,"10075,00",8,0,1,202005,0,5,"10075,00"
202005,5,53,530010,J,6204000,1,317110,101,9,22,"40,00",3,1,0,1,20,0,0,0,"9000,00",7,0,1,202005,0,5,"9000,00"
202005,3,35,355030,J,6204000,1,212305,101,9,31,"40,00",1,1,0,1,20,0,0,0,"10000,00",8,0,1,202005,0,5,"10000,00"
202005,3,35,355030,J,6201501,-1,317110,101,9,44,"40,00",1,1,0,1,40,0,0,0,"6985,04",10,0,1,202005,0,5,"6985,04"
202005,3,35,355030,J,6209100,-1,142520,101,9,28,"40,00",1,1,0,1,40,0,0,0,"5590,22",7,0,1,202005,0,5,"5590,22"
202005,3,35,350950,J,6201501,-1,212405,101,9,29,"40,00",1,1,0,1,31,0,0,0,"2183,73",2,0,1,202005,0,5,"2183,73"
202005,5,53,530010,J,6201501,1,212405,101,9,25,"40,00",3,1,0,1,20,0,0,0,"5000,00",10,0,1,202005,0,5,"5000,00"
202005,3,33,330455,J,6209100,-1,317210,101,9,30,"36,00",1,1,0,1,60,0,0,0,"1300,00",8,0,1,202005,0,5,"1300,00"
202005,3,35,355030,J,6201501,1,317110,101,9,28,"40,00",3,1,0,1,20,0,0,0,"7100,00",6,0,1,202005,0,5,"7100,00"
202005,5,53,530010,J,6201501,1,317110,101,9,60,"40,00",1,3,0,1,20,0,0,0,"6000,00",7,0,1,202005,0,5,"6000,00"
202005,3,33,330455,J,6204000,1,212405,101,9,34,"40,00",1,1,0,1,20,0,0,0,"5909,46",6,0,1,202005,0,5,"5909,46"
202005,3,31,310620,J,6204000,-1,212405,101,80,53,"40,00",1,1,0,1,31,0,0,0,"7026,11",10,0,1,202005,0,5,"7026,11"
202005,3,35,354980,J,6209100,1,212420,101,9,42,"40,00",1,1,0,1,20,0,0,0,"2000,00",5,0,1,202005,0,5,"2000,00"
202005,4,42,420890,J,6203100,-1,212420,101,9,29,"44,00",1,3,0,1,31,0,0,0,"2033,33",7,0,1,202005,0,5,"2033,33"
202005,4,43,431490,J,6203100,1,212420,101,8,21,"40,00",1,3,0,1,20,0,0,0,"1880,00",7,0,1,202005,0,5,"1880,00"
202005,3,35,350320,J,6204000,-1,212205,101,9,26,"40,00",3,1,0,1,40,0,0,0,"3184,48",8,0,1,202005,0,5,"3184,48"
202005,4,43,431870,J,6202300,1,212405,101,8,23,"44,00",1,3,0,1,20,0,0,0,"2100,00",8,0,1,202005,0,5,"2100,00"
202005,3,35,350950,J,6311900,1,212315,101,10,40,"44,00",1,1,0,1,10,0,0,9,"9700,00",1,0,1,202005,0,5,"9700,00"
202005,3,35,355030,J,6202300,1,212405,101,9,74,"40,00",1,1,0,1,20,0,0,0,"7600,00",6,0,1,202005,0,5,"7600,00"
202005,3,35,352690,J,6202300,-1,142510,101,9,49,"40,00",1,1,0,1,31,0,0,0,"13500,00",7,0,1,202005,0,5,"13500,00"
202005,3,35,350570,J,6201501,-1,317110,101,9,37,"40,00",1,1,0,1,31,0,0,0,"2443,02",9,0,1,202005,0,5,"2443,02"
202005,5,52,520140,J,6204000,-1,212405,101,9,38,"44,00",3,3,0,1,31,0,0,0,"2097,94",7,0,1,202005,0,5,"2097,94"
202005,3,35,355030,J,6311900,1,212420,101,9,28,"44,00",1,1,0,1,20,0,0,0,"11500,00",9,0,1,202005,0,5,"11500,00"
202005,3,31,310620,J,6201501,-1,317110,101,9,31,"40,00",1,1,0,1,40,0,0,0,"7200,00",7,0,1,202005,0,5,"7200,00"
202005,3,35,354980,J,6202300,-1,317205,101,7,24,"40,00",1,3,0,1,31,0,0,0,"1300,00",2,0,1,202005,0,5,"1300,00"
202005,4,42,420820,J,6202300,1,317110,101,8,19,"40,00",1,1,0,1,20,0,0,0,"2000,00",1,0,1,202005,0,5,"2000,00"
202005,4,43,430460,J,6202300,-1,212420,101,9,40,"40,00",1,3,0,1,43,0,0,0,"2300,00",6,0,1,202005,0,5,"2300,00"
202005,3,33,330580,J,6209100,1,317210,101,8,24,"40,00",1,1,0,1,20,0,0,0,"1381,90",6,0,1,202005,0,5,"1381,90"
202005,4,42,420460,J,6202300,1,212405,101,7,27,"44,00",6,1,0,1,20,0,0,0,"9242,68",6,0,1,202005,0,5,"9242,68"
202005,3,35,355030,J,6311900,1,212420,101,10,26,"40,00",3,1,0,1,20,0,0,0,"8500,00",4,0,1,202005,0,5,"8500,00"
202005,3,35,355030,J,6201501,1,142520,101,80,26,"40,00",3,3,0,1,20,0,0,0,"6442,50",10,0,1,202005,0,5,"6442,50"
202005,3,35,355030,J,6204000,-1,212405,101,9,36,"40,00",6,3,0,1,40,0,0,0,"4000,00",10,0,1,202005,0,5,"4000,00"
202005,3,35,353080,J,6203100,-1,317210,101,8,20,"40,00",1,1,0,1,40,0,0,0,"1675,56",5,0,1,202005,0,5,"1675,56"
202005,3,35,350320,J,6204000,1,212405,101,9,39,"40,00",1,1,0,1,20,0,0,0,"9804,49",8,0,1,202005,0,5,"9804,49"
202005,3,35,355030,J,6204000,-1,212405,101,9,40,"40,00",1,1,0,1,40,0,0,0,"2235,45",6,0,1,202005,0,5,"2235,45"
202005,3,33,330455,J,6204000,-1,317110,101,9,23,"40,00",1,3,0,1,40,0,0,0,"7541,25",6,0,1,202005,0,5,"7541,25"
202005,3,31,317020,J,6203100,1,212405,101,9,25,"40,00",3,1,0,1,20,0,0,0,"2078,98",7,0,1,202005,0,5,"2078,98"
202005,4,41,410690,J,6202300,-1,212420,101,9,26,"40,00",1,1,0,1,31,0,0,0,"3783,52",6,0,1,202005,0,5,"3783,52"
202005,3,32,320530,J,6209100,-1,317210,101,8,30,"40,00",6,1,0,1,31,0,0,0,"1582,79",7,0,1,202005,0,5,"1582,79"
202005,4,42,420540,J,6203100,-1,142520,101,80,42,"40,00",1,3,0,1,43,0,0,0,"7000,00",4,0,1,202005,0,5,"7000,00"
202005,4,43,431490,J,6201501,-1,317210,101,7,35,"40,00",6,1,0,1,40,0,0,0,"1510,65",8,0,1,202005,0,5,"1510,65"
202005,2,23,230100,J,6204000,-1,212405,101,9,40,"40,00",1,1,0,1,40,0,0,0,"5980,35",5,0,1,202005,0,5,"5980,35"
202005,3,35,355030,J,6202300,1,142520,101,80,50,"40,00",6,1,0,1,20,0,0,0,"9600,00",5,0,1,202005,0,5,"9600,00"
202005,3,33,330455,J,6209100,-1,317210,101,8,35,"44,00",3,1,0,1,40,0,0,0,"1443,33",8,0,1,202005,0,5,"1443,33"
202005,4,41,410690,J,6209100,1,212405,101,8,24,"40,00",1,3,0,1,20,0,0,0,"6500,00",7,0,1,202005,0,5,"6500,00"
202005,3,35,354890,J,6202300,-1,212405,101,9,44,"40,00",1,1,0,1,31,0,0,0,"11929,79",8,0,1,202005,0,5,"11929,79"
202005,3,35,355030,J,6201501,1,317110,101,9,33,"40,00",1,1,0,1,20,0,0,0,"1840,38",6,0,1,202005,0,5,"1840,38"
202005,4,41,410690,J,6203100,1,212405,101,9,28,"40,00",1,1,0,1,20,0,0,0,"7000,00",8,0,1,202005,0,5,"7000,00"
202005,3,35,355030,J,6204000,1,212405,101,9,23,"44,00",1,1,0,1,20,0,0,9,"12000,00",10,0,1,202005,0,5,"12000,00"
202005,3,31,314480,J,6201501,-1,212410,101,9,60,"40,00",6,1,0,1,31,0,0,0,"8733,00",7,0,1,202005,0,5,"8733,00"
202005,3,35,355030,J,6201501,-1,212420,101,80,33,"40,00",1,1,0,1,31,0,0,0,"8000,00",3,0,1,202005,0,5,"8000,00"
202005,4,41,410690,J,6201501,1,212405,101,9,35,"40,00",1,1,0,1,20,0,0,0,"8000,00",7,0,1,202005,0,5,"8000,00"
202005,3,35,355030,J,6201501,1,212405,101,8,22,"40,00",2,1,0,1,20,0,0,0,"5000,00",7,0,1,202005,0,5,"5000,00"
202005,3,31,310620,J,6201501,-1,212210,101,9,30,"44,00",3,1,0,1,40,0,0,0,"4000,00",5,0,1,202005,0,5,"4000,00"
202005,3,31,310620,J,6202300,1,317110,101,9,32,"45,00",1,1,0,1,20,0,0,0,"2500,00",5,0,1,202005,0,5,"2500,00"
202005,5,53,530010,J,6201501,1,317110,101,9,23,"40,00",1,1,0,1,10,0,0,0,"6200,00",7,0,1,202005,0,5,"6200,00"
202005,3,35,355030,J,6202300,1,212405,101,9,34,"40,00",1,3,0,1,20,0,0,0,"3800,00",6,0,1,202005,0,5,"3800,00"
202005,3,35,355030,J,6204000,1,317110,101,9,28,"40,00",1,1,0,1,20,0,0,0,"9000,00",7,0,1,202005,0,5,"9000,00"
202005,3,35,350320,J,6204000,1,212405,101,80,32,"40,00",1,1,0,1,20,0,0,0,"9078,79",8,0,1,202005,0,5,"9078,79"
202005,5,52,520870,J,6202300,1,212405,101,9,41,"40,00",1,1,0,1,20,0,0,0,"2454,11",1,0,1,202005,0,5,"2454,11"
202005,3,35,354340,J,6202300,1,212420,101,9,26,"40,00",1,1,0,1,20,0,0,0,"1676,70",8,0,1,202005,0,5,"1676,70"
202005,2,23,230440,J,6203100,-1,317110,101,8,23,"40,00",3,1,0,1,40,0,0,0,"4728,15",8,0,1,202005,0,5,"4728,15"
202005,3,31,310620,J,6204000,-1,212420,101,9,30,"40,00",3,1,0,1,40,0,0,0,"3617,32",5,0,1,202005,0,5,"3617,32"
202005,3,35,355030,J,6203100,-1,212420,101,9,34,"40,00",1,1,0,1,31,0,0,0,"2848,00",8,0,1,202005,0,5,"2848,00"
202005,5,50,500270,J,6202300,-1,317110,101,8,24,"44,00",1,1,0,1,40,0,0,0,"1350,00",5,0,1,202005,0,5,"1350,00"
202005,3,35,355030,J,6203100,-1,212215,101,9,38,"40,00",1,1,0,1,40,0,0,0,"22898,21",8,0,1,202005,0,5,"22898,21"
202005,3,31,317020,J,6203100,-1,317110,101,8,47,"40,00",3,1,0,1,40,0,0,0,"3977,00",8,0,1,202005,0,5,"3977,00"
202005,4,43,431490,J,6201501,-1,212405,101,9,38,"40,00",1,1,0,1,40,0,0,0,"4787,92",6,0,1,202005,0,5,"4787,92"
202005,5,53,530010,J,6204000,1,317110,101,9,27,"44,00",1,1,0,1,20,0,0,0,"4000,00",6,0,1,202005,0,5,"4000,00"
202005,3,35,354980,J,6311900,-1,317210,101,7,51,"40,00",1,1,0,1,60,0,0,0,"1723,00",3,0,1,202005,0,5,"1723,00"
202005,3,35,355030,J,6204000,-1,212405,101,80,36,"40,00",1,1,0,1,31,0,0,0,"1675,56",6,0,1,202005,0,5,"1675,56"
202005,3,35,355030,J,6201501,1,212405,101,9,56,"40,00",1,1,0,1,20,0,0,0,"9400,11",7,0,1,202005,0,5,"9400,11"
202005,2,26,261160,J,6311900,-1,317210,101,7,32,"40,00",1,1,0,1,31,0,0,0,"1652,57",7,0,1,202005,0,5,"1652,57"
202005,5,53,530010,J,6204000,1,212410,101,9,24,"40,00",1,3,0,1,20,0,0,0,"2000,00",8,0,1,202005,0,5,"2000,00"
202005,3,35,350950,J,6202300,-1,212420,101,9,24,"40,00",1,1,0,1,40,0,0,0,"2406,67",7,0,1,202005,0,5,"2406,67"
202005,3,35,355030,J,6209100,1,212405,101,9,34,"40,00",1,1,0,1,20,0,0,0,"5000,00",7,0,1,202005,0,5,"5000,00"
202005,3,31,310620,J,6201501,-1,212405,101,9,29,"40,00",1,1,0,1,40,0,0,0,"8263,00",6,0,1,202005,0,5,"8263,00"
202005,3,31,310620,J,6209100,-1,317110,101,6,18,"30,00",1,1,0,1,31,0,0,0,"1260,00",2,0,1,202005,0,5,"1260,00"
202005,3,35,355030,J,6201501,-1,212405,101,8,29,"40,00",1,1,0,1,31,0,0,0,"8018,15",10,0,1,202005,0,5,"8018,15"
202005,3,35,355030,J,6204000,-1,212420,101,7,37,"40,00",3,1,0,1,31,0,0,0,"4269,54",6,0,1,202005,0,5,"4269,54"
202005,3,35,350950,J,6204000,-1,212410,101,9,26,"39,33",3,1,0,1,31,0,0,0,"1719,44",10,0,1,202005,0,5,"1719,44"
202005,3,33,330455,J,6201501,-1,317210,101,7,55,"40,00",3,1,0,1,31,0,0,0,"1650,42",9,0,1,202005,0,5,"1650,42"
202005,4,41,410690,J,6201501,-1,317110,101,9,28,"40,00",1,1,0,1,31,0,0,0,"3200,00",9,0,1,202005,0,5,"3200,00"
202005,4,42,421580,J,6202300,-1,317110,101,7,23,"40,00",6,3,0,1,43,0,0,0,"1100,00",1,0,1,202005,0,5,"1100,00"
202005,3,31,310620,J,6201501,1,317110,101,9,34,"44,00",6,3,0,1,20,0,0,0,"4000,00",4,0,1,202005,0,5,"4000,00"
202005,4,41,411850,J,6203100,-1,212420,101,9,28,"44,00",1,1,0,1,31,0,0,0,"1554,75",7,0,1,202005,0,5,"1554,75"
202005,4,43,431490,J,6201501,1,317110,101,8,28,"44,00",1,1,0,1,20,0,0,0,"6000,00",8,0,1,202005,0,5,"6000,00"
202005,3,35,352470,J,6201501,1,317110,101,9,33,"40,00",3,3,0,1,20,0,0,0,"7560,00",10,0,1,202005,0,5,"7560,00"
202005,3,35,355030,J,6201501,-1,317110,101,9,25,"40,00",6,1,0,1,40,0,0,0,"5500,00",6,0,1,202005,0,5,"5500,00"
202005,3,35,355030,J,6204000,1,212405,101,8,33,"40,00",2,1,0,1,20,0,0,0,"8750,00",4,0,1,202005,0,5,"8750,00"
202005,4,41,410690,J,6201501,-1,317110,101,7,48,"40,00",1,1,0,1,31,0,0,0,"3963,13",9,0,1,202005,0,5,"3963,13"
202005,4,43,431490,J,6201501,-1,212405,101,9,30,"44,00",1,1,0,1,40,0,0,0,"6324,97",6,0,1,202005,0,5,"6324,97"
202005,2,23,230440,J,6204000,-1,317205,101,9,33,"31,00",3,1,0,1,31,0,0,0,"1332,74",8,0,1,202005,0,5,"1332,74"
202005,5,53,530010,J,6201501,-1,212405,101,9,24,"40,00",3,1,0,1,40,0,0,0,"1574,10",10,0,1,202005,0,5,"1574,10"
202005,3,35,355030,J,6204000,-1,212405,101,9,24,"40,00",2,1,0,1,40,0,0,0,"1620,00",10,0,1,202005,0,5,"1620,00"
202005,3,35,355030,J,6204000,-1,212405,101,9,33,"44,00",1,1,0,1,40,0,0,9,"11082,50",10,0,1,202005,0,5,"11082,50"
202005,4,42,420540,J,6201501,1,317110,101,10,38,"40,00",6,1,0,1,20,0,0,0,"16000,00",2,0,1,202005,0,5,"16000,00"
202005,3,35,355030,J,6204000,-1,212405,101,9,44,"40,00",3,1,0,1,40,0,0,0,"5000,00",10,0,1,202005,0,5,"5000,00"
202005,3,35,355030,J,6201501,1,212405,101,9,32,"40,00",3,1,0,1,20,0,0,0,"7000,00",10,0,1,202005,0,5,"7000,00"
202005,4,41,411370,J,6209100,1,317105,101,9,30,"44,00",6,1,0,1,20,0,0,0,"1400,00",8,0,1,202005,0,5,"1400,00"
202005,4,41,410690,J,6203100,1,212405,101,9,33,"44,00",3,3,0,1,20,0,0,0,"1502,00",5,0,1,202005,0,5,"1502,00"
202005,3,35,354980,J,6202300,-1,212405,101,7,26,"40,00",1,1,0,1,40,0,0,0,"2029,20",4,0,1,202005,0,5,"2029,20"
202005,4,41,410690,J,6203100,1,317110,101,9,30,"40,00",2,1,0,1,20,0,0,0,"4400,00",8,0,1,202005,0,5,"4400,00"
202005,2,21,211130,J,6204000,1,212420,101,7,23,"40,00",1,3,0,1,20,0,0,0,"1600,00",3,0,1,202005,0,5,"1600,00"
202005,3,35,350950,J,6209100,1,212405,101,9,35,"40,00",1,3,0,1,20,0,0,0,"6228,00",8,0,1,202005,0,5,"6228,00"
202005,3,35,350570,J,6209100,-1,212410,101,9,40,"44,00",3,3,0,1,31,0,0,0,"2989,50",2,0,1,202005,0,5,"2989,50"
202005,3,33,330330,J,6203100,1,317210,101,7,36,"36,00",3,1,0,1,20,0,0,0,"1381,46",5,0,1,202005,0,5,"1381,46"
202005,3,35,355030,J,6201501,1,212405,101,9,23,"40,00",1,1,0,1,20,0,0,0,"6800,00",10,0,1,202005,0,5,"6800,00"
202005,3,35,355030,J,6209100,-1,142520,101,9,53,"40,00",1,3,0,1,31,0,0,0,"1675,56",5,0,1,202005,0,5,"1675,56"
202005,5,53,530010,J,6203100,-1,212405,101,80,38,"44,00",3,3,0,1,40,0,0,0,"10572,19",7,0,1,202005,0,5,"10572,19"
202005,2,25,250750,J,6202300,1,317210,101,7,33,"44,00",3,1,0,1,20,0,0,0,"2200,00",4,0,1,202005,0,5,"2200,00"
202005,4,41,412550,J,6203100,-1,212405,101,9,45,"40,00",1,3,0,1,31,0,0,0,"5100,00",7,0,1,202005,0,5,"5100,00"
202005,5,53,530010,J,6201501,1,317210,101,9,27,"36,00",1,1,0,1,20,0,0,0,"1963,18",10,0,1,202005,0,5,"1963,18"
202005,3,35,350570,J,6203100,-1,317110,101,9,21,"40,00",1,1,0,1,31,0,0,0,"1675,56",5,0,1,202005,0,5,"1675,56"
202005,3,35,350570,J,6209100,-1,212410,101,9,30,"44,00",1,1,0,1,31,0,0,0,"2785,00",2,0,1,202005,0,5,"2785,00"
202005,3,35,350570,J,6201501,-1,317110,101,9,34,"40,00",6,1,0,1,40,0,0,0,"5822,11",5,0,1,202005,0,5,"5822,11"
202005,3,35,355030,J,6311900,1,212405,101,9,31,"40,00",1,1,0,1,20,0,0,0,"12948,00",1,0,1,202005,0,5,"12948,00"
202005,3,35,355030,J,6209100,-1,212420,101,8,24,"40,00",3,1,0,1,40,0,0,0,"2500,00",7,0,1,202005,0,5,"2500,00"
202005,3,35,355030,J,6201501,1,212405,101,8,28,"40,00",3,1,0,1,20,0,0,0,"8000,00",8,0,1,202005,0,5,"8000,00"
202005,3,35,355030,J,6311900,-1,212405,101,9,30,"44,00",2,3,0,1,31,0,0,0,"3000,00",8,0,1,202005,0,5,"3000,00"
202005,3,33,330330,J,6203100,-1,317210,101,7,19,"36,00",2,1,0,1,40,0,0,0,"1381,46",5,0,1,202005,0,5,"1381,46"
202005,4,43,431490,J,6311900,1,317110,101,9,43,"40,00",1,1,0,1,20,0,0,0,"12500,00",7,0,1,202005,0,5,"12500,00"
202005,3,33,330455,J,6201501,-1,212420,101,9,38,"40,00",1,1,0,1,40,0,0,0,"6602,37",6,0,1,202005,0,5,"6602,37"
202005,3,31,310620,J,6209100,-1,212420,101,8,26,"40,00",3,1,0,1,40,0,0,0,"4209,19",3,0,1,202005,0,5,"4209,19"
202005,3,35,354730,J,6204000,-1,212420,101,9,29,"36,00",1,1,0,1,31,0,0,0,"1869,75",9,0,1,202005,0,5,"1869,75"
202005,3,35,355030,J,6202300,1,317110,101,9,31,"44,00",6,3,0,1,20,0,0,0,"3000,00",5,0,1,202005,0,5,"3000,00"
202005,3,35,355030,J,6209100,1,212405,101,9,51,"40,00",2,1,0,1,20,0,0,0,"10000,00",7,0,1,202005,0,5,"10000,00"
202005,4,42,420240,J,6204000,1,317210,101,7,19,"42,30",3,1,0,1,20,0,0,0,"1652,68",6,0,1,202005,0,5,"1652,68"
202005,3,35,350950,J,6201501,-1,317110,101,8,21,"40,00",3,1,0,1,40,3,0,0,"1752,00",10,0,1,202005,0,5,"1752,00"
202005,3,35,355030,J,6202300,1,212420,101,9,33,"40,00",1,1,0,1,20,0,0,0,"2623,19",7,0,1,202005,0,5,"2623,19"
202005,3,33,330455,J,6201501,-1,212410,101,8,30,"44,00",1,1,0,1,40,0,0,0,"2269,30",5,0,1,202005,0,5,"2269,30"
202005,2,29,292740,J,6202300,-1,212405,101,9,39,"40,00",3,1,0,1,40,0,0,0,"2645,83",3,0,1,202005,0,5,"2645,83"
202005,3,35,355030,J,6201501,-1,212405,101,7,29,"40,00",6,1,0,1,40,0,0,0,"2520,00",4,0,1,202005,0,5,"2520,00"
202005,3,33,330455,J,6204000,-1,212405,101,7,33,"40,00",1,1,0,1,40,0,0,0,"5845,65",5,0,1,202005,0,5,"5845,65"
202005,3,35,355030,J,6204000,1,317110,101,9,42,"44,00",1,3,0,1,10,0,0,9,"4500,00",10,0,1,202005,0,5,"4500,00"
202005,5,53,530010,J,6203100,-1,212405,101,8,28,"44,00",3,1,0,1,40,0,0,0,"6620,00",8,0,1,202005,0,5,"6620,00"
202005,3,35,355030,J,6204000,1,212420,101,80,53,"40,00",1,1,0,1,20,0,0,0,"12000,00",10,0,1,202005,0,5,"12000,00"
202005,1,15,150553,J,6209100,-1,212420,101,8,38,"40,00",3,1,0,1,40,0,0,0,"4400,00",4,0,1,202005,0,5,"4400,00"
202005,3,32,320530,J,6209100,-1,317210,101,9,23,"40,00",6,1,0,1,31,0,0,0,"1375,68",6,0,1,202005,0,5,"1375,68"
202005,3,35,355030,J,6203100,1,317110,101,9,28,"40,00",1,1,0,1,20,0,0,0,"6000,00",5,0,1,202005,0,5,"6000,00"
202005,3,35,355030,J,6204000,1,212420,101,9,35,"40,00",1,1,0,1,20,0,0,0,"12000,00",6,0,1,202005,0,5,"12000,00"
202005,3,31,310620,J,6203100,1,212420,101,7,24,"44,00",3,1,0,1,20,0,0,0,"1500,00",4,0,1,202005,0,5,"1500,00"
202005,3,35,355030,J,6204000,-1,212405,101,9,32,"40,00",1,1,0,1,40,0,0,0,"6993,56",10,0,1,202005,0,5,"6993,56"
202005,3,31,310620,J,6204000,1,212405,101,9,37,"40,00",1,1,0,1,20,0,0,0,"11700,00",7,0,1,202005,0,5,"11700,00"
202005,5,52,520870,J,6204000,1,212420,101,9,33,"44,00",3,1,0,1,20,0,0,0,"3439,05",7,0,1,202005,0,5,"3439,05"
202005,3,31,310620,J,6201501,1,212405,101,9,29,"40,00",3,3,0,1,20,0,0,0,"8500,00",6,0,1,202005,0,5,"8500,00"
202005,3,31,310620,J,6204000,1,212420,101,9,33,"44,00",1,3,0,1,20,0,0,0,"2000,88",6,0,1,202005,0,5,"2000,88"
202005,3,35,355030,J,6201501,1,212405,101,8,47,"40,00",3,1,0,1,20,0,0,0,"9000,00",10,0,1,202005,0,5,"9000,00"
202005,3,31,310620,J,6201501,1,212415,101,9,26,"40,00",6,1,0,1,20,0,0,0,"4176,65",7,0,1,202005,0,5,"4176,65"
202005,4,43,431490,J,6201502,1,212405,101,8,24,"44,00",1,3,0,1,20,0,0,0,"2000,00",4,0,1,202005,0,5,"2000,00"
202005,3,35,350570,J,6201501,1,212405,101,9,45,"40,00",1,1,0,1,20,0,0,0,"9500,00",9,0,1,202005,0,5,"9500,00"
202005,3,33,330455,J,6201501,1,212205,101,9,35,"40,00",1,1,0,1,20,0,0,0,"7500,00",5,0,1,202005,0,5,"7500,00"
202005,3,35,355030,J,6201501,-1,317110,101,8,31,"40,00",3,1,0,1,31,0,0,0,"10065,01",10,0,1,202005,0,5,"10065,01"
202005,3,31,317020,J,6201501,1,212405,101,9,38,"44,00",1,1,0,1,20,0,0,0,"7000,00",8,0,1,202005,0,5,"7000,00"
202005,3,35,350400,J,6201501,-1,317110,101,80,27,"40,00",1,1,0,1,40,0,0,0,"2778,41",7,0,1,202005,0,5,"2778,41"
202005,4,41,410690,J,6209100,1,212415,101,9,35,"40,00",1,3,0,1,20,0,0,0,"7700,00",7,0,1,202005,0,5,"7700,00"
202005,3,35,355030,J,6201501,-1,212405,101,80,42,"40,00",1,1,0,1,31,0,0,0,"2200,00",8,0,1,202005,0,5,"2200,00"
202005,3,35,355030,J,6209100,1,317110,101,7,20,"44,00",3,1,0,1,10,0,0,0,"3040,30",4,0,1,202005,0,5,"3040,30"
202005,2,23,230440,J,6204000,1,317110,101,8,22,"40,00",1,1,0,1,20,0,0,0,"1543,00",7,0,1,202005,0,5,"1543,00"
202005,4,41,410690,J,6203100,1,142510,101,80,37,"40,00",1,3,0,1,20,0,0,0,"9000,00",8,0,1,202005,0,5,"9000,00"
202005,2,23,230440,J,6204000,-1,317205,101,7,23,"36,00",3,3,0,1,31,0,0,0,"1300,00",8,0,1,202005,0,5,"1300,00"
202005,3,35,354730,J,6209100,1,212420,101,11,51,"36,00",6,1,0,1,20,0,0,0,"1841,52",10,0,1,202005,0,5,"1841,52"
202005,3,35,355030,J,6311900,1,212405,101,9,32,"40,00",1,1,0,1,20,0,0,0,"7241,16",6,0,1,202005,0,5,"7241,16"
202005,2,26,261160,J,6204000,1,317110,101,8,21,"40,00",2,1,0,1,20,0,0,0,"5687,88",9,0,1,202005,0,5,"5687,88"
202005,4,43,431490,J,6311900,1,212405,101,8,51,"40,00",1,1,0,1,20,0,0,0,"6013,86",9,0,1,202005,0,5,"6013,86"
202005,3,35,355030,J,6204000,-1,317110,101,8,24,"44,00",1,1,0,1,31,0,0,9,"4500,00",10,0,1,202005,0,5,"4500,00"
202005,3,35,355030,J,6203100,1,212420,101,9,27,"40,00",1,1,0,1,20,0,0,0,"3800,00",6,0,1,202005,0,5,"3800,00"
202005,3,35,355030,J,6201501,1,142520,101,80,41,"40,00",3,1,0,1,20,0,0,0,"10098,54",10,0,1,202005,0,5,"10098,54"
202005,3,35,355030,J,6201501,1,212405,101,9,46,"40,00",1,1,0,1,20,0,0,0,"12000,00",10,0,1,202005,0,5,"12000,00"
202005,4,43,431490,J,6311900,1,212405,101,8,19,"40,00",1,3,0,1,20,0,0,0,"2236,27",7,0,1,202005,0,5,"2236,27"
202005,3,35,355030,J,6201501,1,212405,101,9,35,"40,00",6,1,0,1,20,0,0,0,"10500,00",5,0,1,202005,0,5,"10500,00"
202005,4,43,431490,J,6201501,1,317110,101,8,20,"40,00",1,1,0,1,20,0,0,0,"4500,00",8,0,1,202005,0,5,"4500,00"
202005,2,26,261160,J,6202300,1,317110,101,9,28,"40,00",3,1,0,1,20,0,0,0,"2975,67",8,0,1,202005,0,5,"2975,67"
202005,4,41,410690,J,6203100,1,212405,101,9,27,"40,00",6,1,0,1,20,0,0,0,"4200,00",7,0,1,202005,0,5,"4200,00"
202005,5,53,530010,J,6201501,-1,317110,101,9,24,"40,00",6,1,0,1,40,0,0,0,"2607,59",9,0,1,202005,0,5,"2607,59"
202005,4,41,410690,J,6201501,-1,317110,101,80,27,"40,00",1,1,0,1,31,0,0,0,"3200,00",9,0,1,202005,0,5,"3200,00"
202005,3,35,355030,J,6201501,-1,212420,101,8,29,"40,00",1,1,0,1,40,0,0,0,"1560,00",6,0,1,202005,0,5,"1560,00"
202005,1,15,150140,J,6202300,-1,317110,101,8,24,"44,00",1,1,0,1,40,0,0,0,"2115,19",4,0,1,202005,0,5,"2115,19"
202005,3,35,355030,J,6204000,-1,212405,101,9,37,"40,00",1,1,0,1,31,0,0,0,"5164,39",10,0,1,202005,0,5,"5164,39"
202005,3,31,317020,J,6202300,-1,212420,101,7,27,"44,00",1,1,0,1,31,0,0,0,"2121,53",3,0,1,202005,0,5,"2121,53"
202005,3,35,355030,J,6203100,1,212420,101,7,28,"40,00",3,3,0,1,20,0,0,0,"3500,00",4,0,1,202005,0,5,"3500,00"
202005,4,41,411850,J,6203100,1,212420,101,9,30,"44,00",3,3,0,1,20,0,0,0,"1403,60",8,0,1,202005,0,5,"1403,60"
202005,5,51,510340,J,6311900,-1,317210,101,8,27,"40,00",1,1,0,1,31,0,0,0,"2041,00",3,0,1,202005,0,5,"2041,00"
202005,3,35,355030,J,6203100,-1,212405,101,11,37,"40,00",3,1,0,1,40,0,0,0,"6408,21",9,0,1,202005,0,5,"6408,21"
202005,3,35,355030,J,6201501,-1,212410,101,8,40,"40,00",6,1,0,1,31,0,0,0,"1675,56",10,0,1,202005,0,5,"1675,56"
202005,3,35,350320,J,6204000,1,212405,101,9,24,"40,00",1,1,0,1,20,0,0,0,"9078,80",8,0,1,202005,0,5,"9078,80"
202005,5,51,510340,J,6202300,-1,317110,101,9,31,"44,00",1,1,0,1,40,0,0,0,"2557,00",8,0,1,202005,0,5,"2557,00"
202005,3,35,355030,J,6202300,1,212305,101,9,37,"40,00",1,3,0,1,20,0,0,0,"10509,00",4,0,1,202005,0,5,"10509,00"
202005,4,41,410690,J,6201501,-1,317110,101,9,54,"40,00",1,1,0,1,40,0,0,0,"5378,00",3,0,1,202005,0,5,"5378,00"
202005,3,35,355030,J,6209100,1,212420,101,8,28,"44,00",1,1,0,1,10,0,0,0,"1675,56",4,0,1,202005,0,5,"1675,56"
202005,3,35,355030,J,6201501,1,212405,101,9,39,"40,00",1,1,0,1,20,0,0,0,"7400,00",10,0,1,202005,0,5,"7400,00"
202005,3,33,330455,J,6201501,1,212405,101,9,49,"40,00",1,3,0,1,20,0,0,0,"9236,00",8,0,1,202005,0,5,"9236,00"
202005,4,41,411520,J,6209100,1,212405,101,9,25,"40,00",1,1,0,1,20,0,0,0,"3592,00",7,0,1,202005,0,5,"3592,00"
202005,4,43,431870,J,6203100,-1,212420,101,9,27,"44,00",1,1,0,1,40,0,0,0,"3076,50",7,0,1,202005,0,5,"3076,50"
202005,3,31,310620,J,6201501,1,212405,101,8,28,"40,00",3,1,0,1,20,0,0,0,"4000,00",6,0,1,202005,0,5,"4000,00"
202005,3,33,330330,J,6204000,-1,212305,101,9,45,"40,00",1,1,0,1,31,0,0,0,"12564,25",8,0,1,202005,0,5,"12564,25"
202005,2,29,292740,J,6204000,-1,212405,101,9,28,"44,00",3,1,0,1,31,0,0,0,"3953,04",9,0,1,202005,0,5,"3953,04"
202005,4,41,410690,J,6204000,1,212405,101,9,31,"40,00",1,3,0,1,20,0,0,0,"2300,00",7,0,1,202005,0,5,"2300,00"
202005,3,35,355030,J,6204000,1,212405,101,9,39,"44,00",3,1,0,1,20,0,0,9,"7500,00",10,0,1,202005,0,5,"7500,00"
202005,3,33,330455,J,6204000,-1,212405,101,7,27,"40,00",1,1,0,1,40,0,0,0,"2000,00",5,0,1,202005,0,5,"2000,00"
202005,3,35,354730,J,6204000,-1,212420,101,5,41,"40,00",3,1,0,1,31,0,0,0,"2430,00",9,0,1,202005,0,5,"2430,00"
202005,3,35,355030,J,6201501,1,212405,101,9,35,"40,00",3,1,0,1,20,0,0,0,"7200,00",10,0,1,202005,0,5,"7200,00"
202005,3,31,310620,J,6204000,1,212420,101,9,28,"40,00",3,1,0,1,20,0,0,0,"1423,11",7,0,1,202005,0,5,"1423,11"
202005,2,25,250750,J,6202300,-1,212405,101,9,22,"44,00",1,1,0,1,40,0,0,0,"2841,93",7,0,1,202005,0,5,"2841,93"
202005,5,50,500270,J,6201501,-1,212405,101,80,28,"44,00",1,3,0,1,40,0,0,0,"3595,97",7,0,1,202005,0,5,"3595,97"
202005,3,35,355030,J,6209100,1,212410,101,4,30,"44,00",3,1,0,1,20,0,0,0,"1500,00",1,0,1,202005,0,5,"1500,00"
202005,5,53,530010,J,6204000,-1,212405,101,9,32,"40,00",1,1,0,1,40,0,0,0,"4500,00",7,0,1,202005,0,5,"4500,00"
202005,5,52,520870,J,6201501,-1,317210,101,9,53,"40,00",3,3,0,1,31,0,0,0,"3300,00",8,0,1,202005,0,5,"3300,00"
202005,3,33,330455,J,6204000,1,317210,101,8,31,"40,00",2,1,0,1,20,0,0,0,"4109,56",6,0,1,202005,0,5,"4109,56"
202005,3,35,355030,J,6204000,1,212405,101,9,44,"40,00",3,3,0,1,20,0,0,0,"4000,00",7,0,1,202005,0,5,"4000,00"
202005,4,43,431490,J,6311900,-1,317110,101,8,24,"33,00",1,1,0,1,31,0,0,0,"2220,00",7,0,1,202005,0,5,"2220,00"
202005,3,35,350570,J,6201501,-1,212415,101,80,37,"40,00",3,1,0,1,40,0,0,0,"2205,70",7,0,1,202005,0,5,"2205,70"
202005,3,35,355030,J,6201501,-1,212420,101,9,45,"36,00",1,1,0,1,31,0,0,0,"1800,00",8,0,1,202005,0,5,"1800,00"
202005,3,35,355030,J,6201501,1,212405,101,9,41,"40,00",3,1,0,1,20,0,0,0,"6064,97",10,0,1,202005,0,5,"6064,97"
202005,4,43,431490,J,6203100,1,212420,101,8,18,"40,00",1,1,0,1,20,0,0,0,"1880,00",7,0,1,202005,0,5,"1880,00"
202005,3,35,350570,J,6202300,-1,212405,101,9,27,"40,00",1,1,0,1,40,0,0,0,"6000,00",5,0,1,202005,0,5,"6000,00"
202005,3,35,350950,J,6204000,1,212405,101,7,26,"40,00",6,1,0,1,20,0,0,0,"2500,00",4,0,1,202005,0,5,"2500,00"
202005,3,35,352470,J,6201501,1,212405,101,9,34,"40,00",1,1,0,1,20,0,0,0,"5000,00",10,0,1,202005,0,5,"5000,00"
202005,3,35,355030,J,6201501,-1,212405,101,9,47,"40,00",1,3,0,1,31,0,0,0,"10395,75",10,0,1,202005,0,5,"10395,75"
202005,3,35,355030,J,6204000,1,212420,101,9,29,"40,00",1,1,0,1,20,0,0,0,"6500,00",8,0,1,202005,0,5,"6500,00"
202005,3,35,350950,J,6204000,-1,212215,101,9,26,"40,00",6,1,0,1,40,0,0,0,"1675,66",3,0,1,202005,0,5,"1675,66"
202005,5,53,530010,J,6204000,1,212410,101,80,32,"40,00",1,1,0,1,20,0,0,0,"6500,00",1,0,1,202005,0,5,"6500,00"
202005,3,35,355030,J,6204000,1,212410,101,9,41,"40,00",1,1,0,1,20,0,0,0,"6000,00",8,0,1,202005,0,5,"6000,00"
202005,3,35,350950,J,6201501,-1,212405,101,80,31,"40,00",1,1,0,1,40,0,0,0,"2687,94",4,0,1,202005,0,5,"2687,94"
202005,4,43,431490,J,6203100,-1,317110,101,8,22,"40,00",1,1,0,1,31,0,0,0,"3732,82",7,0,1,202005,0,5,"3732,82"
202005,5,53,530010,J,6201501,-1,212420,101,9,46,"44,00",3,3,0,1,31,0,0,0,"3243,18",9,0,1,202005,0,5,"3243,18"
202005,3,32,320500,J,6202300,1,212405,101,7,32,"40,00",1,1,0,1,20,0,0,0,"2000,00",4,0,1,202005,0,5,"2000,00"
202005,4,41,410480,J,6201501,1,212420,101,9,36,"44,00",1,1,0,1,20,0,0,0,"1988,05",7,0,1,202005,0,5,"1988,05"
202005,4,43,431490,J,6201501,1,317110,101,8,23,"40,00",6,1,0,1,20,0,0,0,"2000,00",6,0,1,202005,0,5,"2000,00"
202005,3,35,352470,J,6201501,-1,317210,101,9,37,"40,00",3,1,0,1,60,0,0,0,"3000,00",10,0,1,202005,0,5,"3000,00"
202005,3,31,314080,J,6204000,1,212405,101,9,34,"40,00",1,1,0,1,20,0,0,0,"2180,00",7,0,1,202005,0,5,"2180,00"
202005,3,31,317020,J,6203100,-1,212405,101,9,26,"44,00",3,3,0,1,40,0,0,0,"1590,21",6,0,1,202005,0,5,"1590,21"
202005,3,33,330455,J,6204000,-1,212405,101,9,42,"40,00",3,1,0,1,40,0,0,0,"6127,00",4,0,1,202005,0,5,"6127,00"
202005,3,35,354730,J,6203100,1,212415,101,7,21,"44,00",3,1,0,1,20,0,0,0,"1500,00",3,0,1,202005,0,5,"1500,00"
202005,5,51,510704,J,6202300,-1,317110,101,9,26,"44,00",3,1,0,1,40,0,0,0,"1900,00",5,0,1,202005,0,5,"1900,00"
202005,3,35,354990,J,6209100,-1,212405,101,9,42,"40,00",6,1,0,1,40,0,0,0,"11930,00",6,0,1,202005,0,5,"11930,00"
202005,3,32,320530,J,6209100,1,212420,101,9,32,"40,00",1,1,0,1,20,0,0,0,"3500,00",5,0,1,202005,0,5,"3500,00"
202005,3,33,330455,J,6201501,1,212420,101,80,68,"40,00",1,1,0,1,20,0,0,0,"7300,00",8,0,1,202005,0,5,"7300,00"
202005,3,31,310620,J,6201501,1,212405,101,80,36,"40,00",3,1,0,1,20,0,0,0,"4500,00",6,0,1,202005,0,5,"4500,00"
202005,3,35,355030,J,6204000,-1,212405,101,9,23,"40,00",3,3,0,1,31,0,0,0,"1675,56",3,0,1,202005,0,5,"1675,56"
202005,3,35,350570,J,6203100,1,212405,101,9,26,"44,00",6,1,0,1,20,0,0,0,"3000,00",6,0,1,202005,0,5,"3000,00"
202005,3,35,354730,J,6204000,-1,212420,101,9,23,"36,00",1,3,0,1,31,0,0,0,"2079,55",9,0,1,202005,0,5,"2079,55"
202005,3,31,317020,J,6204000,-1,212405,101,9,41,"40,00",3,1,0,1,31,0,0,0,"5600,65",8,0,1,202005,0,5,"5600,65"
202005,3,35,355030,J,6203100,-1,142535,101,80,57,"40,00",1,1,0,1,31,0,0,0,"10339,00",7,0,1,202005,0,5,"10339,00"
202005,3,35,353440,J,6311900,1,317210,101,6,18,"36,00",2,1,0,1,20,0,0,0,"1211,39",8,0,1,202005,0,5,"1211,39"
202005,3,35,355030,J,6201501,-1,212420,101,9,39,"40,00",1,3,0,1,31,0,0,0,"2077,83",3,0,1,202005,0,5,"2077,83"
202005,3,35,355030,J,6201501,1,212405,101,9,26,"40,00",3,3,0,1,20,0,0,0,"4500,00",9,0,1,202005,0,5,"4500,00"
202005,4,41,412550,J,6311900,1,212420,101,7,29,"40,00",6,1,0,1,20,0,0,0,"3072,00",2,0,1,202005,0,5,"3072,00"
202005,3,33,330455,J,6201501,-1,142520,101,9,36,"40,00",3,3,0,1,40,0,0,0,"10000,00",7,0,1,202005,0,5,"10000,00"
202005,3,35,350570,J,6201501,1,212415,101,8,21,"40,00",1,1,0,1,20,0,0,0,"1824,73",7,0,1,202005,0,5,"1824,73"
202005,3,35,355030,J,6204000,-1,212305,101,9,35,"40,00",3,1,0,1,31,0,0,0,"10000,00",5,0,1,202005,0,5,"10000,00"
202005,3,35,350950,J,6204000,-1,212405,101,9,42,"44,00",1,1,0,1,31,0,0,0,"1620,75",4,0,1,202005,0,5,"1620,75"
202005,3,35,350950,J,6202300,-1,212405,101,8,25,"40,00",1,1,0,1,40,0,0,0,"3576,73",7,0,1,202005,0,5,"3576,73"
202005,3,31,310620,J,6202300,1,212420,101,8,27,"40,00",6,3,0,1,20,0,0,0,"2197,36",7,0,1,202005,0,5,"2197,36"
202005,4,41,410690,J,6204000,1,212405,101,9,33,"40,00",1,1,0,1,20,0,0,0,"5800,00",8,0,1,202005,0,5,"5800,00"
202005,3,31,314330,J,6209100,1,212420,101,9,29,"44,00",6,1,0,1,20,0,0,0,"1045,00",3,0,1,202005,0,5,"1045,00"
202005,3,33,330455,J,6204000,-1,317210,101,9,35,"40,00",1,1,0,1,40,0,0,0,"8390,39",5,0,1,202005,0,5,"8390,39"
202005,3,31,310620,J,6201501,-1,317210,101,9,31,"36,00",2,1,0,1,40,0,0,0,"2948,39",8,0,1,202005,0,5,"2948,39"
202005,2,26,261160,J,6204000,1,212420,101,9,44,"40,00",3,1,0,1,20,0,0,0,"4000,00",6,0,1,202005,0,5,"4000,00"
202005,3,35,350570,J,6209100,-1,212320,101,9,35,"40,00",1,3,0,1,31,0,0,0,"4000,00",7,0,1,202005,0,5,"4000,00"
202005,4,41,410690,J,6203100,1,212405,101,9,29,"40,00",1,1,0,1,20,0,0,0,"6000,00",7,0,1,202005,0,5,"6000,00"
202005,3,35,354730,J,6209100,1,212405,101,9,35,"40,00",6,3,0,1,20,0,0,0,"7500,00",10,0,1,202005,0,5,"7500,00"
202005,4,43,431490,J,6201501,1,212405,101,9,35,"40,00",6,1,0,1,20,0,0,0,"8200,00",7,0,1,202005,0,5,"8200,00"
202005,3,35,355030,J,6201501,-1,317110,101,9,38,"40,00",1,1,0,1,31,0,0,0,"8543,00",7,0,1,202005,0,5,"8543,00"
202005,4,43,431340,J,6202300,-1,317210,101,7,29,"44,00",6,1,0,1,43,0,0,0,"1750,00",7,0,1,202005,0,5,"1750,00"
202005,3,35,355030,J,6202300,1,212405,101,9,41,"40,00",1,1,0,1,20,0,0,0,"6700,00",3,0,1,202005,0,5,"6700,00"
202005,3,31,310620,J,6201501,1,212405,101,9,33,"40,00",3,1,0,1,20,0,0,0,"9800,00",9,0,1,202005,0,5,"9800,00"
202005,5,53,530010,J,6204000,-1,142510,101,9,34,"40,00",3,1,0,1,40,0,0,0,"2116,53",7,0,1,202005,0,5,"2116,53"
202005,3,35,350950,J,6202300,-1,212405,101,7,27,"40,00",1,3,0,1,31,0,0,0,"2500,00",5,0,1,202005,0,5,"2500,00"
202005,5,53,530010,J,6204000,-1,212410,101,80,49,"40,00",1,1,0,1,43,0,0,0,"3261,33",1,0,1,202005,0,5,"3261,33"
202005,2,25,250750,J,6203100,1,212405,101,9,28,"44,00",3,1,0,1,20,0,0,0,"3082,02",4,0,1,202005,0,5,"3082,02"
202005,3,31,310620,J,6202300,-1,212215,101,8,34,"44,00",1,1,0,1,31,0,0,0,"2017,70",5,0,1,202005,0,5,"2017,70"
202005,4,41,411520,J,6203100,-1,317110,101,7,30,"44,00",1,1,0,1,31,0,0,0,"1600,00",5,0,1,202005,0,5,"1600,00"
202005,3,35,355030,J,6204000,-1,212405,101,9,24,"40,00",1,1,0,1,40,0,0,0,"5332,14",8,0,1,202005,0,5,"5332,14"
202005,3,35,354890,J,6203100,-1,212205,101,9,34,"40,00",1,1,0,1,31,0,0,0,"4401,74",7,0,1,202005,0,5,"4401,74"
202005,3,31,317020,J,6204000,1,142520,101,8,64,"40,00",1,1,0,1,20,0,0,0,"6000,00",8,0,1,202005,0,5,"6000,00"
202005,3,35,350600,J,6202300,-1,212405,101,7,29,"44,00",1,3,0,1,31,0,0,0,"1678,42",4,0,1,202005,0,5,"1678,42"
202005,3,35,355030,J,6204000,1,212405,101,8,38,"44,00",1,1,0,1,20,0,0,9,"5500,00",10,0,1,202005,0,5,"5500,00"
202005,3,33,330455,J,6201501,1,212405,101,9,29,"40,00",1,1,0,1,20,0,0,0,"4896,14",9,0,1,202005,0,5,"4896,14"
202005,4,43,431490,J,6209100,1,317210,101,9,29,"44,00",1,1,0,1,20,0,0,0,"1750,00",8,0,1,202005,0,5,"1750,00"
202005,4,42,421290,J,6202300,-1,212420,101,7,20,"44,00",1,1,0,1,31,0,0,0,"1100,00",4,0,1,202005,0,5,"1100,00"
202005,3,35,355030,J,6209100,1,317210,101,8,39,"44,00",6,1,0,1,20,0,0,0,"1500,00",5,0,1,202005,0,5,"1500,00"
202005,3,31,310620,J,6204000,1,212420,101,9,29,"40,00",3,1,0,1,20,0,0,0,"1546,86",7,0,1,202005,0,5,"1546,86"
202005,3,35,355030,J,6202300,1,212405,101,8,30,"40,00",1,3,0,1,20,0,0,0,"4200,00",5,0,1,202005,0,5,"4200,00"
202005,2,29,292740,J,6201501,1,317110,101,9,32,"44,00",3,3,0,1,20,0,0,0,"1800,00",7,0,1,202005,0,5,"1800,00"
202005,3,35,350570,J,6209100,1,317110,101,9,37,"40,00",6,1,0,1,20,0,0,0,"1730,00",7,0,1,202005,0,5,"1730,00"
202005,4,43,431870,J,6204000,1,212405,101,9,49,"40,00",1,1,0,1,10,0,0,0,"12672,00",10,0,1,202005,0,5,"12672,00"
202005,3,35,355030,J,6204000,1,212405,101,9,47,"40,00",1,1,0,1,20,0,0,0,"11000,00",10,0,1,202005,0,5,"11000,00"
202005,3,35,355030,J,6201501,1,212420,101,9,30,"40,00",1,1,0,1,20,0,0,0,"1675,56",9,0,1,202005,0,5,"1675,56"
202005,3,35,355030,J,6203100,1,317110,101,8,24,"40,00",6,1,0,1,20,0,0,0,"1800,00",5,0,1,202005,0,5,"1800,00"
202005,4,42,420420,J,6209100,-1,212420,101,7,23,"44,00",1,1,0,1,31,0,0,0,"1853,00",7,0,1,202005,0,5,"1853,00"
202005,2,29,292740,J,6311900,1,317110,101,8,24,"42,00",2,1,0,1,20,0,0,0,"1698,40",4,0,1,202005,0,5,"1698,40"
202005,3,35,350950,J,6201501,1,212405,101,9,31,"40,00",1,1,0,1,20,0,0,0,"11000,00",7,0,1,202005,0,5,"11000,00"
202005,3,35,355030,J,6201501,-1,317110,101,9,25,"40,00",1,1,0,1,43,0,0,0,"2270,00",10,0,1,202005,0,5,"2270,00"
202005,3,35,350570,J,6201501,-1,142510,101,80,42,"40,00",3,3,0,1,31,0,0,0,"13902,46",9,0,1,202005,0,5,"13902,46"
202005,2,25,250750,J,6209100,-1,212405,101,9,37,"40,00",3,1,0,1,40,0,0,0,"3082,00",6,0,1,202005,0,5,"3082,00"
202005,4,42,420910,J,6202300,-1,212405,101,80,29,"42,00",1,1,0,1,31,0,0,0,"2274,77",7,0,1,202005,0,5,"2274,77"
202005,4,41,410690,J,6209100,-1,212315,101,8,21,"36,00",1,1,0,1,31,0,0,0,"2767,60",9,0,1,202005,0,5,"2767,60"
202005,3,35,355030,J,6201501,-1,212405,101,9,53,"40,00",6,1,0,1,31,0,0,0,"6139,80",10,0,1,202005,0,5,"6139,80"
202005,3,35,355030,J,6203100,1,212405,101,9,32,"40,00",1,1,0,1,20,0,0,0,"10000,00",6,0,1,202005,0,5,"10000,00"
202005,3,35,355030,J,6204000,-1,212405,101,9,38,"40,00",1,1,0,1,40,0,0,0,"10387,10",9,0,1,202005,0,5,"10387,10"
202005,3,35,354730,J,6202300,-1,212420,101,8,41,"40,00",2,1,0,1,31,0,0,0,"2152,61",4,0,1,202005,0,5,"2152,61"
202005,4,41,410690,J,6201501,-1,212405,101,9,34,"40,00",2,1,0,1,40,0,0,0,"9137,87",7,0,1,202005,0,5,"9137,87"
202005,3,35,355030,J,6209100,-1,212420,101,9,50,"40,00",3,1,0,1,31,0,0,0,"2632,42",3,0,1,202005,0,5,"2632,42"
202005,3,33,330455,J,6204000,-1,212405,101,9,39,"40,00",1,1,0,1,40,0,0,0,"6400,00",5,0,1,202005,0,5,"6400,00"
202005,5,51,510340,J,6209100,-1,317210,101,8,26,"44,00",3,3,0,1,40,0,0,0,"1540,00",6,0,1,202005,0,5,"1540,00"
202005,4,41,410690,J,6204000,-1,212405,101,9,65,"40,00",1,1,0,1,31,0,0,0,"6319,97",7,0,1,202005,0,5,"6319,97"
202005,2,25,250750,J,6201501,1,212405,101,9,31,"44,00",3,1,0,1,20,0,0,0,"4000,00",7,0,1,202005,0,5,"4000,00"
202005,5,53,530010,J,6209100,1,317110,101,9,29,"40,00",1,1,0,1,20,0,0,0,"6500,00",6,0,1,202005,0,5,"6500,00"
202005,3,35,350570,J,6203100,1,212405,101,9,23,"40,00",3,1,0,1,20,0,0,0,"11000,00",9,0,1,202005,0,5,"11000,00"
202005,3,35,355030,J,6204000,-1,212420,101,9,37,"40,00",4,1,0,1,40,0,0,0,"2205,52",10,0,1,202005,0,5,"2205,52"
202005,4,42,420910,J,6201501,-1,212420,101,80,31,"42,50",1,1,0,1,31,0,0,0,"4298,00",7,0,1,202005,0,5,"4298,00"
202005,3,31,310620,J,6209100,1,317205,101,7,27,"44,00",3,3,0,1,20,0,0,0,"1188,57",10,0,1,202005,0,5,"1188,57"
202005,2,26,261160,J,6311900,-1,317210,101,9,54,"40,00",3,3,0,1,31,0,0,0,"1652,57",7,0,1,202005,0,5,"1652,57"
202005,4,41,410690,J,6204000,-1,212405,101,9,32,"40,00",1,1,0,1,31,0,0,0,"9000,00",7,0,1,202005,0,5,"9000,00"
202005,3,35,352390,J,6209100,1,212405,101,7,44,"44,00",1,1,0,1,20,0,0,0,"4000,00",3,0,1,202005,0,5,"4000,00"
202005,5,53,530010,J,6209100,-1,212405,101,9,38,"44,00",3,1,0,1,31,0,0,0,"7992,48",6,0,1,202005,0,5,"7992,48"
202005,3,31,310620,J,6201501,1,212420,101,7,24,"40,00",2,3,0,1,20,0,0,0,"1693,27",9,0,1,202005,0,5,"1693,27"
202005,3,31,310620,J,6204000,-1,142520,101,80,54,"40,00",1,1,0,1,31,0,0,0,"9500,00",8,0,1,202005,0,5,"9500,00"
202005,5,53,530010,J,6203100,1,212405,101,9,25,"45,00",1,1,0,1,20,0,0,0,"2500,00",3,0,1,202005,0,5,"2500,00"
202005,3,35,355030,J,6203100,1,212420,101,7,42,"40,00",1,1,0,1,20,0,0,0,"3800,00",6,0,1,202005,0,5,"3800,00"
202005,3,35,355030,J,6204000,1,212420,101,7,19,"36,00",2,1,0,1,20,0,0,0,"1759,34",10,0,1,202005,0,5,"1759,34"
202005,3,35,355030,J,6311900,1,212410,101,8,21,"30,00",1,3,0,1,20,0,0,0,"1905,85",2,0,1,202005,0,5,"1905,85"
202005,3,35,355670,J,6201501,-1,142510,101,80,38,"40,00",6,1,0,1,31,0,0,0,"1675,56",5,0,1,202005,0,5,"1675,56"
202005,3,35,355030,J,6201501,-1,212405,101,8,34,"40,00",2,1,0,1,40,0,0,0,"7000,00",10,0,1,202005,0,5,"7000,00"
202005,3,35,355030,J,6201501,1,212405,101,9,28,"44,00",1,1,0,1,20,0,0,0,"5500,00",6,0,1,202005,0,5,"5500,00"
202005,3,31,310620,J,6204000,-1,212405,101,9,48,"40,00",1,1,0,1,40,0,0,0,"10728,00",8,0,1,202005,0,5,"10728,00"
202005,3,31,310620,J,6201501,1,212405,101,9,30,"44,00",3,1,0,1,20,0,0,0,"3500,00",8,0,1,202005,0,5,"3500,00"
202005,3,35,355030,J,6311900,-1,212405,101,9,25,"40,00",6,1,0,1,40,0,0,0,"4345,00",6,0,1,202005,0,5,"4345,00"
202005,3,33,330455,J,6201501,-1,317210,101,7,37,"40,00",3,1,0,1,43,0,0,0,"1381,44",9,0,1,202005,0,5,"1381,44"
202005,3,33,330330,J,6201501,1,212405,101,9,38,"56,00",1,1,0,1,20,0,0,0,"8500,00",7,0,1,202005,0,5,"8500,00"
202005,3,35,355030,J,6201501,1,212405,101,7,39,"40,00",3,3,0,1,20,0,0,0,"12000,00",9,0,1,202005,0,5,"12000,00"
202005,5,51,510525,J,6209100,-1,212420,101,7,22,"44,00",1,1,0,1,40,0,0,0,"1008,91",2,0,1,202005,0,5,"1008,91"
202005,3,35,355030,J,6201501,1,212420,101,9,49,"40,00",1,1,0,1,20,0,0,0,"7200,00",5,0,1,202005,0,5,"7200,00"
202005,3,35,355030,J,6202300,-1,317110,101,9,28,"40,00",3,1,0,1,40,0,0,0,"1675,57",6,0,1,202005,0,5,"1675,57"
202005,3,35,350950,J,6201501,-1,317110,101,8,19,"40,00",1,1,0,1,40,0,0,0,"3168,00",10,0,1,202005,0,5,"3168,00"
202005,3,33,330455,J,6201501,1,212405,101,11,56,"40,00",3,1,0,1,20,0,0,0,"6000,00",10,0,1,202005,0,5,"6000,00"
202005,3,35,354990,J,6202300,-1,212405,101,9,47,"40,00",1,1,0,1,31,0,0,0,"4677,20",7,0,1,202005,0,5,"4677,20"
202005,3,35,355030,J,6204000,-1,317110,101,9,28,"40,00",1,1,0,1,40,0,0,0,"6500,00",7,0,1,202005,0,5,"6500,00"
202005,3,35,355030,J,6204000,-1,212405,101,9,38,"44,00",1,1,0,1,31,0,0,0,"5361,75",10,0,1,202005,0,5,"5361,75"
202005,3,33,330455,J,6204000,-1,212405,101,9,21,"40,00",6,1,0,1,43,0,0,0,"2500,00",8,0,1,202005,0,5,"2500,00"
202005,3,35,355030,J,6202300,1,212215,101,9,24,"40,00",6,1,0,1,20,0,0,0,"3500,00",4,0,1,202005,0,5,"3500,00"
202005,2,29,292740,J,6311900,-1,317210,101,7,27,"40,00",3,1,0,1,31,0,0,0,"2145,71",7,0,1,202005,0,5,"2145,71"
202005,3,31,310620,J,6204000,1,212420,101,7,33,"40,00",1,1,0,1,20,0,0,0,"1700,00",7,0,1,202005,0,5,"1700,00"
202005,5,50,500270,J,6203100,1,317205,101,8,22,"44,00",6,3,0,1,10,0,0,0,"1180,00",9,0,1,202005,0,5,"1180,00"
202005,3,35,355030,J,6204000,1,142520,101,9,43,"44,00",1,1,0,1,20,0,0,9,"12000,00",10,0,1,202005,0,5,"12000,00"
202005,4,41,410690,J,6202300,1,142530,101,9,38,"40,00",6,3,0,1,20,0,0,0,"2500,00",4,0,1,202005,0,5,"2500,00"
202005,3,35,352470,J,6201501,1,317210,101,6,28,"36,00",1,3,0,1,20,0,0,0,"1697,69",10,0,1,202005,0,5,"1697,69"
202005,3,35,355030,J,6202300,-1,317110,101,7,21,"44,00",1,1,0,1,43,0,0,0,"2000,00",2,0,1,202005,0,5,"2000,00"
202005,3,35,355030,J,6201501,-1,212405,101,8,47,"40,00",4,1,0,1,31,0,0,0,"6843,21",10,0,1,202005,0,5,"6843,21"
202005,3,31,310620,J,6201501,1,212420,101,9,25,"40,00",2,3,0,1,20,0,0,0,"1693,27",9,0,1,202005,0,5,"1693,27"
202005,4,43,430940,J,6202300,-1,317110,101,8,26,"37,50",6,1,0,1,31,0,0,0,"3859,00",2,0,1,202005,0,5,"3859,00"
202005,3,35,355030,J,6201501,1,212410,101,9,35,"40,00",1,1,0,1,20,0,0,0,"15000,00",8,0,1,202005,0,5,"15000,00"
202005,3,35,350950,J,6204000,1,212420,101,9,41,"40,00",4,1,0,1,20,0,0,0,"2404,14",10,0,1,202005,0,5,"2404,14"
202005,3,35,355030,J,6201501,1,212405,101,9,34,"40,00",3,3,0,1,20,0,0,0,"4200,00",5,0,1,202005,0,5,"4200,00"
202005,3,35,355030,J,6204000,-1,317210,101,9,30,"36,00",1,3,0,1,31,0,0,0,"1950,00",10,0,1,202005,0,5,"1950,00"
202005,3,33,330455,J,6201501,1,317210,101,7,43,"40,00",3,3,0,1,20,0,0,0,"2000,00",9,0,1,202005,0,5,"2000,00"
202005,4,43,431680,J,6204000,-1,317110,101,8,22,"44,00",1,1,0,1,43,0,0,0,"2450,00",5,0,1,202005,0,5,"2450,00"
202005,5,53,530010,J,6209100,-1,142520,101,9,48,"40,00",1,3,0,1,31,0,0,0,"5426,38",6,0,1,202005,0,5,"5426,38"
202005,4,43,431490,J,6201501,-1,317110,101,9,40,"40,00",6,1,0,1,40,0,0,0,"4307,10",5,0,1,202005,0,5,"4307,10"
202005,3,35,355030,J,6204000,-1,212420,101,9,45,"40,00",1,1,0,1,31,0,0,0,"1846,47",10,0,1,202005,0,5,"1846,47"
202005,3,35,355030,J,6201502,-1,142515,101,8,43,"44,00",1,1,0,1,31,0,0,0,"15900,07",6,0,1,202005,0,5,"15900,07"
202005,3,35,354730,J,6204000,-1,212305,101,9,31,"36,00",1,1,0,1,40,0,0,0,"3898,07",9,0,1,202005,0,5,"3898,07"
202005,3,35,352470,J,6201501,1,317210,101,11,40,"40,00",3,1,0,1,20,0,0,0,"5500,00",10,0,1,202005,0,5,"5500,00"
202005,3,33,330455,J,6201501,1,212405,101,9,47,"40,00",1,1,0,1,20,0,0,0,"12359,45",7,0,1,202005,0,5,"12359,45"
202005,3,31,317020,J,6203100,1,212420,101,8,25,"40,00",3,1,0,1,10,0,0,0,"1498,59",5,0,1,202005,0,5,"1498,59"
202005,3,35,355030,J,6202300,-1,212405,101,9,26,"40,00",3,1,0,1,31,0,0,0,"7052,27",7,0,1,202005,0,5,"7052,27"
202005,3,35,355030,J,6204000,-1,317110,101,9,30,"40,00",3,1,0,1,31,0,0,0,"10200,00",7,0,1,202005,0,5,"10200,00"
202005,3,35,355030,J,6203100,-1,212415,101,8,36,"40,00",3,1,0,1,31,0,0,0,"6500,00",7,0,1,202005,0,5,"6500,00"
202005,3,35,355030,J,6202300,1,212405,101,9,34,"40,00",1,1,0,1,20,0,0,0,"9062,42",7,0,1,202005,0,5,"9062,42"
202005,3,35,355030,J,6204000,-1,317110,101,9,39,"40,00",1,1,0,1,31,0,0,0,"7500,00",7,0,1,202005,0,5,"7500,00"
202005,4,41,410430,J,6202300,1,317205,101,8,22,"40,00",6,1,0,1,20,0,0,0,"1285,00",4,0,1,202005,0,5,"1285,00"
202005,4,41,410690,J,6201501,-1,317105,101,9,28,"40,00",1,1,0,1,31,0,0,0,"2800,00",3,0,1,202005,0,5,"2800,00"
202005,3,35,355030,J,6311900,-1,212420,101,9,42,"40,00",1,1,0,1,31,0,0,0,"10069,00",9,0,1,202005,0,5,"10069,00"
202005,3,33,330455,J,6201501,-1,317210,101,7,33,"40,00",3,1,0,1,31,0,0,0,"1381,45",9,0,1,202005,0,5,"1381,45"
202005,3,33,330455,J,6204000,-1,317110,101,7,53,"48,00",1,1,0,1,40,0,0,0,"5013,10",6,0,1,202005,0,5,"5013,10"
202005,3,35,355030,J,6202300,-1,212420,101,8,25,"44,00",1,1,0,1,31,0,0,0,"1521,43",6,0,1,202005,0,5,"1521,43"
202005,4,42,420240,J,6202300,1,317110,101,8,24,"44,00",1,1,0,1,20,0,0,0,"1876,50",7,0,1,202005,0,5,"1876,50"
202005,3,33,330455,J,6201501,-1,212405,101,9,23,"40,00",1,3,0,1,31,0,0,0,"1225,20",1,0,1,202005,0,5,"1225,20"
202005,5,52,520870,J,6201501,-1,212420,101,9,42,"44,00",3,1,0,1,31,0,0,0,"3035,20",6,0,1,202005,0,5,"3035,20"
202005,3,31,310620,J,6202300,-1,212405,101,9,29,"44,00",6,1,0,1,40,0,0,0,"3600,00",3,0,1,202005,0,5,"3600,00"
202005,3,33,330455,J,6202300,1,212405,101,9,29,"40,00",1,1,0,1,20,0,0,0,"7250,00",5,0,1,202005,0,5,"7250,00"
202005,3,35,350320,J,6204000,1,212405,101,9,37,"40,00",1,1,0,1,20,0,0,0,"9078,80",8,0,1,202005,0,5,"9078,80"
202005,3,35,355030,J,6203100,-1,317110,101,9,23,"40,00",1,1,0,1,31,0,0,0,"3499,35",10,0,1,202005,0,5,"3499,35"
202005,4,41,410690,J,6201501,-1,317110,101,9,45,"40,00",1,1,0,1,31,0,0,0,"6078,84",9,0,1,202005,0,5,"6078,84"
202005,4,43,430510,J,6202300,-1,317205,101,7,20,"44,00",1,1,0,1,31,0,0,0,"1689,10",6,0,1,202005,0,5,"1689,10"
202005,3,33,330455,J,6201501,-1,212405,101,9,29,"40,00",1,1,0,1,31,0,0,0,"5909,26",6,0,1,202005,0,5,"5909,26"
202005,3,35,355030,J,6201501,-1,317110,101,9,34,"40,00",1,1,0,1,43,0,0,0,"7100,00",6,0,1,202005,0,5,"7100,00"
202005,4,43,431870,J,6201501,-1,317110,101,80,52,"44,00",1,3,0,1,31,0,0,0,"4076,50",8,0,1,202005,0,5,"4076,50"
202005,3,33,330330,J,6204000,1,317205,101,9,34,"36,00",1,1,0,1,20,0,0,0,"1198,00",5,0,1,202005,0,5,"1198,00"
202005,3,31,310620,J,6204000,-1,142520,101,9,36,"33,00",6,3,0,1,40,0,0,0,"3100,00",2,0,1,202005,0,5,"3100,00"
202005,3,31,310620,J,6204000,1,212405,101,9,34,"40,00",2,1,0,1,20,0,0,0,"6058,80",7,0,1,202005,0,5,"6058,80"
202005,3,31,310620,J,6204000,1,212405,101,9,39,"40,00",3,1,0,1,20,0,0,0,"4544,10",7,0,1,202005,0,5,"4544,10"
202005,3,35,355030,J,6204000,1,212405,101,9,61,"44,00",1,1,0,1,20,0,0,9,"6500,00",10,0,1,202005,0,5,"6500,00"
202005,3,35,350950,J,6203100,-1,212420,101,9,33,"40,00",1,1,0,1,40,0,0,0,"4274,50",6,0,1,202005,0,5,"4274,50"
202005,3,35,355030,J,6201501,-1,142520,101,80,42,"40,00",1,1,0,1,40,0,0,0,"20448,67",7,0,1,202005,0,5,"20448,67"
202005,4,43,431490,J,6204000,-1,317205,101,8,32,"44,00",1,1,0,1,31,0,0,0,"3489,63",7,0,1,202005,0,5,"3489,63"
202005,2,29,292740,J,6204000,-1,212420,101,9,57,"44,00",6,1,0,1,31,0,0,0,"3358,69",6,0,1,202005,0,5,"3358,69"
202005,3,35,350320,J,6204000,1,212405,101,8,37,"40,00",1,1,0,1,20,0,0,0,"9078,79",8,0,1,202005,0,5,"9078,79"
202005,3,35,350570,J,6209100,-1,212420,101,7,38,"40,00",1,3,0,1,40,0,0,0,"2108,10",7,0,1,202005,0,5,"2108,10"
202005,4,42,421190,J,6209100,1,212420,101,8,20,"30,00",1,1,0,1,20,0,0,0,"1391,00",1,0,1,202005,0,5,"1391,00"
202005,3,35,355030,J,6204000,-1,142520,101,9,44,"44,00",3,1,0,1,31,0,0,9,"12593,75",10,0,1,202005,0,5,"12593,75"
202005,3,35,354870,J,6204000,-1,212405,101,9,54,"40,00",1,1,0,1,31,0,0,0,"15000,00",10,0,1,202005,0,5,"15000,00"
202005,4,41,411520,J,6201501,-1,212405,101,9,33,"44,00",1,1,0,1,40,0,0,0,"4000,00",6,0,1,202005,0,5,"4000,00"
202005,3,35,355030,J,6209100,-1,212405,101,9,33,"40,00",3,1,0,1,31,0,0,0,"2916,48",6,0,1,202005,0,5,"2916,48"
202005,3,31,310620,J,6202300,1,317110,101,9,26,"44,00",6,1,0,1,20,0,0,0,"2500,00",3,0,1,202005,0,5,"2500,00"
202005,5,53,530010,J,6201501,1,317110,101,80,30,"40,00",6,1,0,1,20,0,0,0,"8500,00",7,0,1,202005,0,5,"8500,00"
202005,3,35,354730,J,6209100,-1,212420,101,9,20,"36,00",3,3,0,1,40,0,0,0,"1099,29",9,0,1,202005,0,5,"1099,29"
202005,3,31,310620,J,6201501,-1,317110,101,8,29,"40,00",3,1,0,1,40,0,0,0,"8500,00",7,0,1,202005,0,5,"8500,00"
202005,3,33,330455,J,6201501,1,212205,101,8,34,"40,00",1,1,0,1,20,0,0,0,"5902,00",7,0,1,202005,0,5,"5902,00"
202005,3,35,355030,J,6204000,1,212405,101,9,34,"44,00",1,1,0,1,20,0,0,9,"9500,00",10,0,1,202005,0,5,"9500,00"
202005,3,35,355030,J,6201501,1,212405,101,9,28,"40,00",1,1,0,1,20,0,0,0,"6200,00",8,0,1,202005,0,5,"6200,00"
202005,3,35,355030,J,6202300,1,212420,101,9,33,"40,00",1,1,0,1,20,0,0,0,"2100,00",7,0,1,202005,0,5,"2100,00"
202005,3,31,310620,J,6209100,1,212405,101,9,45,"44,00",1,1,0,1,20,0,0,0,"4300,00",5,0,1,202005,0,5,"4300,00"
202005,4,43,430210,J,6209100,1,317110,101,8,27,"40,00",6,1,0,1,20,0,0,0,"4017,00",7,0,1,202005,0,5,"4017,00"
202005,3,35,355030,J,6201501,1,212310,101,7,40,"40,00",1,1,0,1,20,0,0,0,"9500,00",8,0,1,202005,0,5,"9500,00"
202005,4,43,431490,J,6201501,1,212410,101,8,29,"40,00",1,1,0,1,20,0,0,0,"3033,45",5,0,1,202005,0,5,"3033,45"
202005,3,35,354730,J,6204000,-1,212420,101,9,42,"40,00",1,1,0,1,31,0,0,0,"1668,60",9,0,1,202005,0,5,"1668,60"
202005,4,41,410690,J,6201501,1,212405,101,9,31,"40,00",3,1,0,1,20,0,0,0,"6600,00",6,0,1,202005,0,5,"6600,00"
202005,3,33,330330,J,6204000,-1,212405,101,9,51,"39,00",2,1,0,1,31,0,0,0,"2500,00",5,0,1,202005,0,5,"2500,00"
202005,3,35,355030,J,6204000,-1,212405,101,9,37,"44,00",1,1,0,1,40,0,0,9,"7771,63",10,0,1,202005,0,5,"7771,63"
202005,5,53,530010,J,6201501,1,212405,101,9,44,"44,00",3,3,0,1,20,0,0,0,"3000,00",8,0,1,202005,0,5,"3000,00"
202005,3,33,330455,J,6311900,-1,212405,101,9,54,"40,00",6,1,0,1,31,0,0,0,"6500,00",8,0,1,202005,0,5,"6500,00"
202005,3,31,310620,J,6202300,1,212420,101,9,23,"40,00",3,1,0,1,20,0,0,0,"3567,81",7,0,1,202005,0,5,"3567,81"
202005,3,35,355030,J,6201501,1,212405,101,6,46,"40,00",1,1,0,1,20,0,0,0,"2015,00",8,0,1,202005,0,5,"2015,00"
202005,5,52,520140,J,6203100,-1,212415,101,9,51,"44,00",1,1,0,1,31,0,0,0,"4210,49",6,0,1,202005,0,5,"4210,49"
202005,3,35,355030,J,6202300,1,212405,101,9,75,"40,00",1,1,0,1,20,0,0,0,"7800,00",6,0,1,202005,0,5,"7800,00"
202005,3,35,350950,J,6209100,-1,212405,101,9,28,"40,00",1,1,0,1,40,0,0,0,"6700,00",8,0,1,202005,0,5,"6700,00"
202005,3,35,355030,J,6311900,1,317110,101,9,25,"40,00",1,1,0,1,20,0,0,0,"6500,00",4,0,1,202005,0,5,"6500,00"
202005,3,35,355030,J,6201501,1,142520,101,80,38,"40,00",3,1,0,1,20,0,0,0,"8000,00",6,0,1,202005,0,5,"8000,00"
202005,3,35,350570,J,6202300,1,212405,101,7,18,"45,00",1,1,0,1,20,0,0,0,"2500,00",2,0,1,202005,0,5,"2500,00"
202005,3,31,310160,J,6311900,1,317205,101,7,23,"44,00",6,1,0,1,20,0,0,0,"1155,00",4,0,1,202005,0,5,"1155,00"
202005,3,35,355030,J,6203100,-1,212405,101,9,45,"40,00",3,1,0,1,40,0,0,0,"13000,00",10,0,1,202005,0,5,"13000,00"
202005,3,35,354780,J,6201501,1,317110,101,8,25,"40,00",1,1,0,1,20,0,0,0,"1857,39",6,0,1,202005,0,5,"1857,39"
202005,3,31,310620,J,6204000,-1,212405,101,9,28,"44,00",1,1,0,1,40,0,0,0,"3983,48",6,0,1,202005,0,5,"3983,48"
202005,3,35,350950,J,6204000,-1,212405,101,9,23,"40,00",1,1,0,1,31,0,0,0,"1400,00",10,0,1,202005,0,5,"1400,00"
202005,3,31,314480,J,6209100,-1,212310,101,9,34,"40,00",2,1,0,1,40,0,0,0,"4675,95",4,0,1,202005,0,5,"4675,95"
202005,3,35,355030,J,6204000,-1,212405,101,9,26,"44,00",2,1,0,1,40,0,0,9,"9509,25",10,0,1,202005,0,5,"9509,25"
202005,2,23,230440,J,6204000,-1,142530,101,9,44,"44,00",3,1,0,1,31,0,0,9,"4082,96",9,0,1,202005,0,5,"4082,96"
202005,3,35,355030,J,6202300,1,212405,101,9,57,"40,00",4,3,0,1,20,0,0,0,"7600,00",6,0,1,202005,0,5,"7600,00"
202005,3,35,355030,J,6201501,1,212405,101,8,29,"40,00",1,1,0,1,20,0,0,0,"7500,00",10,0,1,202005,0,5,"7500,00"
202005,3,35,350570,J,6209100,1,317110,101,9,34,"40,00",6,1,0,1,20,0,0,0,"8500,00",10,0,1,202005,0,5,"8500,00"
202005,4,41,411520,J,6203100,-1,317110,101,6,19,"44,00",4,1,0,1,31,0,0,0,"1952,31",7,0,1,202005,0,5,"1952,31"
202005,3,35,355030,J,6202300,1,212420,101,9,33,"40,00",3,1,0,1,20,0,0,0,"2100,00",7,0,1,202005,0,5,"2100,00"
202005,3,35,355030,J,6201501,1,212410,101,9,34,"40,00",1,1,0,1,20,0,0,0,"1675,56",9,0,1,202005,0,5,"1675,56"
202005,4,43,431490,J,6201501,-1,317110,101,7,30,"44,00",1,1,0,1,31,0,0,0,"2800,00",5,0,1,202005,0,5,"2800,00"
202005,3,33,330455,J,6204000,1,212405,101,8,30,"40,00",1,1,0,1,20,0,0,0,"3000,00",8,0,1,202005,0,5,"3000,00"
202005,4,41,412770,J,6203100,-1,212420,101,9,28,"44,00",1,3,0,1,31,0,0,0,"2415,00",5,0,1,202005,0,5,"2415,00"
202005,3,35,355030,J,6201501,-1,212420,101,8,25,"40,00",1,1,0,1,31,0,0,0,"2147,17",4,0,1,202005,0,5,"2147,17"
202005,3,32,320530,J,6209100,-1,212310,101,9,41,"40,00",1,1,0,1,40,0,0,0,"5702,20",7,0,1,202005,0,5,"5702,20"
202005,3,35,350320,J,6204000,1,212405,101,8,27,"40,00",3,1,0,1,20,3,0,0,"2106,18",8,0,1,202005,0,5,"2106,18"
202005,3,35,352590,J,6209100,1,212405,101,9,35,"40,00",6,1,0,1,20,0,0,0,"8000,00",4,0,1,202005,0,5,"8000,00"
202005,3,33,330100,J,6201501,1,212405,101,9,26,"40,00",1,3,0,1,20,0,0,0,"1700,00",9,0,1,202005,0,5,"1700,00"
202005,5,53,530010,J,6311900,-1,212315,101,9,42,"44,00",1,3,0,1,31,0,0,0,"1259,28",2,0,1,202005,0,5,"1259,28"
202005,3,35,350570,J,6203100,1,212405,101,9,28,"40,00",1,1,0,1,20,0,0,0,"14000,00",9,0,1,202005,0,5,"14000,00"
202005,3,35,355030,J,6201501,-1,212405,101,8,29,"40,00",1,1,0,1,40,0,0,0,"7500,00",7,0,1,202005,0,5,"7500,00"
202005,3,35,354730,J,6204000,-1,212305,101,9,40,"40,00",3,1,0,1,31,0,0,0,"8652,15",9,0,1,202005,0,5,"8652,15"
202005,3,31,317020,J,6204000,1,317110,101,9,49,"40,00",2,3,0,1,20,0,0,0,"2300,00",8,0,1,202005,0,5,"2300,00"
202005,5,53,530010,J,6201501,1,317110,101,9,34,"40,00",1,1,0,1,20,0,0,0,"6500,00",7,0,1,202005,0,5,"6500,00"
202005,4,43,431490,J,6311900,1,317210,101,9,24,"40,00",1,1,0,1,20,0,0,0,"1300,00",6,0,1,202005,0,5,"1300,00"
202005,4,43,430460,J,6202300,-1,317110,101,7,28,"40,00",1,1,0,1,40,0,0,0,"2879,60",6,0,1,202005,0,5,"2879,60"
202005,4,42,420540,J,6201501,1,212405,101,8,24,"40,00",1,3,0,1,20,0,0,0,"2718,00",5,0,1,202005,0,5,"2718,00"
202005,3,35,352590,J,6209100,-1,317110,101,9,25,"40,00",1,1,0,1,40,0,0,0,"6070,31",6,0,1,202005,0,5,"6070,31"
202005,3,31,310620,J,6201501,-1,212405,101,9,33,"40,00",3,3,0,1,31,0,0,0,"3800,00",8,0,1,202005,0,5,"3800,00"
202005,3,33,330455,J,6204000,-1,212420,101,7,47,"36,00",1,3,0,1,31,0,0,0,"1165,48",9,0,1,202005,0,5,"1165,48"
202005,2,27,270430,J,6201501,-1,212405,101,80,50,"44,00",1,1,0,1,31,0,0,0,"6325,49",5,0,1,202005,0,5,"6325,49"
202005,3,35,355030,J,6209100,-1,212420,101,7,22,"40,00",1,1,0,1,40,0,0,0,"1900,00",6,0,1,202005,0,5,"1900,00"
202005,4,42,420910,J,6201501,-1,317210,101,8,27,"44,00",1,1,0,1,43,0,0,0,"2356,00",6,0,1,202005,0,5,"2356,00"
202005,3,35,355030,J,6201501,1,212405,101,80,58,"40,00",1,1,0,1,20,0,0,0,"12200,00",10,0,1,202005,0,5,"12200,00"
202005,3,35,350950,J,6201501,1,212405,101,9,34,"40,00",3,1,0,1,20,0,0,0,"8500,00",7,0,1,202005,0,5,"8500,00"
202005,4,43,431490,J,6203100,-1,317110,101,9,26,"40,00",1,1,0,1,43,0,0,0,"4200,00",7,0,1,202005,0,5,"4200,00"
202005,3,35,355030,J,6204000,-1,317110,101,8,29,"40,00",3,1,0,1,31,0,0,0,"12000,00",7,0,1,202005,0,5,"12000,00"
202005,3,33,330455,J,6203100,1,212405,101,9,56,"44,00",1,1,0,1,20,0,0,0,"5701,42",7,0,1,202005,0,5,"5701,42"
202005,4,43,430460,J,6202300,-1,212405,101,8,44,"40,00",3,1,0,1,31,0,0,0,"5164,26",7,0,1,202005,0,5,"5164,26"
202005,1,13,130260,J,6201501,1,317110,101,8,20,"44,00",3,1,0,1,10,0,0,0,"3200,00",8,0,1,202005,0,5,"3200,00"
202005,4,43,431490,J,6203100,1,212420,101,8,24,"40,00",1,1,0,1,20,0,0,0,"1880,00",7,0,1,202005,0,5,"1880,00"
202005,3,35,355030,J,6311900,-1,212405,101,9,35,"40,00",1,3,0,1,43,0,0,0,"8000,00",6,0,1,202005,0,5,"8000,00"
202005,3,31,310620,J,6201501,1,212405,101,8,25,"44,00",1,1,0,1,20,0,0,0,"6000,00",7,0,1,202005,0,5,"6000,00"
202005,4,43,431870,J,6204000,1,212420,101,8,20,"40,00",1,3,0,1,20,0,0,0,"5891,54",10,0,1,202005,0,5,"5891,54"
202005,3,35,355030,J,6201501,1,212420,101,9,37,"40,00",6,3,0,1,20,0,0,0,"7500,00",9,0,1,202005,0,5,"7500,00"
202005,3,35,355030,J,6201501,1,212405,101,9,53,"40,00",1,1,0,1,20,0,0,0,"11000,00",7,0,1,202005,0,5,"11000,00"
202005,5,53,530010,J,6201501,1,212405,101,80,37,"44,00",3,1,0,1,20,0,0,0,"1500,00",8,0,1,202005,0,5,"1500,00"
202005,3,35,354890,J,6202300,-1,212405,101,9,46,"40,00",1,3,0,1,31,0,0,0,"6397,57",8,0,1,202005,0,5,"6397,57"
202005,3,35,350570,J,6201501,1,212405,101,9,35,"40,00",3,1,0,1,20,0,0,0,"6300,00",10,0,1,202005,0,5,"6300,00"
202005,4,42,420540,J,6203100,-1,317110,101,7,42,"44,00",1,1,0,1,31,0,0,0,"12000,00",9,0,1,202005,0,5,"12000,00"
202005,3,35,350570,J,6209100,1,212405,101,9,23,"40,00",3,1,0,1,20,0,0,0,"1624,97",5,0,1,202005,0,5,"1624,97"
202005,3,35,355700,J,6201501,-1,142520,101,9,37,"40,00",1,3,0,1,90,0,0,0,"7000,00",6,0,1,202005,0,5,"7000,00"
202005,3,31,310620,J,6209100,1,317205,101,8,21,"44,00",1,1,0,1,20,0,0,0,"1188,57",10,0,1,202005,0,5,"1188,57"
202005,4,41,411990,J,6201501,-1,317110,101,10,31,"44,00",1,3,0,1,40,0,0,0,"2500,00",6,0,1,202005,0,5,"2500,00"
202005,3,35,350570,J,6209100,-1,142520,101,80,38,"40,00",1,1,0,1,31,0,0,0,"11734,68",10,0,1,202005,0,5,"11734,68"
202005,3,31,310620,J,6201501,1,212420,101,8,31,"40,00",3,1,0,1,20,0,0,0,"1693,27",9,0,1,202005,0,5,"1693,27"
202005,3,35,355030,J,6203100,-1,212405,101,9,28,"40,00",1,3,0,1,40,0,0,0,"7242,00",10,0,1,202005,0,5,"7242,00"
202005,4,41,410480,J,6209100,1,212405,101,9,25,"44,00",3,3,0,1,20,0,0,9,"2220,18",6,0,1,202005,0,5,"2220,18"
202005,5,53,530010,J,6204000,1,212410,101,9,38,"40,00",1,1,0,1,20,0,0,0,"3500,00",1,0,1,202005,0,5,"3500,00"
202005,3,35,355030,J,6201501,1,212405,101,8,20,"40,00",1,1,0,1,20,0,0,0,"1800,00",5,0,1,202005,0,5,"1800,00"
202005,3,31,310620,J,6203100,1,317110,101,80,34,"44,00",3,1,0,1,20,0,0,0,"4997,42",7,0,1,202005,0,5,"4997,42"
202005,3,35,354730,J,6209100,-1,212215,101,9,30,"40,00",1,1,0,1,31,0,0,0,"9438,76",6,0,1,202005,0,5,"9438,76"
202005,4,43,430510,J,6209100,-1,317110,101,8,26,"44,00",1,1,0,1,40,0,0,0,"1973,59",4,0,1,202005,0,5,"1973,59"
202005,3,35,352470,J,6201501,-1,317210,101,80,38,"30,00",1,1,0,1,40,0,0,0,"1760,00",10,0,1,202005,0,5,"1760,00"
202005,2,24,240810,J,6209100,-1,212405,101,10,32,"40,00",1,1,0,1,40,0,0,0,"6275,29",7,0,1,202005,0,5,"6275,29"
202005,3,35,355030,J,6311900,-1,317210,101,9,34,"40,00",1,1,0,1,40,0,0,0,"1620,00",9,0,1,202005,0,5,"1620,00"
202005,4,42,420460,J,6202300,-1,212405,101,9,46,"44,00",1,1,0,1,40,0,0,0,"4667,35",6,0,1,202005,0,5,"4667,35"
202005,3,35,354990,J,6202300,1,212405,101,9,40,"40,00",1,1,0,1,20,0,0,0,"1675,57",7,0,1,202005,0,5,"1675,57"
202005,3,33,330455,J,6204000,1,212420,101,9,49,"40,00",1,1,0,1,20,0,0,0,"3500,00",9,0,1,202005,0,5,"3500,00"
202005,3,35,354730,J,6209100,-1,212305,101,9,45,"36,00",3,1,0,1,31,0,0,0,"7715,24",10,0,1,202005,0,5,"7715,24"
202005,5,53,530010,J,6204000,-1,212420,101,9,39,"36,00",3,1,0,1,31,0,0,0,"1685,50",7,0,1,202005,0,5,"1685,50"
202005,3,35,355030,J,6204000,1,317110,101,9,46,"40,00",1,1,0,1,20,0,0,0,"4500,00",3,0,1,202005,0,5,"4500,00"
202005,3,33,330455,J,6201501,-1,212405,101,9,54,"40,00",1,1,0,1,31,0,0,0,"8662,72",6,0,1,202005,0,5,"8662,72"
202005,3,33,330455,J,6203100,-1,212410,101,9,64,"40,00",1,1,0,1,31,0,0,0,"5600,00",5,0,1,202005,0,5,"5600,00"
202005,3,31,310620,J,6202300,-1,317205,101,7,39,"40,00",3,1,0,1,31,0,0,0,"3175,18",5,0,1,202005,0,5,"3175,18"
202005,5,53,530010,J,6203100,1,212405,101,9,36,"44,00",3,1,0,1,10,0,0,0,"7500,00",8,0,1,202005,0,5,"7500,00"
202005,3,35,355030,J,6201501,-1,142520,101,9,45,"40,00",1,3,0,1,40,0,0,0,"8362,53",10,0,1,202005,0,5,"8362,53"
202005,3,31,317020,J,6204000,1,317110,101,8,26,"40,00",1,1,0,1,20,0,0,0,"1512,00",8,0,1,202005,0,5,"1512,00"
202005,3,35,355030,J,6203100,1,212405,101,8,22,"40,00",1,1,0,1,20,0,0,0,"3516,62",6,0,1,202005,0,5,"3516,62"
202005,3,35,355030,J,6204000,1,212405,101,9,26,"44,00",1,1,0,1,20,0,0,9,"7500,00",10,0,1,202005,0,5,"7500,00"
202005,3,35,355030,J,6201501,-1,212405,101,9,31,"40,00",6,3,0,1,31,0,0,0,"5054,79",10,0,1,202005,0,5,"5054,79"
202005,3,35,355030,J,6204000,-1,212420,101,7,41,"40,00",1,3,0,1,40,0,0,0,"2200,00",6,0,1,202005,0,5,"2200,00"
202005,3,31,310620,J,6202300,-1,212420,101,8,29,"40,00",3,3,0,1,40,0,0,0,"3735,18",7,0,1,202005,0,5,"3735,18"
202005,3,32,320520,J,6201501,1,317110,101,8,24,"44,00",1,1,0,1,20,0,0,0,"2368,00",7,0,1,202005,0,5,"2368,00"
202005,3,31,317020,J,6204000,1,317110,101,8,26,"40,00",2,1,0,1,20,0,0,0,"1464,19",8,0,1,202005,0,5,"1464,19"
202005,3,35,353440,J,6311900,-1,317210,101,7,33,"44,00",1,3,0,1,40,0,0,0,"1258,00",8,0,1,202005,0,5,"1258,00"
202005,3,35,355030,J,6203100,1,212405,101,9,25,"44,00",3,1,0,1,20,0,0,0,"5500,00",2,0,1,202005,0,5,"5500,00"
202005,3,31,317020,J,6201501,1,212405,101,9,30,"44,00",6,1,0,1,20,0,0,0,"4500,00",8,0,1,202005,0,5,"4500,00"
202005,2,29,291920,J,6201501,1,212405,101,8,32,"44,00",3,1,0,1,20,0,0,0,"4200,00",7,0,1,202005,0,5,"4200,00"
202005,3,35,355030,J,6201501,-1,212410,101,9,58,"40,00",6,3,0,1,31,0,0,0,"9481,09",10,0,1,202005,0,5,"9481,09"
202005,3,35,350570,J,6209100,1,317110,101,9,20,"40,00",6,1,0,1,20,0,0,0,"3900,00",10,0,1,202005,0,5,"3900,00"
202005,2,23,230440,J,6201501,-1,317210,101,9,25,"44,00",3,1,0,1,31,0,0,0,"2000,00",4,0,1,202005,0,5,"2000,00"
202005,3,31,310620,J,6209100,1,317205,101,9,44,"44,00",1,3,0,1,20,0,0,0,"1188,57",10,0,1,202005,0,5,"1188,57"
202005,3,35,355030,J,6209100,-1,212410,101,9,29,"40,00",1,1,0,1,40,0,0,0,"8000,00",7,0,1,202005,0,5,"8000,00"
202005,3,32,320520,J,6209100,-1,317110,101,8,29,"40,00",1,1,0,1,40,0,0,0,"5500,00",6,0,1,202005,0,5,"5500,00"
202005,3,35,355030,J,6201501,-1,317110,101,8,25,"40,00",6,1,0,1,31,0,0,0,"3512,07",6,0,1,202005,0,5,"3512,07"
202005,5,53,530010,J,6203100,-1,212405,101,9,27,"44,00",3,1,0,1,40,0,0,0,"4028,42",7,0,1,202005,0,5,"4028,42"
202005,4,41,411850,J,6203100,1,317210,101,6,17,"44,00",3,1,0,1,20,0,0,0,"1403,60",8,0,1,202005,0,5,"1403,60"
202005,3,35,355030,J,6209100,1,212420,101,9,52,"40,00",1,1,0,1,20,0,0,0,"4000,00",5,0,1,202005,0,5,"4000,00"
202005,4,42,420910,J,6201501,1,317110,101,9,26,"42,50",2,1,0,1,20,0,0,0,"3000,00",8,0,1,202005,0,5,"3000,00"
202005,3,32,320530,J,6209100,1,212405,101,9,41,"40,00",3,1,0,1,20,0,0,0,"3600,00",9,0,1,202005,0,5,"3600,00"
202005,3,35,355030,J,6204000,1,212420,101,80,35,"40,00",1,3,0,1,20,0,0,0,"6233,33",6,0,1,202005,0,5,"6233,33"
202005,3,35,354730,J,6209100,1,212405,101,9,23,"40,00",3,1,0,1,20,0,0,0,"5747,00",10,0,1,202005,0,5,"5747,00"
202005,4,43,430510,J,6203100,1,212315,101,8,53,"44,00",1,1,0,1,20,0,0,9,"4000,00",7,0,1,202005,0,5,"4000,00"
202005,3,35,355030,J,6202300,-1,212420,101,9,24,"44,00",1,1,0,1,31,0,0,0,"4831,53",7,0,1,202005,0,5,"4831,53"
202005,2,26,261160,J,6202300,1,317110,101,9,31,"40,00",3,1,0,1,20,0,0,0,"7963,37",8,0,1,202005,0,5,"7963,37"
202005,4,41,410690,J,6204000,-1,212405,101,9,49,"40,00",1,3,0,1,31,0,0,0,"4126,75",7,0,1,202005,0,5,"4126,75"
202005,3,33,330580,J,6209100,-1,317210,101,9,46,"44,00",1,3,0,1,31,0,0,9,"2780,00",10,0,1,202005,0,5,"2780,00"
202005,3,33,330220,J,6209100,-1,212420,101,7,23,"44,00",1,1,0,1,31,0,0,0,"1200,00",3,0,1,202005,0,5,"1200,00"
202005,3,35,350570,J,6204000,1,317110,101,7,28,"40,00",3,1,0,1,20,0,0,0,"2500,00",9,0,1,202005,0,5,"2500,00"
202005,5,53,530010,J,6201501,-1,317110,101,80,35,"44,00",6,1,0,1,31,0,0,0,"4950,00",5,0,1,202005,0,5,"4950,00"
202005,3,33,330455,J,6201501,-1,317110,101,9,44,"40,00",3,3,0,1,31,0,0,0,"8426,49",6,0,1,202005,0,5,"8426,49"
202005,4,41,410690,J,6209100,-1,317110,101,8,23,"40,00",6,1,0,1,40,0,0,0,"1700,00",5,0,1,202005,0,5,"1700,00"
202005,4,41,410690,J,6204000,-1,142520,101,9,61,"40,00",1,1,0,1,31,0,0,0,"5500,00",7,0,1,202005,0,5,"5500,00"
202005,3,35,354870,J,6201501,-1,212415,101,9,26,"40,00",1,1,0,1,40,0,0,0,"6089,60",8,0,1,202005,0,5,"6089,60"
202005,3,35,355700,J,6201501,-1,142520,101,9,30,"40,00",1,3,0,1,90,0,0,0,"7000,00",6,0,1,202005,0,5,"7000,00"
202005,3,35,355030,J,6201501,1,212405,101,9,43,"40,00",1,1,0,1,20,0,0,0,"10000,00",7,0,1,202005,0,5,"10000,00"
202005,4,41,410690,J,6201501,-1,212405,101,9,31,"40,00",3,1,0,1,31,1,0,0,"4000,00",7,0,1,202005,0,5,"4000,00"
202005,3,33,330455,J,6204000,1,212405,101,9,38,"40,00",1,3,0,1,20,0,0,0,"8300,00",9,0,1,202005,0,5,"8300,00"
202005,3,33,330455,J,6203100,-1,212405,101,9,40,"44,00",1,1,0,1,31,0,0,9,"5000,00",5,0,1,202005,0,5,"5000,00"
202005,4,42,420910,J,6203100,-1,212405,101,9,23,"42,50",1,1,0,1,40,0,0,0,"4368,00",8,0,1,202005,0,5,"4368,00"
202005,3,31,313420,J,6203100,-1,212405,101,9,29,"44,00",1,1,0,1,40,0,0,0,"2764,02",4,0,1,202005,0,5,"2764,02"
202005,3,35,355030,J,6209100,-1,317210,101,7,43,"40,00",1,3,0,1,43,0,0,0,"1500,00",8,0,1,202005,0,5,"1500,00"
202005,4,41,411850,J,6203100,-1,212420,101,6,17,"44,00",1,1,0,1,31,0,0,0,"1320,00",7,0,1,202005,0,5,"1320,00"
202005,3,31,317020,J,6203100,-1,212405,101,9,36,"40,00",1,1,0,1,40,0,0,0,"4422,80",7,0,1,202005,0,5,"4422,80"
202005,3,35,355030,J,6202300,-1,212405,101,11,35,"44,00",1,1,0,1,40,0,0,0,"9888,00",7,0,1,202005,0,5,"9888,00"
202005,5,53,530010,J,6204000,1,212410,101,80,43,"40,00",1,1,0,1,20,0,0,0,"3500,00",1,0,1,202005,0,5,"3500,00"
202005,3,35,355030,J,6311900,1,142520,101,9,34,"40,00",6,3,0,1,20,0,0,0,"7346,00",5,0,1,202005,0,5,"7346,00"
202005,3,33,330455,J,6204000,-1,212405,101,9,62,"40,00",3,1,0,1,31,0,0,0,"7091,11",9,0,1,202005,0,5,"7091,11"
202005,3,35,355030,J,6202300,-1,212405,101,9,34,"40,00",1,1,0,1,31,0,0,0,"1675,56",3,0,1,202005,0,5,"1675,56"
202005,2,23,230440,J,6203100,1,212405,101,9,32,"44,00",1,1,0,1,20,0,0,0,"4486,60",2,0,1,202005,0,5,"4486,60"
202005,3,35,350950,J,6201501,1,212405,101,9,37,"40,00",1,1,0,1,20,0,0,0,"8000,00",7,0,1,202005,0,5,"8000,00"
202005,2,23,230440,J,6209100,-1,212420,101,8,28,"44,00",3,1,0,1,31,0,0,0,"1262,77",3,0,1,202005,0,5,"1262,77"
202005,3,35,355030,J,6204000,1,142515,101,9,33,"40,00",3,1,0,1,20,0,0,0,"16800,00",8,0,1,202005,0,5,"16800,00"
202005,3,35,355030,J,6201501,-1,212410,101,8,27,"40,00",1,1,0,1,31,0,0,0,"3237,06",9,0,1,202005,0,5,"3237,06"
202005,3,33,330455,J,6201501,-1,212405,101,9,39,"40,00",1,1,0,1,40,0,0,0,"5550,50",4,0,1,202005,0,5,"5550,50"
202005,3,33,330455,J,6201501,-1,317210,101,7,34,"40,00",3,1,0,1,31,0,0,0,"1381,45",9,0,1,202005,0,5,"1381,45"
202005,3,35,354730,J,6209100,1,142520,101,80,52,"40,00",1,1,0,1,20,0,0,0,"11220,30",10,0,1,202005,0,5,"11220,30"
202005,4,43,431870,J,6201501,1,317110,101,8,35,"44,00",1,1,0,1,20,0,0,0,"4000,00",8,0,1,202005,0,5,"4000,00"
202005,3,31,310620,J,6204000,1,212405,101,9,30,"40,00",3,1,0,1,20,0,0,0,"6200,00",7,0,1,202005,0,5,"6200,00"
202005,3,31,310620,J,6201501,-1,212405,101,9,25,"40,00",3,1,0,1,31,0,0,0,"5500,00",7,0,1,202005,0,5,"5500,00"
202005,3,35,355030,J,6201501,-1,212410,101,9,58,"40,00",6,3,0,1,31,0,0,0,"9481,09",10,0,1,202005,0,5,"9481,09"
202005,5,53,530010,J,6201501,1,317110,101,9,30,"44,00",3,1,0,1,20,0,0,0,"5000,00",8,0,1,202005,0,5,"5000,00"
202005,3,35,352470,J,6201501,-1,317210,101,9,32,"40,00",3,1,0,1,31,0,0,0,"1587,00",10,0,1,202005,0,5,"1587,00"
202005,3,35,354880,J,6203100,1,212405,101,9,28,"40,00",1,1,0,1,20,0,0,0,"7587,72",7,0,1,202005,0,5,"7587,72"
202005,3,35,355030,J,6204000,1,212405,101,8,20,"44,00",1,3,0,1,20,0,0,9,"3200,00",10,0,1,202005,0,5,"3200,00"
202005,3,35,350950,J,6201501,-1,317110,101,8,24,"40,00",1,1,0,1,40,0,0,0,"4067,00",8,0,1,202005,0,5,"4067,00"
202005,3,35,355030,J,6209100,-1,317205,101,9,44,"40,00",1,1,0,1,31,0,0,0,"12600,00",6,0,1,202005,0,5,"12600,00"
202005,3,35,350570,J,6209100,1,212405,101,9,29,"40,00",6,1,0,1,20,0,0,0,"8500,00",10,0,1,202005,0,5,"8500,00"
202005,3,31,310620,J,6204000,-1,212405,101,9,43,"40,00",3,1,0,1,31,0,0,0,"4693,71",10,0,1,202005,0,5,"4693,71"
202005,4,42,421700,J,6202300,-1,212405,101,8,23,"44,00",1,1,0,1,31,0,0,0,"3005,00",3,0,1,202005,0,5,"3005,00"
202005,3,35,352690,J,6201501,-1,212315,101,8,28,"40,00",1,1,0,1,31,0,0,0,"4698,86",5,0,1,202005,0,5,"4698,86"
202005,5,52,520870,J,6201501,-1,212420,101,7,40,"44,00",3,1,0,1,31,0,0,0,"4011,87",5,0,1,202005,0,5,"4011,87"
202005,2,23,230440,J,6204000,-1,317110,101,8,22,"30,00",3,3,0,1,43,0,0,1,"1800,00",8,0,1,202005,0,5,"1800,00"
202005,3,31,310620,J,6201501,-1,212405,101,9,32,"40,00",1,3,0,1,40,0,0,0,"7089,00",6,0,1,202005,0,5,"7089,00"
202005,3,35,355030,J,6204000,-1,317110,101,8,21,"40,00",1,1,0,1,40,0,0,0,"7500,00",7,0,1,202005,0,5,"7500,00"
202005,3,35,354780,J,6201501,1,317210,101,9,46,"40,00",1,1,0,1,20,0,0,0,"3000,00",6,0,1,202005,0,5,"3000,00"
202005,3,33,330455,J,6203100,1,317110,101,7,25,"44,00",1,1,0,1,20,0,0,0,"2524,47",7,0,1,202005,0,5,"2524,47"
202005,3,35,354780,J,6209100,-1,212405,101,9,36,"40,00",1,3,0,1,31,0,0,0,"6500,00",6,0,1,202005,0,5,"6500,00"
202005,3,35,350950,J,6201501,1,212420,101,9,24,"40,00",1,1,0,1,20,0,0,0,"5508,00",8,0,1,202005,0,5,"5508,00"
202005,3,35,350570,J,6201501,-1,317110,101,7,36,"40,00",1,1,0,1,31,0,0,0,"3416,50",9,0,1,202005,0,5,"3416,50"
202005,3,35,355030,J,6201501,-1,212405,101,9,45,"40,00",1,1,0,1,31,0,0,0,"6500,00",10,0,1,202005,0,5,"6500,00"
202005,3,35,355030,J,6204000,-1,142510,101,7,26,"40,00",1,3,0,1,31,0,0,0,"1700,00",8,0,1,202005,0,5,"1700,00"
202005,3,35,354730,J,6209100,1,212405,101,80,35,"40,00",3,3,0,1,20,0,0,0,"7000,00",10,0,1,202005,0,5,"7000,00"
202005,5,53,530010,J,6201501,-1,212405,101,9,26,"44,00",3,1,0,1,40,0,0,0,"9000,00",7,0,1,202005,0,5,"9000,00"
202005,3,35,355030,J,6201501,-1,212405,101,9,29,"39,08",3,1,0,1,40,0,0,0,"3665,65",6,0,1,202005,0,5,"3665,65"
202005,5,53,530010,J,6204000,1,212410,101,8,67,"40,00",1,3,0,1,20,0,0,0,"15654,40",1,0,1,202005,0,5,"15654,40"
202005,3,33,330580,J,6209100,-1,317210,101,9,31,"40,00",1,1,0,1,31,0,0,0,"1615,00",10,0,1,202005,0,5,"1615,00"
202005,3,35,354780,J,6209100,-1,212405,101,9,29,"40,00",1,1,0,1,31,0,0,0,"4140,00",6,0,1,202005,0,5,"4140,00"
202005,3,31,310620,J,6202300,1,212405,101,7,26,"44,00",3,1,0,1,20,0,0,0,"1800,00",3,0,1,202005,0,5,"1800,00"
202005,3,35,355030,J,6204000,-1,212405,101,9,23,"40,00",1,1,0,1,40,0,0,0,"1783,00",10,0,1,202005,0,5,"1783,00"
202005,3,35,355030,J,6201501,1,317110,101,9,36,"40,00",1,3,0,1,20,0,0,0,"8144,17",6,0,1,202005,0,5,"8144,17"
202005,3,35,355030,J,6311900,1,212315,101,80,32,"40,00",1,1,0,1,20,0,0,0,"9700,00",4,0,1,202005,0,5,"9700,00"
202005,3,35,355030,J,6209100,1,212420,101,9,35,"40,00",6,1,0,1,20,0,0,0,"4800,00",5,0,1,202005,0,5,"4800,00"
202005,3,35,355030,J,6204000,-1,212405,101,9,38,"40,00",3,1,0,1,31,0,0,0,"2124,81",8,0,1,202005,0,5,"2124,81"
202005,3,35,355030,J,6209100,-1,212405,101,9,37,"40,00",1,1,0,1,40,0,0,0,"12000,00",5,0,1,202005,0,5,"12000,00"
202005,3,35,355030,J,6204000,-1,212405,101,9,52,"40,00",1,1,0,1,31,0,0,0,"18000,00",10,0,1,202005,0,5,"18000,00"
202005,3,35,355030,J,6201501,-1,142510,101,80,30,"44,00",3,3,0,1,40,0,0,9,"18254,24",10,0,1,202005,0,5,"18254,24"
202005,3,35,355030,J,6204000,-1,212320,101,9,36,"40,00",1,1,0,1,40,0,0,0,"8000,00",8,0,1,202005,0,5,"8000,00"
202005,3,35,350570,J,6201501,-1,212405,101,9,62,"40,00",1,3,0,1,40,0,0,0,"6500,00",9,0,1,202005,0,5,"6500,00"
202005,2,23,230440,J,6311900,-1,212420,101,9,37,"40,00",1,1,0,1,31,0,0,0,"5844,16",5,0,1,202005,0,5,"5844,16"
202005,3,32,320530,J,6209100,1,212420,101,80,35,"40,00",1,1,0,1,20,0,0,0,"2781,45",3,0,1,202005,0,5,"2781,45"
202005,3,31,317020,J,6209100,1,212405,101,9,18,"44,00",6,1,0,1,20,0,0,0,"1500,00",5,0,1,202005,0,5,"1500,00"
202005,4,41,410690,J,6209100,-1,317110,101,9,37,"40,00",1,1,0,1,31,0,0,0,"7516,11",1,0,1,202005,0,5,"7516,11"
202005,3,35,355030,J,6201501,-1,212420,101,9,36,"40,00",1,1,0,1,31,0,0,0,"6068,30",6,0,1,202005,0,5,"6068,30"
202005,3,35,355030,J,6201501,1,212405,101,8,23,"40,00",1,1,0,1,20,0,0,0,"7000,00",8,0,1,202005,0,5,"7000,00"
202005,3,35,354730,J,6209100,-1,212420,101,9,28,"40,00",1,1,0,1,31,0,0,0,"1668,60",9,0,1,202005,0,5,"1668,60"
202005,3,31,310620,J,6204000,-1,212420,101,7,22,"40,00",3,1,0,1,31,0,0,0,"1675,00",7,0,1,202005,0,5,"1675,00"
202005,4,41,410690,J,6201501,-1,317110,101,8,30,"40,00",1,1,0,1,31,0,0,0,"4500,00",9,0,1,202005,0,5,"4500,00"
202005,3,33,330455,J,6202300,1,212405,101,80,52,"40,00",1,1,0,1,20,0,0,0,"9500,00",5,0,1,202005,0,5,"9500,00"
202005,3,31,317020,J,6201501,-1,142515,101,9,37,"36,00",1,1,0,1,40,0,0,0,"9295,20",8,0,1,202005,0,5,"9295,20"
202005,3,33,330455,J,6209100,-1,212420,101,9,33,"40,00",3,3,0,1,31,0,0,0,"1859,35",3,0,1,202005,0,5,"1859,35"
202005,3,35,354780,J,6201501,1,317110,101,8,19,"40,00",1,3,0,1,10,0,0,0,"1857,39",6,0,1,202005,0,5,"1857,39"
202005,5,53,530010,J,6201501,1,212205,101,9,33,"40,00",1,1,0,1,20,0,0,0,"12000,00",10,0,1,202005,0,5,"12000,00"
202005,4,41,410690,J,6201501,1,212405,101,9,37,"40,00",1,1,0,1,20,0,0,0,"11000,00",6,0,1,202005,0,5,"11000,00"
202005,3,31,317070,J,6201501,-1,212405,101,9,39,"44,00",1,1,0,1,31,0,0,0,"2336,77",5,0,1,202005,0,5,"2336,77"
202005,5,53,530010,J,6201501,-1,317110,101,8,27,"40,00",2,1,0,1,40,0,0,0,"3500,00",10,0,1,202005,0,5,"3500,00"
202005,4,43,431490,J,6201501,1,317210,101,7,24,"40,00",1,1,0,1,20,0,0,0,"1535,52",5,0,1,202005,0,5,"1535,52"
202005,3,31,317020,J,6204000,1,142520,101,8,56,"40,00",4,1,0,1,20,0,0,0,"5300,00",8,0,1,202005,0,5,"5300,00"
202005,3,35,355030,J,6311900,1,212405,101,9,25,"40,00",1,1,0,1,20,0,0,0,"5000,00",6,0,1,202005,0,5,"5000,00"
202005,3,35,355030,J,6204000,1,212405,101,10,31,"40,00",1,1,0,1,20,0,0,0,"9543,00",8,0,1,202005,0,5,"9543,00"
202005,3,35,355030,J,6204000,1,317205,101,9,28,"44,00",1,1,0,1,20,0,0,0,"1100,00",6,0,1,202005,0,5,"1100,00"
202005,3,31,310620,J,6202300,1,317110,101,7,24,"40,00",6,3,0,1,20,0,0,0,"2200,00",3,0,1,202005,0,5,"2200,00"
202005,3,35,355030,J,6202300,1,212405,101,8,28,"40,00",6,1,0,1,20,0,0,0,"1694,33",5,0,1,202005,0,5,"1694,33"
202005,5,53,530010,J,6203100,1,212405,101,9,35,"40,00",3,1,0,1,20,0,0,0,"6769,13",7,0,1,202005,0,5,"6769,13"
202005,3,35,355030,J,6204000,1,212420,101,9,30,"40,00",1,1,0,1,20,0,0,0,"11808,75",4,0,1,202005,0,5,"11808,75"
202005,2,23,230440,J,6209100,-1,317105,101,9,32,"44,00",3,1,0,1,31,0,0,0,"3523,83",5,0,1,202005,0,5,"3523,83"
202005,4,41,411520,J,6203100,1,212420,101,9,25,"44,00",1,1,0,1,20,0,0,0,"1389,21",7,0,1,202005,0,5,"1389,21"
202005,4,42,420540,J,6202300,-1,317110,101,7,19,"44,00",3,1,0,1,31,0,0,0,"2457,54",6,0,1,202005,0,5,"2457,54"
202005,3,35,355030,J,6311900,-1,212405,101,9,33,"40,00",1,1,0,1,31,0,0,0,"8151,00",1,0,1,202005,0,5,"8151,00"
202005,3,35,355030,J,6203100,1,212405,101,9,51,"40,00",3,1,0,1,20,0,0,0,"9600,00",7,0,1,202005,0,5,"9600,00"
202005,3,35,355030,J,6201501,1,212405,101,9,54,"40,00",1,1,0,1,20,0,0,0,"10000,00",8,0,1,202005,0,5,"10000,00"
202005,4,42,420240,J,6202300,-1,212420,101,8,20,"40,00",1,1,0,1,40,0,0,0,"2149,38",7,0,1,202005,0,5,"2149,38"
202005,3,33,330455,J,6201501,1,212405,101,9,30,"40,00",1,1,0,1,20,0,0,0,"14000,00",7,0,1,202005,0,5,"14000,00"
202005,3,35,355030,J,6201501,1,142520,101,80,45,"40,00",3,1,0,1,20,0,0,0,"8136,66",10,0,1,202005,0,5,"8136,66"
202005,5,53,530010,J,6204000,-1,212410,101,9,44,"40,00",1,1,0,1,43,0,0,0,"6398,86",1,0,1,202005,0,5,"6398,86"
202005,4,42,420240,J,6201501,-1,317210,101,9,29,"44,00",3,1,0,1,31,0,0,0,"2021,78",10,0,1,202005,0,5,"2021,78"
202005,4,43,431870,J,6202300,1,317110,101,9,27,"44,00",1,1,0,1,20,0,0,0,"3500,00",2,0,1,202005,0,5,"3500,00"
202005,3,35,355030,J,6201501,1,212405,101,9,25,"40,00",1,1,0,1,20,0,0,0,"7000,00",8,0,1,202005,0,5,"7000,00"
202005,3,31,310620,J,6201501,1,212420,101,5,26,"40,00",1,1,0,1,20,0,0,0,"1693,27",9,0,1,202005,0,5,"1693,27"
202005,3,35,350570,J,6204000,-1,317110,101,9,30,"40,00",1,3,0,1,31,0,0,0,"12000,00",9,0,1,202005,0,5,"12000,00"
202005,3,35,354730,J,6204000,-1,212420,101,9,26,"40,00",1,1,0,1,31,0,0,0,"1571,26",9,0,1,202005,0,5,"1571,26"
202005,3,35,355030,J,6201501,1,212405,101,8,37,"40,00",1,1,0,1,20,0,0,0,"2015,00",8,0,1,202005,0,5,"2015,00"
202005,3,33,330455,J,6204000,1,212405,101,9,30,"40,00",1,1,0,1,20,0,0,0,"7063,50",6,0,1,202005,0,5,"7063,50"
202005,3,32,320530,J,6209100,-1,212405,101,9,29,"40,00",3,1,0,1,40,0,0,0,"4200,00",9,0,1,202005,0,5,"4200,00"
202005,4,43,431490,J,6201501,-1,212405,101,8,26,"40,00",1,3,0,1,31,0,0,0,"2241,80",8,0,1,202005,0,5,"2241,80"
202005,3,33,330455,J,6201501,-1,212410,101,9,48,"40,00",2,1,0,1,31,0,0,0,"6729,00",4,0,1,202005,0,5,"6729,00"
202005,3,35,350570,J,6201501,1,317205,101,80,38,"40,00",3,1,0,1,20,0,0,0,"12000,00",9,0,1,202005,0,5,"12000,00"
202005,3,35,355030,J,6201501,-1,212405,101,9,35,"40,00",1,1,0,1,40,0,0,0,"5356,53",10,0,1,202005,0,5,"5356,53"
202005,3,35,355030,J,6204000,1,212405,101,9,25,"40,00",1,3,0,1,20,0,0,0,"3200,00",5,0,1,202005,0,5,"3200,00"
202005,4,43,431490,J,6311900,1,317110,101,9,29,"40,00",5,1,0,1,20,0,0,0,"4100,00",7,0,1,202005,0,5,"4100,00"
202005,3,33,330455,J,6204000,-1,317110,101,7,44,"40,00",3,1,0,1,40,0,0,0,"4500,00",5,0,1,202005,0,5,"4500,00"
202005,4,41,411370,J,6201501,1,212405,101,9,22,"44,00",6,1,0,1,20,0,0,0,"1400,00",5,0,1,202005,0,5,"1400,00"
202005,5,53,530010,J,6203100,-1,212405,101,8,20,"44,00",3,1,0,1,40,0,0,0,"3000,00",7,0,1,202005,0,5,"3000,00"
202005,3,35,355030,J,6201501,-1,212405,101,9,35,"40,00",1,1,0,1,40,0,0,0,"10059,65",10,0,1,202005,0,5,"10059,65"
202005,3,35,350570,J,6203100,-1,317110,101,9,23,"40,00",1,1,0,1,31,0,0,0,"1675,56",5,0,1,202005,0,5,"1675,56"
202005,3,35,350320,J,6204000,-1,212405,101,9,39,"40,00",1,1,0,1,40,0,0,0,"8652,30",8,0,1,202005,0,5,"8652,30"
202005,3,35,355030,J,6209100,1,212405,101,9,30,"40,00",2,1,0,1,20,0,0,0,"8000,00",5,0,1,202005,0,5,"8000,00"
202005,3,35,355030,J,6203100,1,317110,101,9,28,"44,00",1,3,0,1,20,0,0,9,"2500,00",1,0,1,202005,0,5,"2500,00"
202005,3,35,350570,J,6203100,1,212315,101,9,29,"40,00",1,1,0,1,20,0,0,0,"8572,00",9,0,1,202005,0,5,"8572,00"
202005,5,53,530010,J,6201501,1,212405,101,8,22,"40,00",3,1,0,1,20,0,0,0,"1574,10",10,0,1,202005,0,5,"1574,10"
202005,3,31,313670,J,6209100,-1,212405,101,80,34,"33,00",2,1,0,1,40,0,0,0,"1350,00",6,0,1,202005,0,5,"1350,00"
202005,3,35,350570,J,6202300,-1,212420,101,9,41,"40,00",1,1,0,1,31,0,0,0,"10166,66",9,0,1,202005,0,5,"10166,66"
202005,3,35,355030,J,6209100,-1,142520,101,8,32,"40,00",1,1,0,1,31,0,0,0,"6039,00",5,0,1,202005,0,5,"6039,00"
202005,3,32,320520,J,6209100,1,212420,101,9,24,"40,00",1,1,0,1,20,0,0,0,"1705,00",5,0,1,202005,0,5,"1705,00"
202005,3,35,355030,J,6201501,-1,212405,101,10,54,"40,00",1,1,0,1,40,0,0,0,"6079,87",9,0,1,202005,0,5,"6079,87"
202005,3,35,355030,J,6203100,1,212420,101,8,31,"40,00",6,3,0,1,20,0,0,0,"3800,00",7,0,1,202005,0,5,"3800,00"
202005,3,35,355030,J,6209100,-1,317210,101,8,36,"40,00",3,3,0,1,31,0,0,0,"1500,00",8,0,1,202005,0,5,"1500,00"
202005,3,35,350950,J,6204000,-1,142520,101,9,42,"40,00",1,1,0,1,31,0,0,0,"18585,00",7,0,1,202005,0,5,"18585,00"
202005,4,42,420540,J,6209100,1,317110,101,9,35,"44,00",6,1,0,1,20,0,0,0,"2502,00",4,0,1,202005,0,5,"2502,00"
202005,5,52,522140,J,6311900,1,317110,101,7,19,"44,00",3,1,0,1,20,0,0,0,"1440,04",2,0,1,202005,0,5,"1440,04"
202005,3,35,355030,J,6201501,1,317110,101,9,29,"40,00",3,3,0,1,20,0,0,0,"8851,92",9,0,1,202005,0,5,"8851,92"
202005,5,53,530010,J,6204000,1,212410,101,9,31,"40,00",3,1,0,1,20,0,0,0,"1800,00",1,0,1,202005,0,5,"1800,00"
202005,3,31,310620,J,6201501,-1,317210,101,80,35,"40,00",1,3,0,1,31,0,0,0,"5268,47",9,0,1,202005,0,5,"5268,47"
202005,4,41,411370,J,6203100,1,317210,101,9,24,"40,00",1,1,0,1,20,0,0,0,"1397,83",8,0,1,202005,0,5,"1397,83"
202005,3,35,355030,J,6201501,1,212405,101,80,45,"40,00",3,1,0,1,20,0,0,0,"7000,00",10,0,1,202005,0,5,"7000,00"
202005,3,35,350570,J,6201501,1,212405,101,9,27,"40,00",4,1,0,1,20,0,0,0,"2000,00",8,0,1,202005,0,5,"2000,00"
202005,5,53,530010,J,6204000,-1,212410,101,9,32,"40,00",1,1,0,1,31,0,0,0,"8255,76",8,0,1,202005,0,5,"8255,76"
202005,2,26,261160,J,6203100,1,212405,101,9,28,"40,00",2,1,0,1,20,0,0,0,"2641,23",7,0,1,202005,0,5,"2641,23"
202005,3,35,354730,J,6209100,1,212420,101,9,36,"40,00",6,1,0,1,20,0,0,0,"4500,00",10,0,1,202005,0,5,"4500,00"
202005,5,53,530010,J,6203100,-1,212405,101,9,22,"44,00",1,1,0,1,40,0,0,0,"5000,00",8,0,1,202005,0,5,"5000,00"
202005,3,35,355030,J,6209100,-1,212405,101,9,38,"40,00",1,1,0,1,31,0,0,0,"3432,00",5,0,1,202005,0,5,"3432,00"
202005,4,41,411370,J,6209100,1,317110,101,9,27,"44,00",6,1,0,1,20,0,0,0,"3000,00",8,0,1,202005,0,5,"3000,00"
202005,5,53,530010,J,6203100,1,212405,101,9,51,"40,00",6,1,0,1,20,0,0,0,"8928,05",7,0,1,202005,0,5,"8928,05"
202005,3,31,310620,J,6201501,1,212405,101,9,34,"40,00",3,1,0,1,20,0,0,0,"4500,00",8,0,1,202005,0,5,"4500,00"
202005,4,43,431870,J,6204000,1,212420,101,9,38,"40,00",1,3,0,1,20,0,0,0,"5800,00",8,0,1,202005,0,5,"5800,00"
202005,3,35,354990,J,6201501,1,317110,101,9,24,"44,00",1,3,0,1,20,0,0,0,"1800,00",1,0,1,202005,0,5,"1800,00"
202005,3,35,355030,J,6202300,1,212405,101,80,39,"40,00",1,1,0,1,20,0,0,0,"1700,00",5,0,1,202005,0,5,"1700,00"
202005,5,53,530010,J,6201501,-1,212405,101,9,50,"40,00",1,1,0,1,31,0,0,0,"5573,19",10,0,1,202005,0,5,"5573,19"
202005,3,33,330455,J,6201501,-1,317210,101,9,33,"40,00",1,1,0,1,31,0,0,0,"1381,44",9,0,1,202005,0,5,"1381,44"
202005,4,43,431490,J,6202300,-1,317110,101,8,41,"42,50",1,1,0,1,31,0,0,0,"3328,00",4,0,1,202005,0,5,"3328,00"
202005,4,41,410690,J,6204000,-1,317110,101,9,44,"40,00",6,1,0,1,31,0,0,0,"4500,00",7,0,1,202005,0,5,"4500,00"
202005,4,42,420240,J,6201501,-1,317110,101,9,27,"44,00",1,1,0,1,40,0,0,0,"4950,00",10,0,1,202005,0,5,"4950,00"
202005,3,35,355030,J,6201501,-1,212405,101,9,40,"40,00",1,1,0,1,31,0,0,0,"7500,00",7,0,1,202005,0,5,"7500,00"
202005,3,35,355030,J,6202300,-1,212405,101,11,31,"40,00",1,1,0,1,40,0,0,0,"2584,00",6,0,1,202005,0,5,"2584,00"
202005,3,35,352590,J,6209100,1,212405,101,9,33,"40,00",1,1,0,1,20,0,0,0,"11310,00",4,0,1,202005,0,5,"11310,00"
202005,3,35,355030,J,6311900,1,212420,101,9,43,"40,00",1,1,0,1,20,0,0,0,"14200,00",9,0,1,202005,0,5,"14200,00"
202005,5,53,530010,J,6204000,1,212410,101,80,38,"40,00",1,1,0,1,20,0,0,0,"5000,00",1,0,1,202005,0,5,"5000,00"
202005,4,41,411520,J,6202300,1,317110,101,7,20,"44,00",1,1,0,1,20,0,0,0,"2100,00",6,0,1,202005,0,5,"2100,00"
202005,3,31,310620,J,6201501,1,212405,101,9,31,"40,00",2,1,0,1,20,0,0,0,"4600,00",8,0,1,202005,0,5,"4600,00"
202005,4,42,420240,J,6209100,1,317210,101,7,19,"44,00",6,1,0,1,20,0,0,0,"1500,00",3,0,1,202005,0,5,"1500,00"
202005,5,53,530010,J,6203100,-1,212405,101,9,51,"44,00",4,1,0,1,40,0,0,0,"11048,31",7,0,1,202005,0,5,"11048,31"
202005,3,35,350570,J,6209100,1,317110,101,9,26,"40,00",6,1,0,1,20,0,0,0,"9500,00",10,0,1,202005,0,5,"9500,00"
202005,3,35,355030,J,6204000,-1,212405,101,9,24,"40,00",2,1,0,1,31,0,0,0,"4000,00",4,0,1,202005,0,5,"4000,00"
202005,3,33,330455,J,6201501,1,317110,101,10,54,"40,00",1,1,0,1,20,0,0,0,"5000,00",6,0,1,202005,0,5,"5000,00"
202005,2,24,240810,J,6202300,-1,317210,101,7,28,"44,00",1,1,0,1,31,0,0,0,"1225,38",2,0,1,202005,0,5,"1225,38"
202005,3,35,355030,J,6203100,-1,212405,101,80,24,"40,00",1,3,0,1,40,0,0,0,"5200,00",10,0,1,202005,0,5,"5200,00"
202005,3,35,355030,J,6201501,1,317110,101,9,30,"40,00",1,1,0,1,20,0,0,0,"9102,30",6,0,1,202005,0,5,"9102,30"
202005,3,35,355030,J,6204000,1,212405,101,8,28,"44,00",1,1,0,1,20,0,0,9,"7900,00",10,0,1,202005,0,5,"7900,00"
202005,3,35,355030,J,6201501,-1,212405,101,9,42,"40,00",6,1,0,1,40,0,0,0,"8504,87",7,0,1,202005,0,5,"8504,87"
202005,2,25,250750,J,6201501,1,212405,101,9,36,"44,00",3,1,0,1,20,0,0,0,"6200,00",7,0,1,202005,0,5,"6200,00"
202005,3,35,355030,J,6201501,1,317110,101,7,28,"40,00",1,3,0,1,20,0,0,0,"7095,64",10,0,1,202005,0,5,"7095,64"
202005,5,53,530010,J,6201501,1,212405,101,11,25,"40,00",3,1,0,1,20,0,0,0,"16394,20",10,0,1,202005,0,5,"16394,20"
202005,3,31,310620,J,6204000,1,212405,101,9,18,"44,00",1,1,0,1,20,0,0,0,"2418,54",6,0,1,202005,0,5,"2418,54"
202005,3,31,317020,J,6204000,1,317110,101,8,21,"40,00",1,1,0,1,20,0,0,0,"1464,19",8,0,1,202005,0,5,"1464,19"
202005,3,33,330455,J,6201501,-1,142520,101,80,42,"44,00",1,1,0,1,31,0,0,9,"18265,00",7,0,1,202005,0,5,"18265,00"
202005,4,43,431870,J,6204000,1,212405,101,8,22,"40,00",1,1,0,1,20,0,0,0,"5640,92",10,0,1,202005,0,5,"5640,92"
202005,4,41,410720,J,6203100,-1,212420,101,8,21,"44,00",1,1,0,1,40,0,0,0,"1878,96",8,0,1,202005,0,5,"1878,96"
202005,3,35,354970,J,6201501,1,212405,101,7,20,"44,00",1,1,0,1,20,0,0,0,"1900,00",5,0,1,202005,0,5,"1900,00"
202005,4,42,420240,J,6201501,-1,212320,101,80,29,"44,00",1,3,0,1,40,0,0,0,"4061,59",10,0,1,202005,0,5,"4061,59"
202005,3,31,310620,J,6201501,1,212405,101,9,29,"40,00",1,1,0,1,20,0,0,0,"6000,00",6,0,1,202005,0,5,"6000,00"
202005,5,53,530010,J,6209100,-1,212405,101,7,24,"44,00",3,3,0,1,31,0,0,0,"1392,37",6,0,1,202005,0,5,"1392,37"
202005,4,41,410480,J,6209100,1,317110,101,8,32,"40,00",3,1,0,1,20,0,0,0,"2755,25",6,0,1,202005,0,5,"2755,25"
202005,3,35,355030,J,6201501,-1,142530,101,9,43,"40,00",1,1,0,1,31,0,0,0,"20077,79",8,0,1,202005,0,5,"20077,79"
202005,3,35,350570,J,6203100,1,212405,101,10,44,"44,00",2,1,0,1,20,0,0,9,"18500,00",5,0,1,202005,0,5,"18500,00"
202005,3,35,355030,J,6201501,-1,212405,101,9,26,"40,00",1,1,0,1,40,0,0,0,"6034,20",10,0,1,202005,0,5,"6034,20"
202005,4,43,431490,J,6209100,-1,317210,101,9,33,"44,00",1,1,0,1,31,0,0,0,"1750,00",8,0,1,202005,0,5,"1750,00"
202005,3,35,355030,J,6204000,1,212405,101,9,50,"40,00",1,1,0,1,20,0,0,0,"7000,00",10,0,1,202005,0,5,"7000,00"
202005,3,35,350570,J,6204000,1,317110,101,9,56,"40,00",6,1,0,1,20,0,0,0,"8000,00",9,0,1,202005,0,5,"8000,00"
202005,4,43,431490,J,6209100,-1,212410,101,9,36,"44,00",1,1,0,1,40,0,0,0,"8000,00",7,0,1,202005,0,5,"8000,00"
202005,4,43,431490,J,6204000,-1,317110,101,10,40,"44,00",1,1,0,1,40,0,0,0,"5824,65",7,0,1,202005,0,5,"5824,65"
202005,3,35,355030,J,6209100,-1,317110,101,9,23,"40,00",2,3,0,1,31,0,0,0,"2500,00",2,0,1,202005,0,5,"2500,00"
202005,4,42,420430,J,6203100,1,212420,101,7,19,"42,50",1,1,0,1,20,0,0,0,"1352,00",1,0,1,202005,0,5,"1352,00"
202005,3,31,317020,J,6202300,-1,317110,101,8,27,"44,00",3,1,0,1,31,0,0,0,"1713,44",3,0,1,202005,0,5,"1713,44"
202005,3,35,350570,J,6202300,1,212405,101,7,28,"40,00",2,3,0,1,20,0,0,0,"2542,00",7,0,1,202005,0,5,"2542,00"
202005,3,35,355030,J,6204000,1,142520,101,9,48,"40,00",1,1,0,1,20,0,0,0,"7700,00",8,0,1,202005,0,5,"7700,00"
202005,3,31,310620,J,6201501,1,212405,101,9,28,"40,00",3,1,0,1,20,0,0,0,"6500,00",8,0,1,202005,0,5,"6500,00"
202005,2,26,261160,J,6202300,1,317110,101,9,25,"40,00",3,1,0,1,20,0,0,0,"3860,94",5,0,1,202005,0,5,"3860,94"
202005,3,35,352470,J,6201501,-1,212405,101,9,34,"38,00",1,1,0,1,31,0,0,0,"1736,63",10,0,1,202005,0,5,"1736,63"
202005,3,35,355030,J,6204000,-1,317110,101,8,27,"40,00",1,1,0,1,40,0,0,0,"6000,00",8,0,1,202005,0,5,"6000,00"
202005,4,41,410690,J,6204000,1,212405,101,9,33,"40,00",1,1,0,1,20,0,0,0,"6500,00",4,0,1,202005,0,5,"6500,00"
202005,3,33,330455,J,6204000,-1,212410,101,8,29,"40,00",1,1,0,1,31,0,0,0,"1991,82",9,0,1,202005,0,5,"1991,82"
202005,3,31,310620,J,6202300,1,212420,101,80,44,"40,00",6,1,0,1,20,0,0,0,"4083,21",6,0,1,202005,0,5,"4083,21"
202005,3,31,316470,J,6209100,1,317210,101,7,33,"44,00",1,1,0,1,20,0,0,0,"1087,77",5,0,1,202005,0,5,"1087,77"
202005,4,42,420540,J,6204000,-1,317110,101,8,43,"44,00",1,1,0,1,31,0,0,0,"5927,76",6,0,1,202005,0,5,"5927,76"
202005,4,43,431490,J,6311900,1,317205,101,9,35,"40,00",1,1,0,1,20,0,0,0,"1500,00",6,0,1,202005,0,5,"1500,00"
202005,3,35,355030,J,6204000,-1,212405,101,80,42,"40,00",1,1,0,1,31,0,0,0,"9362,81",10,0,1,202005,0,5,"9362,81"
202005,4,41,410690,J,6201501,-1,317110,101,9,48,"40,00",1,1,0,1,31,0,0,0,"8817,27",1,0,1,202005,0,5,"8817,27"
202005,3,35,355030,J,6201501,-1,212405,101,9,31,"40,00",6,1,0,1,31,0,0,0,"3215,01",7,0,1,202005,0,5,"3215,01"
202005,3,31,310620,J,6201501,-1,212405,101,9,39,"40,00",3,1,0,1,31,0,0,0,"4000,00",8,0,1,202005,0,5,"4000,00"
202005,5,53,530010,J,6203100,1,212405,101,80,60,"40,00",6,1,0,1,20,0,0,0,"8218,25",7,0,1,202005,0,5,"8218,25"
202005,3,32,320530,J,6209100,-1,212315,101,9,33,"40,00",1,1,0,1,31,0,0,0,"1929,50",9,0,1,202005,0,5,"1929,50"
202005,3,33,330455,J,6204000,1,317210,101,5,59,"40,00",1,1,0,1,20,0,0,0,"5907,58",6,0,1,202005,0,5,"5907,58"
202005,3,35,355030,J,6201501,-1,212410,101,6,23,"40,00",1,1,0,1,31,0,0,0,"3000,00",1,0,1,202005,0,5,"3000,00"
202005,3,35,355030,J,6204000,1,212405,101,9,30,"40,00",2,1,0,1,20,0,0,0,"10000,00",10,0,1,202005,0,5,"10000,00"
202005,3,35,350570,J,6201501,1,212405,101,9,32,"40,00",3,1,0,1,20,0,0,0,"2000,00",8,0,1,202005,0,5,"2000,00"
202005,3,35,354990,J,6311900,-1,317210,101,7,36,"40,00",1,1,0,1,40,0,0,0,"1620,00",8,0,1,202005,0,5,"1620,00"
202005,3,35,355030,J,6204000,-1,212420,101,7,22,"40,00",3,3,0,1,31,0,0,0,"2250,00",10,0,1,202005,0,5,"2250,00"
202005,4,42,420420,J,6203100,1,317110,101,8,20,"44,00",1,1,0,1,20,0,0,0,"3047,74",7,0,1,202005,0,5,"3047,74"
202005,3,35,352470,J,6201501,-1,212420,101,9,49,"44,00",1,1,0,1,40,0,0,0,"2100,00",10,0,1,202005,0,5,"2100,00"
202005,3,31,310620,J,6201501,-1,212405,101,80,23,"48,00",3,1,0,1,40,0,0,0,"4625,30",5,0,1,202005,0,5,"4625,30"
202005,3,31,317020,J,6201501,-1,212410,101,9,42,"44,00",1,1,0,1,40,0,0,0,"9500,00",8,0,1,202005,0,5,"9500,00"
202005,3,31,310620,J,6204000,-1,212420,101,7,38,"40,00",3,1,0,1,31,0,0,0,"1340,56",7,0,1,202005,0,5,"1340,56"
202005,3,32,320530,J,6201501,-1,212310,101,9,27,"40,00",6,1,0,1,31,0,0,0,"3375,00",7,0,1,202005,0,5,"3375,00"
202005,4,42,420910,J,6201501,-1,317110,101,8,21,"42,50",1,1,0,1,43,0,0,0,"2811,00",8,0,1,202005,0,5,"2811,00"
202005,3,35,355030,J,6204000,1,212405,101,8,30,"44,00",1,1,0,1,20,0,0,9,"6200,00",10,0,1,202005,0,5,"6200,00"
202005,3,35,355030,J,6204000,1,212405,101,9,39,"40,00",1,1,0,1,20,0,0,0,"2278,50",6,0,1,202005,0,5,"2278,50"
202005,4,42,421480,J,6202300,-1,317210,101,9,42,"44,00",1,3,0,1,31,0,0,0,"2001,59",6,0,1,202005,0,5,"2001,59"
202005,3,35,355030,J,6201501,-1,212405,101,9,25,"40,00",3,3,0,1,40,0,0,0,"2090,00",7,0,1,202005,0,5,"2090,00"
202005,3,35,352590,J,6203100,1,212405,101,9,28,"40,00",1,1,0,1,20,0,0,0,"5944,00",7,0,1,202005,0,5,"5944,00"
202005,5,53,530010,J,6204000,1,212410,101,9,45,"40,00",1,1,0,1,20,0,0,0,"1500,00",1,0,1,202005,0,5,"1500,00"
202005,3,33,330455,J,6201501,1,212405,101,9,36,"40,00",1,1,0,1,20,0,0,0,"2128,30",6,0,1,202005,0,5,"2128,30"
202005,3,31,317020,J,6209100,1,212405,101,9,24,"44,00",6,3,0,1,20,0,0,0,"1500,00",5,0,1,202005,0,5,"1500,00"
202005,4,41,410690,J,6203100,-1,142510,101,80,33,"40,00",1,3,0,1,31,0,0,0,"4053,20",8,0,1,202005,0,5,"4053,20"
202005,3,31,310620,J,6202300,1,212420,101,9,25,"40,00",3,1,0,1,20,0,0,0,"2197,36",7,0,1,202005,0,5,"2197,36"
202005,4,43,431870,J,6202300,-1,317210,101,8,26,"40,00",6,3,0,1,31,0,0,0,"3162,94",6,0,1,202005,0,5,"3162,94"
202005,3,35,355030,J,6201501,1,212405,101,9,30,"40,00",3,1,0,1,20,0,0,0,"5000,00",8,0,1,202005,0,5,"5000,00"
202005,4,41,411520,J,6209100,-1,212420,101,7,42,"44,00",1,1,0,1,31,0,0,0,"2000,00",4,0,1,202005,0,5,"2000,00"
202005,4,42,420240,J,6209100,-1,212420,101,8,21,"42,50",1,1,0,1,43,0,0,0,"2500,00",3,0,1,202005,0,5,"2500,00"
202005,3,32,320530,J,6201501,-1,142520,101,9,37,"40,00",3,3,0,1,31,0,0,0,"5217,12",6,0,1,202005,0,5,"5217,12"
202005,5,51,510760,J,6202300,-1,212420,101,9,25,"44,00",1,1,0,1,40,0,0,0,"3767,22",5,0,1,202005,0,5,"3767,22"
202005,3,31,310620,J,6209100,-1,212405,101,9,25,"44,00",3,3,0,1,40,0,0,0,"2500,00",6,0,1,202005,0,5,"2500,00"
202005,3,31,310620,J,6204000,1,212420,101,7,22,"40,00",3,1,0,1,20,0,0,0,"1546,86",7,0,1,202005,0,5,"1546,86"
202005,3,35,355030,J,6209100,-1,317210,101,80,27,"40,00",1,3,0,1,40,0,0,0,"6000,00",4,0,1,202005,0,5,"6000,00"
202005,3,35,355030,J,6204000,1,212420,101,9,37,"44,00",3,1,0,1,20,0,0,9,"8800,00",10,0,1,202005,0,5,"8800,00"
202005,3,35,355030,J,6311900,-1,212405,101,8,30,"40,00",1,3,0,1,40,0,0,0,"8151,00",1,0,1,202005,0,5,"8151,00"
202005,5,53,530010,J,6204000,-1,212420,101,9,32,"36,00",1,1,0,1,40,0,0,0,"1150,00",7,0,1,202005,0,5,"1150,00"
202005,3,35,355030,J,6201501,1,212405,101,9,28,"40,00",1,1,0,1,20,0,0,0,"7500,00",10,0,1,202005,0,5,"7500,00"
202005,3,35,355030,J,6209100,1,317110,101,9,40,"40,00",1,1,0,1,20,0,0,0,"9000,00",8,0,1,202005,0,5,"9000,00"
202005,3,35,355030,J,6204000,-1,317110,101,9,25,"44,00",1,1,0,1,40,0,0,9,"4922,05",10,0,1,202005,0,5,"4922,05"
202005,3,35,350950,J,6204000,1,142520,101,80,37,"40,00",1,3,0,1,20,0,0,0,"10000,00",10,0,1,202005,0,5,"10000,00"
202005,3,35,355030,J,6204000,1,212405,101,8,27,"44,00",3,1,0,1,20,0,0,9,"3500,00",10,0,1,202005,0,5,"3500,00"
202005,4,41,410690,J,6201501,-1,317110,101,8,24,"40,00",1,1,0,1,31,0,0,0,"5025,00",7,0,1,202005,0,5,"5025,00"
202005,3,35,355030,J,6209100,-1,212420,101,8,34,"40,00",2,1,0,1,31,0,0,0,"2000,00",5,0,1,202005,0,5,"2000,00"
202005,5,53,530010,J,6201501,-1,317210,101,9,44,"44,00",3,1,0,1,40,0,0,0,"1505,59",9,0,1,202005,0,5,"1505,59"
202005,3,35,355030,J,6311900,1,212405,101,9,35,"44,00",1,1,0,1,20,0,0,0,"13000,00",9,0,1,202005,0,5,"13000,00"
202005,5,50,500370,J,6201501,1,317205,101,7,33,"44,00",6,1,0,1,20,0,0,0,"1144,00",3,0,1,202005,0,5,"1144,00"
202005,2,29,292740,J,6204000,-1,212405,101,9,37,"40,00",2,1,0,1,31,0,0,0,"5482,70",6,0,1,202005,0,5,"5482,70"
202005,2,28,280030,J,6209100,-1,317110,101,9,26,"44,00",3,1,0,1,40,0,0,0,"1800,00",4,0,1,202005,0,5,"1800,00"
202005,4,41,410480,J,6209100,1,317110,101,9,28,"40,00",3,1,0,1,20,0,0,0,"3470,82",6,0,1,202005,0,5,"3470,82"
202005,3,35,355030,J,6201501,1,212405,101,9,35,"40,00",1,1,0,1,20,0,0,0,"2750,00",8,0,1,202005,0,5,"2750,00"
202005,2,29,293330,J,6209100,-1,317205,101,7,27,"40,00",1,1,0,1,31,0,0,0,"1139,51",4,0,1,202005,0,5,"1139,51"
202005,4,43,431340,J,6202300,-1,317110,101,8,24,"44,00",1,3,0,1,31,0,0,0,"3550,00",7,0,1,202005,0,5,"3550,00"
202005,4,43,431020,J,6202300,-1,317110,101,8,24,"44,00",1,1,0,1,40,0,0,0,"2020,15",4,0,1,202005,0,5,"2020,15"
202005,3,31,317020,J,6204000,-1,317110,101,9,24,"40,00",1,1,0,1,40,0,0,0,"2454,30",8,0,1,202005,0,5,"2454,30"
202005,3,31,317020,J,6204000,1,317110,101,9,27,"44,00",3,1,0,1,20,0,0,9,"4000,00",8,0,1,202005,0,5,"4000,00"
202005,3,35,350950,J,6201501,-1,212210,101,9,26,"40,00",1,3,0,1,40,0,0,0,"3441,00",10,0,1,202005,0,5,"3441,00"
202005,5,53,530010,J,6204000,1,212410,101,80,32,"40,00",3,1,0,1,20,0,0,0,"7000,00",1,0,1,202005,0,5,"7000,00"
202005,2,29,292740,J,6204000,1,317110,101,7,22,"40,00",1,1,0,1,20,0,0,0,"3200,00",6,0,1,202005,0,5,"3200,00"
202005,4,41,411460,J,6202300,1,317110,101,8,23,"44,00",1,1,0,1,20,0,0,0,"1500,00",4,0,1,202005,0,5,"1500,00"
202005,3,35,355030,J,6201501,-1,212405,101,9,34,"40,00",3,1,0,1,40,0,0,0,"8567,36",9,0,1,202005,0,5,"8567,36"
202005,3,35,355030,J,6204000,1,212410,101,9,33,"40,00",1,3,0,1,20,0,0,0,"9696,65",8,0,1,202005,0,5,"9696,65"
202005,3,31,310620,J,6202300,1,212405,101,11,39,"44,00",1,3,0,1,20,0,0,0,"5000,00",7,0,1,202005,0,5,"5000,00"
202005,4,43,431490,J,6201501,-1,212420,101,9,29,"40,00",6,1,0,1,43,0,0,0,"2000,00",2,0,1,202005,0,5,"2000,00"
202005,3,35,355030,J,6204000,-1,212405,101,8,27,"40,00",6,1,0,1,43,0,0,0,"5707,00",5,0,1,202005,0,5,"5707,00"
202005,3,35,355030,J,6204000,-1,212405,101,8,30,"40,00",1,1,0,1,31,0,0,0,"3400,00",10,0,1,202005,0,5,"3400,00"
202005,3,33,330455,J,6201501,-1,212405,101,9,51,"40,00",1,3,0,1,40,0,0,0,"5052,50",6,0,1,202005,0,5,"5052,50"
202005,3,35,355030,J,6209100,-1,212405,101,7,26,"40,00",1,1,0,1,31,0,0,0,"2363,66",8,0,1,202005,0,5,"2363,66"
202005,3,31,310620,J,6202300,1,142530,101,9,25,"42,50",1,1,0,1,20,0,0,0,"2620,00",6,0,1,202005,0,5,"2620,00"
202005,3,35,355030,J,6201501,1,317110,101,9,23,"40,00",1,3,0,1,20,0,0,0,"7000,00",8,0,1,202005,0,5,"7000,00"
202005,3,35,354780,J,6209100,-1,212405,101,9,28,"40,00",1,1,0,1,31,0,0,0,"2317,68",6,0,1,202005,0,5,"2317,68"
202005,4,42,420910,J,6201501,-1,317110,101,8,22,"42,50",3,1,0,1,40,0,0,0,"2392,00",8,0,1,202005,0,5,"2392,00"
202005,3,35,355030,J,6201501,-1,212405,101,8,32,"40,00",1,1,0,1,43,0,0,0,"7500,00",10,0,1,202005,0,5,"7500,00"
202005,3,35,355030,J,6209100,1,212405,101,9,28,"40,00",2,1,0,1,20,0,0,0,"4000,00",7,0,1,202005,0,5,"4000,00"
202005,3,35,355030,J,6204000,1,212405,101,8,23,"44,00",1,1,0,1,20,0,0,9,"4000,00",10,0,1,202005,0,5,"4000,00"
202005,3,35,355030,J,6201501,1,317110,101,80,32,"40,00",3,1,0,1,20,0,0,0,"9000,00",9,0,1,202005,0,5,"9000,00"
202005,4,41,410690,J,6204000,-1,212405,101,9,37,"40,00",1,1,0,1,31,0,0,0,"1832,00",7,0,1,202005,0,5,"1832,00"
202005,4,43,431490,J,6201501,-1,317110,101,9,38,"40,00",1,3,0,1,40,0,0,0,"6500,00",4,0,1,202005,0,5,"6500,00"
202005,3,35,355030,J,6204000,1,142520,101,9,37,"40,00",3,1,0,1,20,0,0,0,"16000,00",10,0,1,202005,0,5,"16000,00"
202005,4,42,420240,J,6204000,-1,317110,101,9,29,"44,00",1,1,0,1,40,0,0,0,"2886,00",3,0,1,202005,0,5,"2886,00"
202005,3,33,330340,J,6209100,-1,317210,101,8,24,"48,00",1,3,0,1,90,0,0,0,"1386,61",6,0,1,202005,0,5,"1386,61"
202005,3,35,355030,J,6204000,-1,212405,101,9,28,"40,00",1,1,0,1,31,0,0,0,"4000,00",4,0,1,202005,0,5,"4000,00"
202005,3,35,355030,J,6201501,-1,142520,101,9,47,"40,00",1,1,0,1,40,0,0,0,"14756,50",10,0,1,202005,0,5,"14756,50"
202005,3,35,355030,J,6209100,-1,212415,101,8,29,"40,00",1,1,0,1,31,0,0,0,"1642,00",5,0,1,202005,0,5,"1642,00"
202005,3,35,355030,J,6204000,-1,212420,101,8,34,"40,00",2,1,0,1,31,0,0,0,"1339,26",10,0,1,202005,0,5,"1339,26"
202005,4,42,420540,J,6203100,-1,317210,101,9,39,"44,00",6,3,0,1,40,0,0,0,"3300,00",5,0,1,202005,0,5,"3300,00"
202005,4,43,431490,J,6203100,1,212405,101,8,28,"40,00",1,1,0,1,20,0,0,0,"2256,00",7,0,1,202005,0,5,"2256,00"
202005,4,43,431490,J,6204000,1,212405,101,6,20,"30,00",1,1,0,1,20,0,0,0,"1875,00",1,0,1,202005,0,5,"1875,00"
202005,4,41,410690,J,6204000,-1,212405,101,8,38,"40,00",1,1,0,1,31,0,0,0,"1832,00",7,0,1,202005,0,5,"1832,00"
202005,2,23,230440,J,6204000,-1,212405,101,9,64,"44,00",3,1,0,1,31,0,0,0,"3306,98",8,0,1,202005,0,5,"3306,98"
202005,4,42,420240,J,6202300,1,317110,101,8,34,"42,50",1,1,0,1,20,0,0,0,"4564,02",3,0,1,202005,0,5,"4564,02"
202005,4,43,431490,J,6201501,1,317210,101,9,36,"40,00",1,1,0,1,20,0,0,0,"2309,34",8,0,1,202005,0,5,"2309,34"
202005,3,33,330455,J,6209100,1,212405,101,9,34,"40,00",3,1,0,1,20,0,0,0,"9300,00",5,0,1,202005,0,5,"9300,00"
202005,3,35,355030,J,6204000,1,212405,101,9,26,"44,00",1,1,0,1,20,0,0,9,"9300,00",10,0,1,202005,0,5,"9300,00"
202005,3,35,355500,J,6209100,-1,317110,101,9,47,"40,00",4,1,0,1,31,0,0,0,"4963,76",3,0,1,202005,0,5,"4963,76"
202005,5,53,530010,J,6209100,-1,212405,101,9,33,"44,00",6,1,0,1,40,0,0,0,"11500,00",6,0,1,202005,0,5,"11500,00"
202005,3,35,355030,J,6201501,-1,212405,101,9,28,"40,00",1,1,0,1,31,0,0,0,"5800,00",6,0,1,202005,0,5,"5800,00"
202005,4,41,410690,J,6201501,-1,212405,101,9,32,"40,00",1,1,0,1,31,0,0,0,"10500,00",7,0,1,202005,0,5,"10500,00"
202005,5,53,530010,J,6204000,1,212410,101,7,59,"40,00",1,1,0,1,20,0,0,0,"5500,00",1,0,1,202005,0,5,"5500,00"
202005,3,31,310620,J,6204000,1,317110,101,7,25,"40,00",1,1,0,1,20,0,0,0,"1100,00",4,0,1,202005,0,5,"1100,00"
202005,3,35,355030,J,6201501,-1,317110,101,9,40,"40,00",3,1,0,1,40,0,0,0,"8073,00",10,0,1,202005,0,5,"8073,00"
202005,3,35,355030,J,6201501,1,212405,101,9,46,"40,00",3,3,0,1,20,0,0,0,"12500,00",9,0,1,202005,0,5,"12500,00"
202005,3,35,355030,J,6204000,1,212405,101,8,23,"40,00",1,1,0,1,20,0,0,0,"1800,00",5,0,1,202005,0,5,"1800,00"
202005,3,32,320530,J,6209100,1,142520,101,9,28,"40,00",1,3,0,1,20,0,0,0,"3100,00",9,0,1,202005,0,5,"3100,00"
202005,4,42,420910,J,6201501,1,212405,101,7,27,"40,00",6,1,0,1,20,0,0,0,"1300,00",3,0,1,202005,0,5,"1300,00"
202005,2,23,230440,J,6204000,-1,317205,101,7,19,"36,00",3,3,0,1,31,0,0,0,"1300,00",8,0,1,202005,0,5,"1300,00"
202005,4,41,410690,J,6204000,-1,212405,101,9,26,"40,00",1,1,0,1,31,0,0,0,"3500,00",7,0,1,202005,0,5,"3500,00"
202005,4,43,431490,J,6202300,-1,212320,101,9,23,"40,00",6,1,0,1,31,0,0,0,"4800,81",5,0,1,202005,0,5,"4800,81"
202005,3,35,353440,J,6311900,-1,317210,101,7,32,"44,00",1,3,0,1,31,0,0,0,"1358,62",8,0,1,202005,0,5,"1358,62"
202005,3,35,355030,J,6204000,-1,212405,101,9,45,"40,00",1,1,0,1,40,0,0,0,"10824,73",6,0,1,202005,0,5,"10824,73"
202005,3,35,355030,J,6204000,-1,212405,101,9,38,"40,00",3,3,0,1,31,0,0,0,"4437,75",10,0,1,202005,0,5,"4437,75"
202005,3,31,315960,J,6311900,1,212405,101,10,29,"40,00",1,1,0,1,10,0,0,0,"11250,00",1,0,1,202005,0,5,"11250,00"
202005,3,35,355030,J,6201501,-1,212405,101,9,33,"40,00",6,1,0,1,40,0,0,0,"5309,89",10,0,1,202005,0,5,"5309,89"
202005,3,31,314480,J,6209100,-1,212405,101,8,44,"40,00",3,1,0,1,31,2,0,0,"1676,00",9,0,1,202005,0,5,"1676,00"
202005,4,41,410690,J,6203100,-1,212420,101,9,33,"40,00",3,1,0,1,31,0,0,0,"1636,64",8,0,1,202005,0,5,"1636,64"
202005,3,35,350320,J,6204000,1,212405,101,7,26,"40,00",4,1,0,1,20,0,0,0,"8406,82",8,0,1,202005,0,5,"8406,82"
202005,3,35,355030,J,6209100,1,317110,101,9,23,"40,00",6,1,0,1,20,0,0,0,"9000,00",5,0,1,202005,0,5,"9000,00"
202005,3,35,354730,J,6203100,1,212415,101,7,37,"44,00",3,1,0,1,20,0,0,0,"1250,00",3,0,1,202005,0,5,"1250,00"
202005,3,35,354870,J,6209100,-1,212420,101,9,24,"40,00",1,3,0,1,31,0,0,0,"1169,78",4,0,1,202005,0,5,"1169,78"
202005,5,51,510340,J,6202300,-1,212420,101,9,35,"44,00",3,1,0,1,31,0,0,0,"2678,00",8,0,1,202005,0,5,"2678,00"
202005,1,13,130260,J,6209100,-1,212405,101,9,40,"44,00",6,1,0,1,40,0,0,0,"6000,00",6,0,1,202005,0,5,"6000,00"
202005,4,41,410690,J,6209100,1,212405,101,9,31,"40,00",1,1,0,1,20,0,0,0,"5042,27",9,0,1,202005,0,5,"5042,27"
202005,4,42,420540,J,6203100,-1,317110,101,9,27,"40,00",6,1,0,1,40,0,0,0,"3000,00",3,0,1,202005,0,5,"3000,00"
202005,3,35,354780,J,6209100,-1,212405,101,9,27,"40,00",1,1,0,1,31,0,0,0,"4140,00",6,0,1,202005,0,5,"4140,00"
202005,3,35,350950,J,6204000,-1,212405,101,9,32,"40,00",1,3,0,1,31,0,0,0,"7000,00",10,0,1,202005,0,5,"7000,00"
202005,3,35,353920,J,6203100,1,317210,101,7,20,"40,00",3,1,0,1,20,0,0,0,"1675,56",4,0,1,202005,0,5,"1675,56"
202005,3,35,354340,J,6201501,1,212420,101,9,29,"40,00",1,3,0,1,20,0,0,0,"1988,51",6,0,1,202005,0,5,"1988,51"
202005,3,35,350950,J,6204000,1,317210,101,9,26,"36,00",3,3,0,1,20,0,0,0,"1510,00",10,0,1,202005,0,5,"1510,00"
202005,2,29,292740,J,6204000,-1,212420,101,8,22,"44,00",6,1,0,1,31,0,0,0,"1353,06",6,0,1,202005,0,5,"1353,06"
202005,2,23,230440,J,6209100,1,317110,101,8,23,"44,00",3,1,0,1,20,0,0,0,"1944,16",5,0,1,202005,0,5,"1944,16"
202005,3,35,355030,J,6201501,1,212405,101,9,29,"40,00",1,1,0,1,20,0,0,0,"7700,00",10,0,1,202005,0,5,"7700,00"
202005,3,35,355030,J,6201501,1,212405,101,9,27,"40,00",3,1,0,1,20,0,0,0,"7008,81",10,0,1,202005,0,5,"7008,81"
202005,3,35,354780,J,6209100,-1,212405,101,8,21,"40,00",1,3,0,1,31,0,0,0,"2551,00",6,0,1,202005,0,5,"2551,00"
202005,4,43,431870,J,6202300,1,142520,101,9,20,"40,00",1,3,0,1,20,0,0,0,"2000,00",2,0,1,202005,0,5,"2000,00"
202005,3,33,330455,J,6201501,1,212405,101,8,27,"40,00",1,1,0,1,10,0,0,0,"3740,00",7,0,1,202005,0,5,"3740,00"
202005,3,35,350570,J,6202300,1,212405,101,9,35,"40,00",1,1,0,1,20,0,0,0,"8000,00",9,0,1,202005,0,5,"8000,00"
202005,3,35,355030,J,6204000,1,317110,101,9,22,"44,00",1,1,0,1,20,0,0,9,"4000,00",10,0,1,202005,0,5,"4000,00"
202005,5,51,510340,J,6209100,1,212405,101,8,19,"44,00",3,1,0,1,20,0,0,0,"1045,00",6,0,1,202005,0,5,"1045,00"
202005,3,35,355030,J,6201501,-1,212405,101,9,38,"44,00",2,1,0,1,31,0,0,0,"4500,00",2,0,1,202005,0,5,"4500,00"
202005,3,32,320530,J,6203100,-1,212405,101,9,40,"40,00",1,1,0,1,31,0,0,0,"4104,60",1,0,1,202005,0,5,"4104,60"
202005,4,42,420240,J,6201501,-1,317110,101,9,21,"44,00",6,1,0,1,40,0,0,0,"2757,27",7,0,1,202005,0,5,"2757,27"
202005,4,41,410690,J,6204000,1,212405,101,9,36,"40,00",1,3,0,1,20,0,0,0,"5000,00",7,0,1,202005,0,5,"5000,00"
202005,2,29,293330,J,6209100,-1,317205,101,7,21,"40,00",1,3,0,1,31,0,0,0,"1139,51",4,0,1,202005,0,5,"1139,51"
202005,3,31,317020,J,6204000,-1,212405,101,9,26,"40,00",2,1,0,1,31,0,0,0,"3304,96",5,0,1,202005,0,5,"3304,96"
202005,3,33,330455,J,6201501,1,212420,101,9,36,"40,00",1,3,0,1,20,0,0,0,"4900,00",6,0,1,202005,0,5,"4900,00"
202005,3,32,320530,J,6209100,1,212420,101,9,25,"40,00",1,1,0,1,20,0,0,0,"2814,45",7,0,1,202005,0,5,"2814,45"
202005,3,35,350320,J,6201501,1,212405,101,9,21,"40,00",1,1,0,1,20,0,0,0,"2300,00",5,0,1,202005,0,5,"2300,00"
202005,3,35,355030,J,6201501,-1,212405,101,9,33,"40,00",3,1,0,1,31,0,0,0,"2213,32",6,0,1,202005,0,5,"2213,32"
202005,5,53,530010,J,6203100,-1,212405,101,9,31,"44,00",6,1,0,1,40,0,0,0,"4800,00",8,0,1,202005,0,5,"4800,00"
202005,3,35,354980,J,6202300,1,212405,101,9,29,"40,00",1,1,0,1,20,0,0,0,"2663,29",1,0,1,202005,0,5,"2663,29"
202005,2,26,261160,J,6204000,-1,212405,101,80,37,"40,00",1,1,0,1,31,0,0,0,"4293,04",4,0,1,202005,0,5,"4293,04"
202005,3,31,310620,J,6201501,1,212420,101,7,28,"40,00",1,3,0,1,20,0,0,0,"1693,27",9,0,1,202005,0,5,"1693,27"
202005,3,35,350570,J,6201501,1,212405,101,8,26,"40,00",1,1,0,1,20,0,0,0,"5000,00",7,0,1,202005,0,5,"5000,00"
202005,2,23,230440,J,6204000,-1,317205,101,9,46,"36,00",3,3,0,1,31,0,0,0,"1300,00",8,0,1,202005,0,5,"1300,00"
202005,4,41,411520,J,6209100,-1,317110,101,8,30,"44,00",1,1,0,1,31,0,0,0,"1900,00",5,0,1,202005,0,5,"1900,00"
202005,4,42,420930,J,6209100,-1,317210,101,7,28,"44,00",6,1,0,1,31,0,0,0,"1410,00",2,0,1,202005,0,5,"1410,00"
202005,3,35,350950,J,6209100,1,212420,101,9,39,"40,00",1,1,0,1,20,0,0,0,"8151,00",8,0,1,202005,0,5,"8151,00"
202005,3,35,355030,J,6201501,1,317110,101,9,25,"40,00",3,1,0,1,20,0,0,0,"8851,92",9,0,1,202005,0,5,"8851,92"
202005,4,41,410690,J,6204000,-1,212405,101,3,33,"40,00",3,3,0,1,31,0,0,0,"9207,84",7,0,1,202005,0,5,"9207,84"
202005,3,33,330455,J,6201501,1,212405,101,9,61,"40,00",3,1,0,1,20,0,0,0,"2214,70",6,0,1,202005,0,5,"2214,70"
202005,2,26,261160,J,6202300,1,317110,101,7,23,"40,00",3,3,0,1,20,0,0,0,"2967,89",8,0,1,202005,0,5,"2967,89"
202005,2,25,250750,J,6203100,-1,212415,101,8,26,"40,00",1,1,0,1,40,0,0,0,"3700,00",8,0,1,202005,0,5,"3700,00"
202005,5,51,510340,J,6202300,1,212420,101,9,29,"44,00",3,3,0,1,20,0,0,0,"3043,00",8,0,1,202005,0,5,"3043,00"
202005,3,35,355030,J,6209100,-1,212405,101,9,40,"40,00",3,1,0,1,40,0,0,0,"8560,00",5,0,1,202005,0,5,"8560,00"
202005,5,53,530010,J,6204000,1,212410,101,9,24,"40,00",1,3,0,1,20,0,0,0,"1800,00",1,0,1,202005,0,5,"1800,00"
202005,5,50,500270,J,6203100,1,317205,101,7,38,"44,00",6,3,0,1,20,0,0,0,"1180,00",9,0,1,202005,0,5,"1180,00"
202005,3,33,330455,J,6204000,-1,317110,101,9,33,"40,00",1,1,0,1,40,0,0,0,"5500,00",5,0,1,202005,0,5,"5500,00"
202005,3,31,310620,J,6201501,-1,212405,101,9,47,"44,00",1,1,0,1,40,0,0,0,"6500,00",8,0,1,202005,0,5,"6500,00"
202005,3,31,310620,J,6201501,1,212405,101,9,27,"40,00",1,1,0,1,20,0,0,0,"8500,00",9,0,1,202005,0,5,"8500,00"
202005,3,35,355030,J,6201501,-1,212320,101,9,35,"40,00",3,1,0,1,40,0,0,0,"7000,00",9,0,1,202005,0,5,"7000,00"
202005,3,31,317020,J,6201501,-1,212405,101,9,22,"44,00",3,1,0,1,40,0,0,0,"5000,00",8,0,1,202005,0,5,"5000,00"
202005,3,35,350570,J,6201501,-1,212405,101,9,34,"40,00",1,1,0,1,31,0,0,0,"4644,45",7,0,1,202005,0,5,"4644,45"
202005,3,31,310620,J,6201501,-1,212210,101,9,25,"40,00",1,1,0,1,43,0,0,0,"6087,00",8,0,1,202005,0,5,"6087,00"
202005,5,53,530010,J,6204000,-1,317210,101,7,30,"40,00",3,3,0,1,31,0,0,0,"1789,01",8,0,1,202005,0,5,"1789,01"
202005,4,42,420540,J,6202300,-1,212315,101,8,33,"40,00",6,1,0,1,31,0,0,0,"5543,45",4,0,1,202005,0,5,"5543,45"
202005,3,35,355030,J,6204000,1,317110,101,8,38,"40,00",3,1,0,1,20,0,0,0,"6000,00",3,0,1,202005,0,5,"6000,00"
202005,2,29,292740,J,6204000,-1,212405,101,9,35,"40,00",3,1,0,1,40,0,0,0,"4000,00",6,0,1,202005,0,5,"4000,00"
202005,4,42,420540,J,6209100,-1,212405,101,8,25,"44,00",3,1,0,1,31,0,0,0,"3000,00",4,0,1,202005,0,5,"3000,00"
202005,3,35,350570,J,6209100,-1,317110,101,80,42,"40,00",6,1,0,1,40,0,0,0,"10000,00",10,0,1,202005,0,5,"10000,00"
202005,5,52,522140,J,6311900,1,317110,101,7,23,"44,00",3,1,0,1,20,0,0,0,"4130,10",2,0,1,202005,0,5,"4130,10"
202005,4,41,411520,J,6201501,-1,212405,101,9,33,"40,00",1,1,0,1,43,0,0,0,"4367,00",5,0,1,202005,0,5,"4367,00"
202005,3,35,355030,J,6204000,-1,142520,101,9,53,"40,00",1,3,0,1,31,0,0,0,"7233,13",10,0,1,202005,0,5,"7233,13"
202005,3,35,350750,J,6202300,-1,212405,101,7,22,"40,00",1,1,0,1,40,0,0,0,"1206,00",5,0,1,202005,0,5,"1206,00"
202005,5,53,530010,J,6201501,-1,317110,101,9,38,"40,00",3,1,0,1,40,0,0,0,"8780,00",10,0,1,202005,0,5,"8780,00"
202005,3,33,330455,J,6204000,-1,212420,101,8,34,"40,00",1,1,0,1,90,0,0,0,"5868,00",6,0,1,202005,0,5,"5868,00"
202005,3,35,355030,J,6201501,1,212405,101,9,24,"40,00",1,1,0,1,20,0,0,0,"7500,00",10,0,1,202005,0,5,"7500,00"
202005,3,31,310620,J,6209100,1,317205,101,7,62,"44,00",1,1,0,1,20,0,0,0,"1188,57",10,0,1,202005,0,5,"1188,57"
202005,3,35,355030,J,6201501,1,212410,101,9,22,"44,00",6,3,0,1,20,0,0,0,"3800,00",4,0,1,202005,0,5,"3800,00"
202005,3,35,350570,J,6209100,1,212405,101,9,41,"40,00",6,3,0,1,20,0,0,0,"7577,00",9,0,1,202005,0,5,"7577,00"
202005,4,41,410690,J,6202300,1,212420,101,7,24,"40,00",6,3,0,1,20,0,0,0,"1307,48",5,0,1,202005,0,5,"1307,48"
202005,3,33,330340,J,6209100,-1,317210,101,7,41,"55,00",1,3,0,1,43,0,0,0,"1381,44",6,0,1,202005,0,5,"1381,44"
202005,3,31,317020,J,6201501,1,212405,101,9,28,"44,00",1,1,0,1,20,0,0,0,"7000,00",8,0,1,202005,0,5,"7000,00"
202005,3,35,355030,J,6204000,-1,317110,101,9,27,"40,00",1,3,0,1,40,0,0,0,"4800,00",6,0,1,202005,0,5,"4800,00"
202005,3,33,330330,J,6201501,1,212405,101,9,39,"56,00",1,1,0,1,20,0,0,0,"8500,00",7,0,1,202005,0,5,"8500,00"
202005,3,35,354730,J,6204000,-1,212405,101,9,39,"40,00",1,1,0,1,40,0,0,0,"4000,00",5,0,1,202005,0,5,"4000,00"
202005,4,42,420540,J,6209100,1,317105,101,9,29,"44,00",1,1,0,1,20,0,0,0,"3000,00",1,0,1,202005,0,5,"3000,00"
202005,3,33,330455,J,6209100,1,212405,101,8,28,"40,00",1,1,0,1,20,0,0,0,"4000,00",6,0,1,202005,0,5,"4000,00"
202005,3,31,313670,J,6202300,-1,317205,101,7,31,"44,00",1,1,0,1,31,0,0,0,"1800,00",4,0,1,202005,0,5,"1800,00"
202005,3,35,355030,J,6201501,1,212405,101,7,23,"40,00",1,1,0,1,20,0,0,0,"10500,00",8,0,1,202005,0,5,"10500,00"
202005,3,35,355700,J,6201501,-1,317105,101,7,29,"40,00",1,1,0,1,90,0,0,0,"6000,00",6,0,1,202005,0,5,"6000,00"
202005,3,31,310620,J,6201501,-1,212405,101,9,48,"44,00",1,3,0,1,31,0,0,0,"7407,00",5,0,1,202005,0,5,"7407,00"
202005,1,15,150553,J,6209100,-1,212310,101,9,30,"40,00",3,1,0,1,40,0,0,0,"5162,76",4,0,1,202005,0,5,"5162,76"
202005,3,35,350570,J,6201501,1,212215,101,80,48,"40,00",1,3,0,1,20,0,0,0,"2000,00",8,0,1,202005,0,5,"2000,00"
202005,3,33,330455,J,6209100,-1,317210,101,7,25,"40,00",3,1,0,1,31,0,0,0,"1200,00",8,0,1,202005,0,5,"1200,00"
202005,5,53,530010,J,6201501,1,212405,101,9,28,"44,00",6,1,0,1,20,0,0,0,"2839,12",4,0,1,202005,0,5,"2839,12"
202005,3,35,350950,J,6201501,1,212410,101,9,41,"40,00",1,1,0,1,20,0,0,0,"7711,00",8,0,1,202005,0,5,"7711,00"
202005,5,53,530010,J,6204000,-1,212415,101,8,22,"40,00",3,3,0,1,40,0,0,0,"1619,20",4,0,1,202005,0,5,"1619,20"
202005,4,41,411850,J,6203100,-1,212420,101,9,24,"44,00",1,1,0,1,31,0,0,0,"1940,33",7,0,1,202005,0,5,"1940,33"
202005,4,41,411520,J,6202300,-1,317110,101,9,32,"44,00",1,1,0,1,31,0,0,0,"3500,00",3,0,1,202005,0,5,"3500,00"
202005,3,35,354340,J,6202300,1,212405,101,9,24,"40,00",3,3,0,1,20,0,0,0,"2937,42",8,0,1,202005,0,5,"2937,42"
202005,2,28,280740,J,6209100,1,317205,101,6,21,"48,00",3,1,0,1,20,0,0,0,"1045,00",4,0,1,202005,0,5,"1045,00"
202005,3,35,355030,J,6202300,-1,142515,101,80,34,"40,00",1,1,0,1,31,0,0,0,"3887,00",5,0,1,202005,0,5,"3887,00"
202005,3,32,320530,J,6209100,-1,212405,101,9,39,"40,00",6,3,0,1,31,0,0,0,"5985,17",9,0,1,202005,0,5,"5985,17"
202005,2,26,261160,J,6201501,-1,212205,101,9,32,"40,00",1,1,0,1,40,0,0,0,"7184,32",8,0,1,202005,0,5,"7184,32"
202005,3,35,355030,J,6203100,-1,212405,101,9,39,"40,00",1,1,0,1,43,0,0,0,"8200,00",10,0,1,202005,0,5,"8200,00"
202005,2,26,261160,J,6202300,1,317110,101,8,50,"44,00",3,1,0,1,20,0,0,9,"3020,54",9,0,1,202005,0,5,"3020,54"
202005,3,32,320530,J,6209100,-1,212405,101,9,29,"40,00",3,1,0,1,40,0,0,0,"9297,81",9,0,1,202005,0,5,"9297,81"
202005,3,31,317020,J,6209100,-1,212405,101,9,22,"40,00",1,1,0,1,40,0,0,0,"2900,00",3,0,1,202005,0,5,"2900,00"
202005,3,35,354730,J,6209100,1,212405,101,9,30,"40,00",3,1,0,1,20,0,0,0,"6000,00",10,0,1,202005,0,5,"6000,00"
202005,3,35,355030,J,6201501,1,317110,101,9,32,"40,00",1,1,0,1,20,0,0,0,"9800,00",6,0,1,202005,0,5,"9800,00"
202005,2,28,280030,J,6203100,1,142520,101,8,22,"30,00",3,1,0,1,20,0,0,0,"1800,00",4,0,1,202005,0,5,"1800,00"
202005,3,35,350950,J,6202300,1,212405,101,9,33,"40,00",1,1,0,1,20,0,0,0,"4023,18",7,0,1,202005,0,5,"4023,18"
202005,3,35,355030,J,6201501,-1,212405,101,9,33,"40,00",1,3,0,1,40,0,0,0,"8500,00",10,0,1,202005,0,5,"8500,00"
202005,3,31,316470,J,6209100,1,317210,101,7,29,"44,00",3,3,0,1,20,0,0,0,"1087,77",5,0,1,202005,0,5,"1087,77"
202005,3,35,355030,J,6204000,-1,212405,101,80,28,"44,00",1,1,0,1,40,0,0,9,"3329,00",10,0,1,202005,0,5,"3329,00"
202005,3,35,355030,J,6201501,-1,212405,101,9,25,"40,00",1,1,0,1,40,0,0,0,"7429,41",6,0,1,202005,0,5,"7429,41"
202005,3,35,355030,J,6204000,1,212420,101,8,24,"40,00",1,1,0,1,20,0,0,0,"2000,00",6,0,1,202005,0,5,"2000,00"
202005,3,35,355270,J,6203100,1,317110,101,9,23,"44,00",1,1,0,1,20,0,0,0,"2000,00",4,0,1,202005,0,5,"2000,00"
202005,3,35,354730,J,6204000,-1,142535,101,80,40,"40,00",1,3,0,1,31,0,0,0,"3610,72",9,0,1,202005,0,5,"3610,72"
202005,3,31,310620,J,6201501,1,142510,101,9,39,"40,00",1,1,0,1,20,0,0,0,"16500,00",6,0,1,202005,0,5,"16500,00"
202005,5,53,530010,J,6203100,1,212405,101,9,24,"44,00",1,1,0,1,20,0,0,0,"5000,00",8,0,1,202005,0,5,"5000,00"
202005,4,43,431870,J,6204000,-1,317110,101,9,25,"40,00",1,1,0,1,31,0,0,0,"6063,60",8,0,1,202005,0,5,"6063,60"
202005,4,42,420910,J,6204000,-1,212405,101,9,20,"40,00",1,1,0,1,40,0,0,0,"2856,00",4,0,1,202005,0,5,"2856,00"
202005,2,23,230440,J,6204000,1,317210,101,9,29,"44,00",3,3,0,1,20,0,0,9,"1450,36",9,0,1,202005,0,5,"1450,36"
202005,3,31,317020,J,6209100,1,317205,101,6,18,"44,00",1,1,0,1,10,0,0,0,"1500,00",3,0,1,202005,0,5,"1500,00"
202005,3,35,355030,J,6201501,1,212320,101,7,39,"40,00",1,1,0,1,20,0,0,0,"15000,00",8,0,1,202005,0,5,"15000,00"
202005,3,31,317020,J,6204000,-1,212405,101,8,26,"40,00",1,1,0,1,40,0,0,0,"3200,00",1,0,1,202005,0,5,"3200,00"
202005,3,35,354980,J,6202300,-1,317110,101,8,29,"40,00",6,1,0,1,31,0,0,0,"4084,96",6,0,1,202005,0,5,"4084,96"
202005,5,53,530010,J,6201501,1,317210,101,9,35,"40,00",3,1,0,1,20,0,0,0,"4046,87",10,0,1,202005,0,5,"4046,87"
202005,4,41,411370,J,6209100,-1,212405,101,9,25,"44,00",1,1,0,1,40,0,0,0,"3800,00",8,0,1,202005,0,5,"3800,00"
202005,3,35,350570,J,6201501,1,212415,101,9,49,"40,00",1,1,0,1,20,0,0,0,"2205,69",7,0,1,202005,0,5,"2205,69"
202005,3,35,354980,J,6202300,-1,142520,101,9,32,"40,00",6,1,0,1,31,0,0,0,"3000,00",4,0,1,202005,0,5,"3000,00"
202005,5,53,530010,J,6201501,-1,212420,101,7,51,"44,00",1,3,0,1,31,0,0,0,"3261,33",9,0,1,202005,0,5,"3261,33"
202005,3,35,355030,J,6201501,-1,212405,101,9,47,"40,00",1,1,0,1,31,0,0,0,"1681,00",5,0,1,202005,0,5,"1681,00"
202005,3,35,355030,J,6201501,1,212405,101,9,24,"40,00",1,3,0,1,20,0,0,0,"2700,00",8,0,1,202005,0,5,"2700,00"
202005,3,33,330330,J,6204000,1,212405,101,9,55,"40,00",3,3,0,1,20,0,0,0,"4500,00",3,0,1,202005,0,5,"4500,00"
202005,2,29,292740,J,6204000,-1,317210,101,7,42,"44,00",6,3,0,1,31,0,0,0,"1100,00",6,0,1,202005,0,5,"1100,00"
202005,5,50,500270,J,6209100,1,317210,101,8,19,"44,00",3,1,0,1,20,0,0,0,"1100,00",3,0,1,202005,0,5,"1100,00"
202005,3,35,354730,J,6209100,1,212305,101,9,42,"40,00",3,1,0,1,20,0,0,0,"5000,00",10,0,1,202005,0,5,"5000,00"
202005,3,31,310620,J,6202300,-1,317210,101,8,20,"44,00",1,3,0,1,31,0,0,0,"1239,36",5,0,1,202005,0,5,"1239,36"
202005,3,35,355030,J,6201501,-1,212410,101,9,35,"40,00",6,1,0,1,31,0,0,0,"6424,35",10,0,1,202005,0,5,"6424,35"
202005,4,42,420910,J,6201501,1,212405,101,7,22,"40,00",6,1,0,1,20,0,0,0,"1300,00",3,0,1,202005,0,5,"1300,00"
202005,3,35,350950,J,6202300,-1,212410,101,9,36,"40,00",1,1,0,1,31,0,0,0,"4727,26",5,0,1,202005,0,5,"4727,26"
202005,3,31,310620,J,6204000,1,212405,101,9,36,"40,00",1,1,0,1,20,0,0,0,"9795,06",7,0,1,202005,0,5,"9795,06"
202005,3,35,355030,J,6204000,-1,212420,101,9,41,"40,00",3,1,0,1,31,0,0,0,"1675,56",10,0,1,202005,0,5,"1675,56"
202005,2,27,270430,J,6201501,1,317110,101,8,21,"44,00",3,1,0,1,20,0,0,0,"2400,00",5,0,1,202005,0,5,"2400,00"
202005,3,35,350570,J,6209100,-1,212410,101,7,24,"44,00",3,1,0,1,31,0,0,0,"3928,59",2,0,1,202005,0,5,"3928,59"
202005,3,35,355030,J,6203100,-1,212315,101,9,38,"40,00",1,1,0,1,31,0,0,0,"3591,74",4,0,1,202005,0,5,"3591,74"
202005,3,35,354730,J,6204000,-1,212420,101,9,44,"40,00",1,3,0,1,31,0,0,0,"3330,11",9,0,1,202005,0,5,"3330,11"
202005,3,35,354730,J,6204000,-1,212420,101,9,44,"40,00",1,1,0,1,31,0,0,0,"1668,60",9,0,1,202005,0,5,"1668,60"
202005,4,41,412550,J,6203100,-1,317110,101,9,25,"40,00",1,1,0,1,31,0,0,0,"3200,00",7,0,1,202005,0,5,"3200,00"
202005,4,41,410690,J,6204000,-1,212405,101,9,20,"40,00",3,3,0,1,31,0,0,0,"1832,00",7,0,1,202005,0,5,"1832,00"
202005,3,35,355030,J,6204000,1,212405,101,9,34,"44,00",1,1,0,1,20,0,0,9,"9200,00",10,0,1,202005,0,5,"9200,00"
202005,2,26,261160,J,6202300,1,212405,101,80,34,"44,00",3,1,0,1,20,0,0,0,"6000,00",4,0,1,202005,0,5,"6000,00"
202005,3,35,350570,J,6201501,1,212405,101,9,66,"40,00",1,3,0,1,20,0,0,0,"2500,00",8,0,1,202005,0,5,"2500,00"
202005,5,50,500370,J,6203100,-1,212420,101,9,24,"44,00",1,1,0,1,40,0,0,0,"1090,00",5,0,1,202005,0,5,"1090,00"
202005,3,33,330455,J,6204000,-1,212405,101,9,26,"40,00",2,1,0,1,40,0,0,0,"2110,00",5,0,1,202005,0,5,"2110,00"
202005,3,35,350570,J,6203100,1,212205,101,9,31,"40,00",3,1,0,1,20,0,0,0,"15500,00",9,0,1,202005,0,5,"15500,00"
202005,4,41,410690,J,6203100,1,142510,101,80,55,"40,00",1,1,0,1,20,0,0,0,"10500,00",8,0,1,202005,0,5,"10500,00"
202005,4,42,420240,J,6203100,1,212405,101,9,25,"44,00",1,1,0,1,20,0,0,0,"7018,00",9,0,1,202005,0,5,"7018,00"
202005,2,29,291920,J,6201501,1,212405,101,9,41,"44,00",3,1,0,1,20,0,0,0,"1500,00",7,0,1,202005,0,5,"1500,00"
202005,3,35,354890,J,6201501,-1,212405,101,9,32,"40,00",1,1,0,1,31,0,0,0,"2639,28",2,0,1,202005,0,5,"2639,28"
202005,4,42,420540,J,6203100,1,317110,101,7,26,"40,00",6,1,0,1,20,0,0,0,"2300,00",2,0,1,202005,0,5,"2300,00"
202005,3,33,330455,J,6204000,-1,212420,101,80,29,"40,00",1,1,0,1,40,0,0,0,"2110,00",5,0,1,202005,0,5,"2110,00"
202005,5,53,530010,J,6201501,-1,212405,101,9,37,"44,00",3,1,0,1,43,0,0,0,"5000,00",8,0,1,202005,0,5,"5000,00"
202005,3,35,355030,J,6201501,-1,212405,101,80,36,"40,00",1,1,0,1,31,0,0,0,"11020,00",10,0,1,202005,0,5,"11020,00"
202005,3,35,355030,J,6201501,1,212405,101,9,57,"40,00",1,1,0,1,20,0,0,0,"2015,00",8,0,1,202005,0,5,"2015,00"
202005,3,35,350570,J,6201501,1,212405,101,7,42,"40,00",3,1,0,1,20,0,0,0,"9200,00",10,0,1,202005,0,5,"9200,00"
202005,2,29,292740,J,6311900,-1,317210,101,7,31,"40,00",1,1,0,1,31,0,0,0,"1182,46",7,0,1,202005,0,5,"1182,46"
202005,3,35,355030,J,6204000,1,212405,101,9,37,"40,00",1,1,0,1,20,0,0,0,"11000,00",10,0,1,202005,0,5,"11000,00"
202005,3,35,355030,J,6201501,-1,212405,101,9,26,"40,00",3,1,0,1,40,0,0,0,"3833,44",10,0,1,202005,0,5,"3833,44"
202005,4,41,410690,J,6209100,-1,317110,101,9,38,"40,00",1,1,0,1,40,0,0,0,"7000,00",6,0,1,202005,0,5,"7000,00"
202005,3,35,355030,J,6209100,-1,212420,101,7,43,"44,00",1,1,0,1,31,0,0,9,"1236,40",3,0,1,202005,0,5,"1236,40"
202005,3,35,355030,J,6209100,-1,212420,101,11,38,"40,00",1,1,0,1,40,0,0,0,"4619,56",6,0,1,202005,0,5,"4619,56"
202005,4,41,410840,J,6201501,1,317210,101,9,29,"44,00",1,1,0,1,20,0,0,0,"2488,43",5,0,1,202005,0,5,"2488,43"
202005,3,35,350570,J,6201501,1,212405,101,9,20,"40,00",3,3,0,1,20,0,0,0,"1700,00",8,0,1,202005,0,5,"1700,00"
202005,3,35,355030,J,6204000,-1,317110,101,9,26,"44,00",1,1,0,1,40,0,0,9,"3965,39",10,0,1,202005,0,5,"3965,39"
202005,4,43,431490,J,6201501,-1,317110,101,8,31,"44,00",1,1,0,1,31,0,0,0,"4500,00",8,0,1,202005,0,5,"4500,00"
202005,3,35,355030,J,6204000,-1,212315,101,9,41,"40,00",1,3,0,1,31,0,0,0,"12500,00",7,0,1,202005,0,5,"12500,00"
202005,3,35,355030,J,6203100,-1,212420,101,8,25,"30,00",1,1,0,1,40,0,0,0,"2350,35",8,0,1,202005,0,5,"2350,35"
202005,3,33,330455,J,6209100,-1,212405,101,7,31,"40,00",1,1,0,1,40,0,0,0,"6200,00",4,0,1,202005,0,5,"6200,00"
202005,3,35,355030,J,6209100,1,212420,101,9,21,"44,00",1,1,0,1,20,0,0,0,"1800,00",4,0,1,202005,0,5,"1800,00"
202005,3,35,353440,J,6201501,-1,212420,101,9,50,"40,00",1,1,0,1,40,0,0,0,"4367,20",9,0,1,202005,0,5,"4367,20"
202005,2,26,261160,J,6311900,-1,317210,101,9,33,"40,00",3,1,0,1,31,0,0,0,"1727,87",7,0,1,202005,0,5,"1727,87"
202005,4,41,410690,J,6209100,-1,317210,101,9,30,"40,00",6,3,0,1,31,0,0,0,"5000,00",5,0,1,202005,0,5,"5000,00"
202005,4,41,410690,J,6311900,-1,212405,101,8,26,"40,00",1,1,0,1,40,0,0,0,"4009,00",8,0,1,202005,0,5,"4009,00"
202005,3,35,355030,J,6204000,1,212405,101,9,33,"44,00",1,1,0,1,20,0,0,9,"14000,00",10,0,1,202005,0,5,"14000,00"
202005,3,31,317070,J,6202300,-1,212420,101,9,31,"40,00",3,3,0,1,40,0,0,0,"1539,43",6,0,1,202005,0,5,"1539,43"
202005,2,23,230440,J,6203100,1,317110,101,9,34,"44,00",1,1,0,1,20,0,0,0,"4946,60",2,0,1,202005,0,5,"4946,60"
202005,3,35,350570,J,6209100,1,212405,101,9,34,"40,00",6,3,0,1,20,0,0,0,"6000,00",10,0,1,202005,0,5,"6000,00"
202005,3,35,350570,J,6202300,1,317110,101,9,35,"40,00",3,1,0,1,20,0,0,0,"6000,00",7,0,1,202005,0,5,"6000,00"
202005,4,43,431870,J,6204000,-1,317110,101,8,24,"40,00",2,1,0,1,31,0,0,0,"2113,44",8,0,1,202005,0,5,"2113,44"
202005,3,32,320520,J,6203100,-1,317110,101,7,24,"44,00",2,1,0,1,31,0,0,0,"3088,00",2,0,1,202005,0,5,"3088,00"
202005,3,35,355030,J,6201501,1,212205,101,9,25,"40,00",1,1,0,1,10,0,0,0,"11000,00",8,0,1,202005,0,5,"11000,00"
202005,5,53,530010,J,6204000,1,212410,101,9,46,"40,00",1,1,0,1,20,0,0,0,"7000,00",1,0,1,202005,0,5,"7000,00"
202005,4,41,411850,J,6203100,1,317210,101,8,22,"44,00",1,1,0,1,20,0,0,0,"1403,60",8,0,1,202005,0,5,"1403,60"
202005,2,26,261160,J,6201501,-1,212405,101,9,31,"40,00",6,1,0,1,40,0,0,0,"5598,98",8,0,1,202005,0,5,"5598,98"
202005,2,28,280290,J,6209100,1,212420,101,7,33,"44,00",6,1,0,1,20,0,0,0,"1093,00",5,0,1,202005,0,5,"1093,00"
202005,2,24,240810,J,6209100,-1,212315,101,9,28,"44,00",6,3,0,1,31,0,0,0,"2592,02",5,0,1,202005,0,5,"2592,02"
202005,3,33,330455,J,6209100,-1,317210,101,7,21,"40,00",3,1,0,1,31,0,0,0,"1381,44",8,0,1,202005,0,5,"1381,44"
202005,3,33,330455,J,6201501,-1,212405,101,9,27,"40,00",3,1,0,1,40,0,0,0,"2052,60",6,0,1,202005,0,5,"2052,60"
202005,3,33,330470,J,6204000,-1,317110,101,7,28,"44,00",6,1,0,1,31,0,0,0,"3500,00",5,0,1,202005,0,5,"3500,00"
202005,5,53,530010,J,6209100,1,317205,101,7,23,"44,00",6,3,0,1,20,0,0,0,"1410,43",2,0,1,202005,0,5,"1410,43"
202005,3,35,355030,J,6204000,-1,212405,101,9,45,"40,00",1,1,0,1,40,0,0,0,"5100,00",8,0,1,202005,0,5,"5100,00"
202005,5,52,520870,J,6201501,1,212420,101,7,45,"43,75",3,1,0,1,20,0,0,0,"5500,00",4,0,1,202005,0,5,"5500,00"
202005,4,41,410690,J,6201501,-1,317110,101,9,30,"40,00",3,1,0,1,31,0,0,0,"8817,27",1,0,1,202005,0,5,"8817,27"
202005,2,29,292740,J,6201501,-1,212405,101,9,26,"40,00",2,1,0,1,40,0,0,0,"2508,75",8,0,1,202005,0,5,"2508,75"
202005,2,25,250750,J,6203100,-1,317110,101,9,31,"40,00",3,1,0,1,40,0,0,0,"2582,00",8,0,1,202005,0,5,"2582,00"
202005,4,41,410690,J,6204000,1,212405,101,9,31,"44,00",1,1,0,1,20,0,0,9,"3800,00",8,0,1,202005,0,5,"3800,00"
202005,3,31,317020,J,6204000,1,317110,101,9,29,"40,00",1,3,0,1,20,0,0,0,"1464,19",8,0,1,202005,0,5,"1464,19"
202005,3,35,350570,J,6202300,1,212405,101,8,30,"40,00",3,1,0,1,20,0,0,0,"2500,00",7,0,1,202005,0,5,"2500,00"
202005,3,35,355030,J,6204000,-1,212405,101,80,38,"40,00",1,1,0,1,31,0,0,0,"1675,56",6,0,1,202005,0,5,"1675,56"
202005,4,41,410690,J,6209100,1,212415,101,80,43,"40,00",1,1,0,1,20,0,0,0,"7500,00",7,0,1,202005,0,5,"7500,00"
202005,3,35,353440,J,6201501,1,212405,101,8,25,"40,00",1,1,0,1,20,0,0,0,"2436,17",9,0,1,202005,0,5,"2436,17"
202005,3,35,350950,J,6202300,1,212405,101,9,30,"40,00",1,1,0,1,20,0,0,0,"15120,00",8,0,1,202005,0,5,"15120,00"
202005,4,43,431490,J,6209100,-1,317210,101,9,27,"44,00",1,1,0,1,43,0,0,0,"1750,00",8,0,1,202005,0,5,"1750,00"
202005,3,35,355030,J,6204000,-1,212420,101,8,28,"40,00",1,1,0,1,31,0,0,0,"1668,60",10,0,1,202005,0,5,"1668,60"
202005,3,31,313670,J,6202300,-1,212405,101,9,29,"40,00",3,1,0,1,40,0,0,0,"5334,06",7,0,1,202005,0,5,"5334,06"
202005,3,35,355030,J,6201501,1,317110,101,8,25,"40,00",3,1,0,1,20,0,0,0,"5000,00",10,0,1,202005,0,5,"5000,00"
202005,3,31,310620,J,6204000,1,212405,101,80,32,"40,00",1,1,0,1,20,0,0,0,"5000,00",7,0,1,202005,0,5,"5000,00"
202005,3,35,355030,J,6201501,-1,212405,101,9,29,"40,00",3,1,0,1,40,0,0,0,"7000,00",10,0,1,202005,0,5,"7000,00"
202005,4,42,420540,J,6209100,-1,317210,101,7,23,"44,00",6,3,0,1,40,0,0,0,"1500,00",4,0,1,202005,0,5,"1500,00"
202005,3,35,355030,J,6201501,-1,317110,101,9,19,"40,00",1,1,0,1,40,0,0,0,"3707,60",6,0,1,202005,0,5,"3707,60"
202005,3,35,355030,J,6311900,-1,212420,101,8,31,"44,00",3,1,0,1,31,0,0,0,"3053,29",9,0,1,202005,0,5,"3053,29"
202005,3,33,330455,J,6202300,-1,212405,101,9,39,"40,00",1,3,0,1,31,0,0,0,"5838,57",6,0,1,202005,0,5,"5838,57"
202005,3,35,355030,J,6201501,-1,317110,101,9,35,"40,00",3,1,0,1,40,0,0,0,"6769,13",10,0,1,202005,0,5,"6769,13"
202005,3,35,350950,J,6209100,-1,212405,101,9,45,"40,00",1,1,0,1,40,0,0,0,"10400,00",8,0,1,202005,0,5,"10400,00"
202005,4,43,431490,J,6201501,1,317110,101,9,25,"44,00",1,1,0,1,20,0,0,0,"8000,00",8,0,1,202005,0,5,"8000,00"
202005,3,35,354340,J,6203100,-1,317110,101,9,23,"40,00",1,1,0,1,40,0,0,0,"4100,00",4,0,1,202005,0,5,"4100,00"
202005,1,13,130260,J,6204000,1,317110,101,4,44,"40,00",3,1,0,1,20,0,0,0,"15010,47",5,0,1,202005,0,5,"15010,47"
202005,3,35,355030,J,6203100,-1,212420,101,9,44,"40,00",1,3,0,1,31,0,0,0,"2278,36",8,0,1,202005,0,5,"2278,36"
202005,5,52,520140,J,6203100,-1,212405,101,9,26,"44,00",3,3,0,1,40,0,0,0,"2027,20",6,0,1,202005,0,5,"2027,20"
202005,3,35,355030,J,6209100,1,317110,101,8,36,"40,00",1,1,0,1,20,0,0,0,"7500,00",8,0,1,202005,0,5,"7500,00"
202005,5,50,500270,J,6201501,-1,212405,101,9,32,"44,00",6,1,0,1,40,0,0,0,"5826,88",7,0,1,202005,0,5,"5826,88"
202005,3,32,320530,J,6209100,1,212405,101,9,40,"40,00",3,3,0,1,20,0,0,0,"3600,00",9,0,1,202005,0,5,"3600,00"
202005,4,43,432120,J,6202300,1,317110,101,8,22,"42,30",1,1,0,1,20,0,0,0,"1500,00",3,0,1,202005,0,5,"1500,00"
202005,3,32,320520,J,6204000,-1,212405,101,9,46,"46,50",3,1,0,1,31,0,0,0,"1560,86",3,0,1,202005,0,5,"1560,86"
202005,3,35,355030,J,6202300,1,317205,101,9,23,"40,00",1,1,0,1,20,0,0,0,"1675,56",2,0,1,202005,0,5,"1675,56"
202005,3,35,355030,J,6209100,-1,212420,101,8,38,"40,00",1,1,0,1,31,0,0,0,"3537,05",3,0,1,202005,0,5,"3537,05"
202005,3,33,330455,J,6201501,1,212420,101,8,27,"40,00",6,3,0,1,20,0,0,0,"2475,60",6,0,1,202005,0,5,"2475,60"
202005,4,41,411520,J,6201501,1,212405,101,80,29,"44,00",1,1,0,1,20,0,0,0,"3600,00",6,0,1,202005,0,5,"3600,00"
202005,5,53,530010,J,6204000,1,212410,101,80,33,"40,00",1,1,0,1,20,0,0,0,"7500,00",1,0,1,202005,0,5,"7500,00"
202005,4,42,420540,J,6202300,-1,212420,101,9,57,"44,00",3,1,0,1,31,0,0,0,"2680,30",5,0,1,202005,0,5,"2680,30"
202005,3,31,310620,J,6201501,-1,212205,101,9,28,"40,00",1,1,0,1,40,0,0,0,"10700,00",8,0,1,202005,0,5,"10700,00"
202005,3,35,355030,J,6202300,1,212405,101,9,25,"40,00",1,1,0,1,20,0,0,0,"5125,08",4,0,1,202005,0,5,"5125,08"
202005,3,31,314300,J,6311900,1,212405,101,8,19,"40,00",3,1,0,1,20,0,0,0,"1350,00",2,0,1,202005,0,5,"1350,00"
202005,5,53,530010,J,6204000,-1,142520,101,80,45,"40,00",1,1,0,1,31,0,0,0,"8500,00",9,0,1,202005,0,5,"8500,00"
202005,3,31,310620,J,6203100,-1,317210,101,9,48,"44,00",6,1,0,1,31,0,0,0,"1814,58",5,0,1,202005,0,5,"1814,58"
202005,3,35,352470,J,6201501,1,317110,101,11,31,"40,00",1,1,0,1,20,0,0,0,"5500,00",10,0,1,202005,0,5,"5500,00"
202005,3,35,350570,J,6203100,1,212315,101,9,29,"40,00",2,3,0,1,20,0,0,0,"6140,00",9,0,1,202005,0,5,"6140,00"
202005,3,35,355030,J,6204000,-1,317205,101,7,29,"44,00",6,1,0,1,40,0,0,0,"1100,00",6,0,1,202005,0,5,"1100,00"
202005,3,33,330455,J,6209100,-1,212410,101,9,45,"40,00",3,1,0,1,40,0,0,0,"4702,50",6,0,1,202005,0,5,"4702,50"
202005,3,31,310620,J,6209100,-1,317205,101,7,20,"36,00",3,1,0,1,31,0,0,0,"1326,33",9,0,1,202005,0,5,"1326,33"
202005,2,29,292740,J,6204000,-1,317205,101,8,35,"40,00",3,1,0,1,31,0,0,0,"2339,15",6,0,1,202005,0,5,"2339,15"
202005,3,35,355030,J,6202300,1,212405,101,9,34,"40,00",3,1,0,1,20,0,0,0,"4700,00",3,0,1,202005,0,5,"4700,00"
202005,3,35,355030,J,6202300,-1,212315,101,9,33,"40,00",1,1,0,1,40,0,0,0,"8598,60",7,0,1,202005,0,5,"8598,60"
202005,3,33,330455,J,6204000,1,212405,101,9,31,"40,00",1,1,0,1,20,0,0,0,"6800,00",9,0,1,202005,0,5,"6800,00"
202005,5,53,530010,J,6204000,1,317110,101,9,32,"40,00",1,1,0,1,20,0,0,0,"3750,00",9,0,1,202005,0,5,"3750,00"
202005,2,29,292740,J,6201501,-1,212405,101,9,25,"44,00",3,1,0,1,40,0,0,0,"3289,60",7,0,1,202005,0,5,"3289,60"
202005,3,35,350320,J,6204000,1,212405,101,80,35,"40,00",3,1,0,1,20,0,0,0,"6674,86",8,0,1,202005,0,5,"6674,86"
202005,4,41,410690,J,6204000,-1,317110,101,9,32,"40,00",1,1,0,1,31,0,0,0,"5800,00",7,0,1,202005,0,5,"5800,00"
202005,2,24,240810,J,6209100,-1,317210,101,7,32,"44,00",1,1,0,1,31,0,0,0,"1225,38",5,0,1,202005,0,5,"1225,38"
202005,3,33,330455,J,6209100,-1,212420,101,7,31,"40,00",1,1,0,1,31,0,0,0,"2604,48",3,0,1,202005,0,5,"2604,48"
202005,3,35,354890,J,6203100,-1,212420,101,7,23,"40,00",1,1,0,1,31,0,0,0,"1500,00",4,0,1,202005,0,5,"1500,00"
202005,2,26,261160,J,6202300,1,212405,101,9,25,"44,00",3,1,0,1,20,0,0,0,"5000,00",4,0,1,202005,0,5,"5000,00"
202005,3,35,355030,J,6201501,-1,212405,101,9,57,"40,00",3,1,0,1,31,0,0,0,"5117,08",9,0,1,202005,0,5,"5117,08"
202005,3,35,355030,J,6204000,1,212405,101,9,43,"40,00",1,1,0,1,20,0,0,0,"29000,00",8,0,1,202005,0,5,"29000,00"
202005,3,35,355030,J,6204000,-1,212405,101,9,41,"40,00",1,1,0,1,31,0,0,0,"1820,52",3,0,1,202005,0,5,"1820,52"
202005,3,35,355030,J,6201501,-1,212405,101,80,44,"40,00",3,3,0,1,31,0,0,0,"6140,47",10,0,1,202005,0,5,"6140,47"
202005,3,32,320190,J,6201501,-1,212420,101,8,33,"44,00",1,1,0,1,31,0,0,0,"2429,04",5,0,1,202005,0,5,"2429,04"
202005,3,35,355030,J,6202300,1,317110,101,9,56,"40,00",1,3,0,1,20,0,0,0,"7800,00",6,0,1,202005,0,5,"7800,00"
202005,3,35,350570,J,6201501,1,212405,101,9,33,"40,00",1,1,0,1,20,0,0,0,"7300,00",7,0,1,202005,0,5,"7300,00"
202005,4,43,430510,J,6204000,-1,212420,101,9,33,"44,00",1,1,0,1,31,0,0,0,"2006,67",3,0,1,202005,0,5,"2006,67"
202005,4,43,431490,J,6201501,1,317110,101,8,37,"44,00",1,1,0,1,20,0,0,0,"4968,00",6,0,1,202005,0,5,"4968,00"
202005,3,33,330455,J,6204000,-1,317210,101,7,35,"40,00",3,1,0,1,31,0,0,0,"2068,15",9,0,1,202005,0,5,"2068,15"
202005,2,29,293330,J,6203100,-1,212420,101,7,27,"44,00",6,1,0,1,31,0,0,0,"1045,00",2,0,1,202005,0,5,"1045,00"
202005,2,26,261160,J,6202300,1,212320,101,8,23,"40,00",4,3,0,1,10,0,0,0,"3109,00",7,0,1,202005,0,5,"3109,00"
202005,3,35,350570,J,6201501,1,212405,101,8,21,"40,00",2,1,0,1,20,0,0,0,"8000,00",10,0,1,202005,0,5,"8000,00"
202005,3,35,355030,J,6311900,-1,212405,101,9,42,"40,00",1,1,0,1,31,0,0,0,"8151,00",1,0,1,202005,0,5,"8151,00"
202005,4,42,420240,J,6202300,-1,317110,101,8,19,"44,00",1,1,0,1,31,0,0,0,"1876,50",7,0,1,202005,0,5,"1876,50"
202005,3,35,350570,J,6201501,-1,212405,101,9,36,"40,00",3,1,0,1,31,0,0,0,"1507,00",8,0,1,202005,0,5,"1507,00"
202005,3,35,350950,J,6204000,-1,212405,101,9,30,"40,00",1,1,0,1,31,0,0,0,"1448,02",10,0,1,202005,0,5,"1448,02"
202005,3,33,330455,J,6201501,-1,212405,101,9,27,"40,00",1,1,0,1,31,0,0,0,"1234,65",1,0,1,202005,0,5,"1234,65"
202005,5,53,530010,J,6203100,1,212405,101,9,29,"44,00",1,1,0,1,20,0,0,0,"6087,00",8,0,1,202005,0,5,"6087,00"
202005,3,35,355030,J,6201501,-1,212420,101,9,39,"40,00",1,1,0,1,31,0,0,0,"12647,11",9,0,1,202005,0,5,"12647,11"
202005,3,35,355030,J,6201501,1,212405,101,80,28,"40,00",2,1,0,1,20,0,0,0,"8000,00",10,0,1,202005,0,5,"8000,00"
202005,4,43,430820,J,6202300,-1,317110,101,9,40,"42,00",1,1,0,1,31,0,0,0,"3500,00",4,0,1,202005,0,5,"3500,00"
202005,3,35,354340,J,6202300,1,317110,101,9,35,"40,00",1,1,0,1,20,0,0,0,"4527,89",8,0,1,202005,0,5,"4527,89"
202005,3,35,355030,J,6203100,-1,212405,101,9,24,"40,00",6,1,0,1,40,0,0,0,"1704,00",5,0,1,202005,0,5,"1704,00"
202005,4,42,420540,J,6202300,1,212405,101,8,34,"40,00",1,1,0,1,20,0,0,0,"8200,00",7,0,1,202005,0,5,"8200,00"
202005,3,35,350950,J,6209100,-1,212405,101,9,23,"40,00",2,1,0,1,40,0,0,0,"3400,00",8,0,1,202005,0,5,"3400,00"
202005,3,35,355030,J,6203100,1,212410,101,8,26,"40,00",1,1,0,1,20,0,0,0,"1800,00",5,0,1,202005,0,5,"1800,00"
202005,3,31,312230,J,6203100,-1,212405,101,7,39,"44,00",3,1,0,1,31,0,0,0,"3326,10",3,0,1,202005,0,5,"3326,10"
202005,3,35,355030,J,6209100,-1,317210,101,9,35,"36,00",1,1,0,1,33,0,0,0,"1512,57",9,0,1,202005,0,5,"1512,57"
202005,3,35,355030,J,6201501,1,212405,101,8,33,"40,00",1,3,0,1,20,0,0,0,"7100,00",6,0,1,202005,0,5,"7100,00"
202005,4,43,431440,J,6204000,-1,212305,101,8,52,"44,00",1,1,0,1,31,0,0,0,"10000,00",2,0,1,202005,0,5,"10000,00"
202005,3,31,313420,J,6203100,1,212405,101,9,29,"44,00",1,1,0,1,20,0,0,0,"2764,02",4,0,1,202005,0,5,"2764,02"
202005,3,35,355030,J,6204000,1,212420,101,8,25,"40,00",1,1,0,1,20,0,0,0,"1700,00",10,0,1,202005,0,5,"1700,00"
202005,3,31,310620,J,6202300,-1,212405,101,9,30,"40,00",6,1,0,1,40,0,0,0,"8768,85",7,0,1,202005,0,5,"8768,85"
202005,3,35,355030,J,6203100,1,212420,101,9,23,"40,00",3,3,0,1,20,0,0,0,"3666,82",10,0,1,202005,0,5,"3666,82"
202005,4,41,411850,J,6209100,1,317210,101,8,19,"44,00",1,3,0,1,20,0,0,0,"1559,60",5,0,1,202005,0,5,"1559,60"
202005,4,41,411210,J,6201501,1,212420,101,7,18,"44,00",6,1,0,1,20,0,0,0,"1045,00",4,0,1,202005,0,5,"1045,00"
202005,3,35,355030,J,6201501,1,212405,101,9,50,"40,00",1,1,0,1,20,0,0,0,"5800,00",10,0,1,202005,0,5,"5800,00"
202005,3,35,355030,J,6209100,-1,212405,101,9,35,"40,00",6,1,0,1,40,0,0,0,"8136,77",5,0,1,202005,0,5,"8136,77"
202005,3,33,330330,J,6204000,1,212405,101,9,43,"40,00",1,3,0,1,20,0,0,0,"10500,00",4,0,1,202005,0,5,"10500,00"
202005,3,35,355030,J,6202300,1,212420,101,9,29,"40,00",1,1,0,1,20,0,0,0,"1900,00",4,0,1,202005,0,5,"1900,00"
202005,5,51,510340,J,6202300,-1,317205,101,9,27,"44,00",3,1,0,1,31,0,0,0,"2150,00",8,0,1,202005,0,5,"2150,00"
202005,3,33,330455,J,6311900,1,212405,101,9,23,"40,00",6,1,0,1,20,0,0,0,"1500,00",5,0,1,202005,0,5,"1500,00"
202005,4,42,420890,J,6203100,-1,317110,101,8,23,"44,00",1,1,0,1,40,0,0,0,"1500,00",7,0,1,202005,0,5,"1500,00"
202005,3,35,355030,J,6202300,1,212405,101,9,31,"40,00",2,1,0,1,20,0,0,0,"9000,00",1,0,1,202005,0,5,"9000,00"
202005,3,35,350950,J,6201501,-1,212405,101,8,38,"40,00",1,3,0,1,40,0,0,0,"2238,69",7,0,1,202005,0,5,"2238,69"
202005,3,35,350570,J,6311900,-1,212405,101,9,37,"40,00",1,1,0,1,40,0,0,0,"9500,00",5,0,1,202005,0,5,"9500,00"
202005,4,42,420240,J,6201501,-1,212405,101,8,48,"44,00",1,1,0,1,31,0,0,0,"3640,00",10,0,1,202005,0,5,"3640,00"
202005,3,35,355030,J,6201501,-1,212410,101,9,46,"40,00",6,3,0,1,31,0,0,0,"9168,49",10,0,1,202005,0,5,"9168,49"
202005,3,35,350280,J,6201501,1,212420,101,9,23,"40,00",1,1,0,1,20,0,0,0,"1898,14",7,0,1,202005,0,5,"1898,14"
202005,3,35,355030,J,6202300,1,212405,101,9,30,"40,00",1,1,0,1,20,0,0,0,"6000,00",7,0,1,202005,0,5,"6000,00"
202005,3,35,355030,J,6311900,-1,212420,101,9,24,"44,00",1,1,0,1,40,0,0,0,"1657,65",9,0,1,202005,0,5,"1657,65"
202005,3,35,350950,J,6204000,-1,212405,101,9,48,"40,00",1,1,0,1,40,0,0,0,"8728,00",10,0,1,202005,0,5,"8728,00"
202005,3,35,353440,J,6311900,-1,317210,101,7,35,"44,00",6,1,0,1,40,0,0,0,"1358,63",8,0,1,202005,0,5,"1358,63"
202005,3,35,351860,J,6201501,-1,212405,101,9,28,"44,00",1,1,0,1,31,0,0,9,"2022,00",3,0,1,202005,0,5,"2022,00"
202005,3,35,355030,J,6204000,-1,212405,101,8,22,"40,00",1,3,0,1,40,0,0,0,"5339,16",6,0,1,202005,0,5,"5339,16"
202005,5,53,530010,J,6201501,1,212405,101,9,27,"40,00",3,1,0,1,20,0,0,0,"6000,00",10,0,1,202005,0,5,"6000,00"
202005,5,53,530010,J,6201501,1,212405,101,9,32,"44,00",3,1,0,1,20,0,0,0,"2500,00",8,0,1,202005,0,5,"2500,00"
202005,4,43,431490,J,6209100,1,317210,101,9,51,"44,00",1,1,0,1,20,0,0,0,"1750,00",8,0,1,202005,0,5,"1750,00"
202005,4,43,431870,J,6204000,-1,317205,101,8,24,"40,00",1,1,0,1,31,0,0,0,"1500,00",8,0,1,202005,0,5,"1500,00"
202005,3,35,355030,J,6201501,-1,212405,101,9,60,"40,00",4,3,0,1,40,0,0,0,"5033,00",10,0,1,202005,0,5,"5033,00"
202005,3,35,355030,J,6203100,-1,212405,101,9,29,"40,00",1,1,0,1,31,0,0,0,"1985,12",5,0,1,202005,0,5,"1985,12"
202005,3,33,330455,J,6204000,1,212405,101,9,22,"40,00",1,3,0,1,20,0,0,0,"3529,87",6,0,1,202005,0,5,"3529,87"
202005,3,35,350950,J,6209100,-1,212405,101,9,30,"40,00",1,1,0,1,40,0,0,0,"7000,00",8,0,1,202005,0,5,"7000,00"
202005,4,43,431870,J,6204000,1,212405,101,10,40,"40,00",1,1,0,1,20,0,0,0,"11852,00",10,0,1,202005,0,5,"11852,00"
202005,3,31,310620,J,6209100,1,317205,101,7,22,"44,00",1,3,0,1,20,0,0,0,"1188,57",10,0,1,202005,0,5,"1188,57"
202005,3,33,330330,J,6204000,1,317205,101,9,27,"45,00",1,3,0,1,20,0,0,0,"1198,00",5,0,1,202005,0,5,"1198,00"
202005,2,26,261160,J,6209100,1,317110,101,8,41,"40,00",1,1,0,1,20,0,0,0,"1800,00",6,0,1,202005,0,5,"1800,00"
202005,3,35,355030,J,6201501,-1,212405,101,9,39,"40,00",3,3,0,1,31,0,0,0,"6000,00",9,0,1,202005,0,5,"6000,00"
202005,3,35,354730,J,6209100,1,317110,101,80,22,"40,00",1,1,0,1,20,0,0,0,"2506,75",10,0,1,202005,0,5,"2506,75"
202005,3,35,352590,J,6202300,-1,212420,101,7,21,"40,00",1,1,0,1,31,0,0,0,"1831,50",3,0,1,202005,0,5,"1831,50"
202005,3,33,330330,J,6204000,1,317205,101,7,28,"36,00",2,1,0,1,20,0,0,0,"1198,00",5,0,1,202005,0,5,"1198,00"
202005,3,33,330455,J,6201501,-1,212405,101,9,42,"40,00",3,1,0,1,40,0,0,0,"7183,75",6,0,1,202005,0,5,"7183,75"
202005,3,35,355030,J,6202300,-1,142510,101,7,26,"44,00",3,1,0,1,31,0,0,0,"1514,85",4,0,1,202005,0,5,"1514,85"
202005,4,41,410690,J,6201501,-1,317110,101,9,37,"40,00",1,1,0,1,31,0,0,0,"10481,12",9,0,1,202005,0,5,"10481,12"
202005,3,35,355030,J,6204000,1,317110,101,80,24,"40,00",1,1,0,1,20,0,0,0,"8000,00",7,0,1,202005,0,5,"8000,00"
202005,3,35,355030,J,6201501,1,212405,101,8,23,"40,00",1,1,0,1,20,0,0,0,"5000,00",4,0,1,202005,0,5,"5000,00"
202005,3,31,310620,J,6204000,1,212420,101,7,32,"40,00",1,1,0,1,20,0,0,0,"1657,56",7,0,1,202005,0,5,"1657,56"
202005,4,42,420240,J,6201501,-1,317110,101,8,23,"44,00",1,1,0,1,40,0,0,0,"3960,11",10,0,1,202005,0,5,"3960,11"
202005,4,43,431490,J,6209100,-1,212205,101,7,29,"40,00",1,1,0,1,40,0,0,0,"4000,00",3,0,1,202005,0,5,"4000,00"
202005,4,41,410690,J,6203100,-1,317210,101,7,27,"40,00",1,1,0,1,31,0,0,0,"1750,00",7,0,1,202005,0,5,"1750,00"
202005,4,43,431490,J,6311900,1,317210,101,7,26,"40,00",1,1,0,1,20,0,0,0,"1953,24",7,0,1,202005,0,5,"1953,24"
202005,3,35,354730,J,6204000,-1,212405,101,9,43,"40,00",1,1,0,1,31,0,0,0,"8269,35",9,0,1,202005,0,5,"8269,35"
202005,3,33,330455,J,6204000,-1,212410,101,9,24,"44,00",1,3,0,1,40,0,0,9,"3600,00",8,0,1,202005,0,5,"3600,00"
202005,3,35,355030,J,6202300,1,212420,101,9,41,"40,00",1,1,0,1,20,0,0,0,"1900,00",4,0,1,202005,0,5,"1900,00"
202005,5,53,530010,J,6201501,-1,142535,101,9,48,"40,00",1,3,0,1,31,0,0,0,"7445,67",10,0,1,202005,0,5,"7445,67"
202005,3,35,355030,J,6201501,1,317110,101,8,21,"28,75",3,1,0,1,20,0,0,0,"2300,00",10,0,1,202005,0,5,"2300,00"
202005,3,35,354340,J,6202300,1,212405,101,9,33,"40,00",1,1,0,1,20,0,0,0,"3200,00",5,0,1,202005,0,5,"3200,00"
202005,2,23,230440,J,6204000,1,212405,101,9,31,"44,00",3,1,0,1,20,0,0,0,"2846,49",8,0,1,202005,0,5,"2846,49"
202005,5,53,530010,J,6201501,-1,212420,101,7,39,"30,00",1,3,0,1,31,0,0,0,"1267,12",10,0,1,202005,0,5,"1267,12"
202005,5,53,530010,J,6201501,1,317110,101,80,60,"40,00",1,1,0,1,20,0,0,0,"8500,00",7,0,1,202005,0,5,"8500,00"
202005,3,33,330455,J,6201501,-1,317210,101,9,41,"40,00",3,1,0,1,31,0,0,0,"1381,44",9,0,1,202005,0,5,"1381,44"
202005,4,42,420540,J,6202300,-1,317110,101,7,25,"44,00",1,1,0,1,40,0,0,0,"8000,00",10,0,1,202005,0,5,"8000,00"
202005,3,35,355030,J,6204000,1,212405,101,9,29,"44,00",1,1,0,1,20,0,0,9,"6500,00",10,0,1,202005,0,5,"6500,00"
202005,3,31,316470,J,6201501,-1,212420,101,7,39,"44,00",6,3,0,1,40,0,0,0,"1605,00",4,0,1,202005,0,5,"1605,00"
202005,4,42,420540,J,6201501,1,212405,101,9,36,"44,00",6,1,0,1,20,0,0,9,"5000,00",4,0,1,202005,0,5,"5000,00"
202005,3,32,320530,J,6201501,-1,212405,101,9,34,"40,00",1,1,0,1,31,0,0,0,"3250,00",7,0,1,202005,0,5,"3250,00"
202005,3,35,355030,J,6204000,-1,212405,101,11,23,"44,00",3,3,0,1,40,0,0,9,"5200,00",10,0,1,202005,0,5,"5200,00"
202005,3,35,355030,J,6204000,-1,212405,101,80,27,"44,00",4,1,0,1,40,0,0,9,"9618,75",10,0,1,202005,0,5,"9618,75"
202005,5,52,520870,J,6203100,-1,212420,101,9,42,"44,00",3,1,0,1,31,0,0,0,"5727,63",4,0,1,202005,0,5,"5727,63"
202005,3,33,330455,J,6201501,1,317110,101,8,21,"30,00",3,1,0,1,20,0,0,1,"3376,00",9,0,1,202005,0,5,"3376,00"
202005,2,23,230428,J,6209100,1,212405,101,9,30,"40,00",6,1,0,1,20,0,0,0,"5000,00",4,0,1,202005,0,5,"5000,00"
202005,3,35,350570,J,6209100,-1,212410,101,7,34,"44,00",3,1,0,1,31,0,0,0,"1675,56",2,0,1,202005,0,5,"1675,56"
202005,4,43,431490,J,6204000,1,317110,101,8,20,"42,50",1,1,0,1,10,0,0,0,"5000,00",7,0,1,202005,0,5,"5000,00"
202005,3,31,317020,J,6201501,1,212320,101,9,56,"44,00",3,1,0,1,20,0,0,0,"6000,00",8,0,1,202005,0,5,"6000,00"
202005,3,35,355030,J,6209100,1,212410,101,9,32,"40,00",3,1,0,1,20,0,0,0,"12000,00",7,0,1,202005,0,5,"12000,00"
202005,4,43,431490,J,6204000,1,212420,101,9,27,"44,00",1,1,0,1,20,0,0,0,"5845,00",7,0,1,202005,0,5,"5845,00"
202005,3,35,355030,J,6201501,-1,212405,101,9,27,"40,00",6,1,0,1,31,0,0,0,"5830,00",3,0,1,202005,0,5,"5830,00"
202005,3,31,313240,J,6204000,-1,212205,101,7,30,"44,00",1,1,0,1,40,0,0,0,"3355,43",3,0,1,202005,0,5,"3355,43"
202005,3,35,350950,J,6204000,-1,142520,101,9,56,"40,00",1,3,0,1,31,0,0,0,"10115,50",10,0,1,202005,0,5,"10115,50"
202005,3,31,317020,J,6203100,-1,317110,101,9,29,"40,00",1,3,0,1,40,0,0,0,"3078,00",8,0,1,202005,0,5,"3078,00"
202005,3,35,355030,J,6201501,-1,212405,101,9,27,"40,00",1,1,0,1,40,0,0,0,"3979,70",5,0,1,202005,0,5,"3979,70"
202005,3,33,330330,J,6201501,1,212405,101,8,25,"56,00",1,1,0,1,20,0,0,0,"9000,00",7,0,1,202005,0,5,"9000,00"
202005,3,35,350570,J,6203100,1,317110,101,9,48,"40,00",1,1,0,1,20,0,0,0,"5600,00",4,0,1,202005,0,5,"5600,00"
202005,3,35,350950,J,6201501,-1,212405,101,9,37,"40,00",1,1,0,1,40,0,0,0,"9404,97",8,0,1,202005,0,5,"9404,97"
202005,3,33,330455,J,6202300,1,212405,101,9,33,"40,00",1,3,0,1,20,0,0,0,"10200,00",5,0,1,202005,0,5,"10200,00"
202005,4,41,410690,J,6203100,1,212405,101,9,37,"40,00",6,1,0,1,20,0,0,0,"5500,00",7,0,1,202005,0,5,"5500,00"
202005,3,35,355030,J,6201501,-1,212405,101,9,60,"40,00",2,1,0,1,31,0,0,0,"7532,47",10,0,1,202005,0,5,"7532,47"
202005,2,29,292740,J,6204000,1,317205,101,8,26,"40,00",3,1,0,1,20,0,0,0,"1800,00",6,0,1,202005,0,5,"1800,00"
202005,3,31,310620,J,6201501,1,317110,101,7,32,"44,00",6,1,0,1,20,0,0,0,"4549,05",4,0,1,202005,0,5,"4549,05"
202005,3,35,350950,J,6201501,1,212405,101,9,27,"40,00",1,3,0,1,20,0,0,0,"6500,00",7,0,1,202005,0,5,"6500,00"
202005,3,33,330040,J,6204000,1,212410,101,7,27,"38,00",1,3,0,1,20,0,0,0,"2157,60",10,0,1,202005,0,5,"2157,60"
202005,4,43,431490,J,6202300,-1,212420,101,9,49,"40,00",2,1,0,1,31,0,0,0,"2940,00",6,0,1,202005,0,5,"2940,00"
202005,3,33,330455,J,6201501,-1,212420,101,9,27,"40,00",1,1,0,1,31,0,0,0,"1263,04",9,0,1,202005,0,5,"1263,04"
202005,3,31,310620,J,6201501,-1,212405,101,80,38,"40,00",2,1,0,1,43,0,0,0,"11130,00",8,0,1,202005,0,5,"11130,00"
202005,3,35,355030,J,6201501,1,212410,101,9,31,"40,00",1,3,0,1,20,0,0,0,"4700,00",8,0,1,202005,0,5,"4700,00"
202005,3,35,352470,J,6201501,-1,212405,101,9,38,"40,00",1,1,0,1,40,0,0,0,"5600,00",10,0,1,202005,0,5,"5600,00"
202005,3,35,352590,J,6209100,1,212405,101,9,33,"44,00",6,1,0,1,20,0,0,0,"8500,00",4,0,1,202005,0,5,"8500,00"
202005,3,31,310620,J,6202300,-1,212405,101,9,24,"40,00",3,1,0,1,31,0,0,0,"3854,41",8,0,1,202005,0,5,"3854,41"
202005,3,35,352390,J,6201501,-1,212420,101,9,31,"40,00",1,3,0,1,40,0,0,0,"4578,98",7,0,1,202005,0,5,"4578,98"
202005,2,26,261160,J,6204000,1,317110,101,9,32,"40,00",1,1,0,1,20,0,0,0,"6392,17",9,0,1,202005,0,5,"6392,17"
202005,4,41,410690,J,6201501,1,212405,101,9,31,"40,00",1,1,0,1,20,0,0,0,"5000,00",7,0,1,202005,0,5,"5000,00"
202005,3,31,310620,J,6209100,1,317205,101,8,27,"44,00",1,1,0,1,20,0,0,0,"1188,57",10,0,1,202005,0,5,"1188,57"
202005,5,53,530010,J,6201501,1,212405,101,9,24,"44,00",3,3,0,1,20,0,0,0,"3000,00",8,0,1,202005,0,5,"3000,00"
202005,2,26,261160,J,6311900,-1,317210,101,7,32,"40,00",1,1,0,1,31,0,0,0,"1346,53",7,0,1,202005,0,5,"1346,53"
202005,3,31,310620,J,6201501,-1,317110,101,8,21,"40,00",1,1,0,1,40,0,0,0,"2870,00",8,0,1,202005,0,5,"2870,00"
202005,3,33,330340,J,6209100,-1,317210,101,7,34,"40,00",1,1,0,1,90,0,0,0,"2063,00",6,0,1,202005,0,5,"2063,00"
202005,2,29,291072,J,6209100,-1,317210,101,7,23,"44,00",3,3,0,1,31,0,0,0,"1050,00",3,0,1,202005,0,5,"1050,00"
202005,2,23,230440,J,6204000,-1,317205,101,6,41,"36,00",3,3,0,1,31,0,0,0,"1300,00",8,0,1,202005,0,5,"1300,00"
202005,3,35,355030,J,6201501,-1,212420,101,11,29,"40,00",3,1,0,1,40,0,0,0,"9393,00",5,0,1,202005,0,5,"9393,00"
202005,3,32,320530,J,6209100,-1,212310,101,9,29,"40,00",2,1,0,1,40,0,0,0,"8000,00",7,0,1,202005,0,5,"8000,00"
202005,4,42,421480,J,6204000,1,212420,101,8,20,"44,00",1,3,0,1,20,0,0,0,"2766,00",5,0,1,202005,0,5,"2766,00"
202005,3,33,330455,J,6204000,-1,212405,101,9,25,"40,00",3,1,0,1,40,0,0,0,"5000,00",8,0,1,202005,0,5,"5000,00"
202005,3,31,310620,J,6202300,-1,212420,101,80,57,"40,00",6,1,0,1,40,0,0,0,"13607,04",7,0,1,202005,0,5,"13607,04"
202005,3,31,310620,J,6204000,1,212420,101,80,26,"40,00",1,1,0,1,20,0,0,0,"1385,00",7,0,1,202005,0,5,"1385,00"
202005,3,35,355030,J,6201501,1,212420,101,9,29,"44,00",1,1,0,1,20,0,0,0,"9000,00",5,0,1,202005,0,5,"9000,00"
202005,3,31,310620,J,6201501,1,212420,101,8,32,"40,00",1,1,0,1,20,0,0,0,"1693,27",9,0,1,202005,0,5,"1693,27"
202005,4,41,410690,J,6204000,-1,212405,101,8,39,"40,00",1,1,0,1,31,0,0,0,"6107,43",7,0,1,202005,0,5,"6107,43"
202005,3,35,355030,J,6204000,-1,212305,101,80,50,"44,00",1,1,0,1,31,0,0,9,"12035,86",7,0,1,202005,0,5,"12035,86"
202005,3,35,355030,J,6202300,-1,212405,101,7,33,"40,00",1,1,0,1,31,0,0,0,"5171,50",7,0,1,202005,0,5,"5171,50"
202005,3,35,354730,J,6204000,-1,142510,101,8,35,"44,00",6,1,0,1,40,0,0,0,"58235,95",5,0,1,202005,0,5,"58235,95"
202005,3,35,355030,J,6201501,-1,212210,101,80,38,"40,00",2,1,0,1,31,0,0,0,"7546,03",7,0,1,202005,0,5,"7546,03"
202005,4,42,420240,J,6201501,1,317110,101,7,22,"44,00",3,3,0,1,20,0,0,0,"1876,50",10,0,1,202005,0,5,"1876,50"
202005,3,35,350570,J,6203100,1,212315,101,9,48,"40,00",4,1,0,1,20,0,0,0,"9000,00",9,0,1,202005,0,5,"9000,00"
202005,5,53,530010,J,6201501,-1,212405,101,8,32,"40,00",3,1,0,1,31,0,0,0,"2150,79",10,0,1,202005,0,5,"2150,79"
202005,4,41,410690,J,6201501,1,142520,101,80,45,"40,00",1,1,0,1,20,0,0,0,"5500,00",7,0,1,202005,0,5,"5500,00"
202005,3,35,355030,J,6203100,1,212405,101,80,38,"40,00",1,1,0,1,20,0,0,0,"11000,00",10,0,1,202005,0,5,"11000,00"
202005,3,35,355030,J,6204000,-1,212420,101,9,24,"40,00",3,1,0,1,31,0,0,0,"1582,84",10,0,1,202005,0,5,"1582,84"
202005,3,35,350330,J,6204000,1,212305,101,9,38,"40,00",2,1,0,1,20,0,0,0,"8168,68",5,0,1,202005,0,5,"8168,68"
202005,3,35,355030,J,6201501,-1,212405,101,9,27,"40,00",3,1,0,1,40,0,0,0,"9074,99",10,0,1,202005,0,5,"9074,99"
202005,3,35,350570,J,6209100,-1,212405,101,9,52,"40,00",2,3,0,1,31,0,0,0,"12343,00",10,0,1,202005,0,5,"12343,00"
202005,3,35,350570,J,6202300,1,212415,101,9,26,"40,00",3,1,0,1,20,0,0,0,"3203,00",7,0,1,202005,0,5,"3203,00"
202005,4,42,421660,J,6209100,1,317210,101,9,22,"30,00",6,1,0,1,20,0,0,0,"1845,51",8,0,1,202005,0,5,"1845,51"
202005,3,35,355030,J,6209100,-1,212420,101,9,29,"40,00",1,3,0,1,40,0,0,0,"1900,00",5,0,1,202005,0,5,"1900,00"
202005,2,29,292740,J,6311900,-1,212405,101,9,41,"40,00",1,1,0,1,31,0,0,0,"1495,84",7,0,1,202005,0,5,"1495,84"
202005,4,41,410690,J,6204000,-1,212405,101,9,45,"40,00",1,1,0,1,31,0,0,0,"8236,80",7,0,1,202005,0,5,"8236,80"
202005,4,41,410690,J,6202300,-1,212405,101,9,35,"44,00",1,1,0,1,90,0,0,9,"8442,72",6,0,1,202005,0,5,"8442,72"
202005,3,31,310620,J,6201501,-1,212405,101,80,46,"40,00",1,3,0,1,31,0,0,0,"9000,00",8,0,1,202005,0,5,"9000,00"
202005,3,35,350570,J,6204000,-1,212405,101,9,30,"40,00",3,1,0,1,31,0,0,0,"3113,76",6,0,1,202005,0,5,"3113,76"
202005,2,29,292740,J,6311900,-1,317210,101,9,34,"40,00",2,1,0,1,31,0,0,0,"1182,46",7,0,1,202005,0,5,"1182,46"
202005,4,41,410690,J,6209100,1,212405,101,9,22,"40,00",1,1,0,1,20,0,0,0,"4000,00",5,0,1,202005,0,5,"4000,00"
202005,4,42,420540,J,6202300,1,317210,101,8,25,"44,00",6,1,0,1,20,0,0,0,"2400,00",10,0,1,202005,0,5,"2400,00"
202005,3,35,355030,J,6201501,-1,317110,101,8,22,"40,00",3,1,0,1,40,0,0,0,"5050,00",10,0,1,202005,0,5,"5050,00"
202005,3,35,355030,J,6201501,1,212210,101,9,29,"40,00",1,1,0,1,20,0,0,0,"8945,00",7,0,1,202005,0,5,"8945,00"
202005,3,31,310620,J,6204000,-1,212405,101,9,38,"40,00",1,1,0,1,31,0,0,0,"7000,00",6,0,1,202005,0,5,"7000,00"
202005,5,53,530010,J,6204000,-1,212410,101,9,29,"40,00",1,1,0,1,40,0,0,0,"2013,60",8,0,1,202005,0,5,"2013,60"
202005,3,35,355030,J,6201501,1,212405,101,9,34,"40,00",1,1,0,1,20,0,0,0,"9000,00",7,0,1,202005,0,5,"9000,00"
202005,3,35,355030,J,6202300,-1,212405,101,80,36,"40,00",3,1,0,1,40,0,0,0,"13000,00",9,0,1,202005,0,5,"13000,00"
202005,3,31,310620,J,6209100,1,317205,101,8,42,"44,00",1,1,0,1,20,0,0,0,"1188,57",10,0,1,202005,0,5,"1188,57"
202005,3,35,350950,J,6201501,1,212405,101,9,31,"40,00",2,1,0,1,20,0,0,0,"9000,00",6,0,1,202005,0,5,"9000,00"
202005,3,35,350570,J,6203100,-1,317110,101,9,22,"40,00",3,1,0,1,40,0,0,0,"3836,00",9,0,1,202005,0,5,"3836,00"
202005,3,35,355030,J,6203100,-1,212405,101,9,34,"40,00",1,3,0,1,90,0,0,0,"4638,18",8,0,1,202005,0,5,"4638,18"
202005,3,33,330455,J,6204000,-1,212405,101,9,22,"40,00",2,3,0,1,40,0,0,0,"2110,00",5,0,1,202005,0,5,"2110,00"
202005,4,43,431870,J,6204000,1,212405,101,8,23,"40,00",1,1,0,1,20,0,0,0,"6758,00",10,0,1,202005,0,5,"6758,00"
202005,5,52,520110,J,6201501,1,212405,101,9,28,"40,00",3,1,0,1,20,0,0,0,"6100,00",5,0,1,202005,0,5,"6100,00"
202005,2,29,292740,J,6209100,-1,142510,101,7,34,"44,00",3,1,0,1,40,0,0,0,"4000,00",4,0,1,202005,0,5,"4000,00"
202005,4,42,421480,J,6202300,-1,212420,101,7,22,"44,00",6,1,0,1,31,0,0,0,"1590,00",5,0,1,202005,0,5,"1590,00"
202005,4,42,420910,J,6203100,1,212410,101,9,28,"44,00",1,1,0,1,20,0,0,0,"1500,00",1,0,1,202005,0,5,"1500,00"
202005,3,35,350320,J,6204000,-1,212405,101,9,38,"40,00",1,1,0,1,31,0,0,0,"3928,73",8,0,1,202005,0,5,"3928,73"
202005,3,31,310620,J,6202300,-1,212420,101,6,21,"40,00",6,1,0,1,31,0,0,0,"2305,00",5,0,1,202005,0,5,"2305,00"
202005,3,35,355030,J,6311900,1,212405,101,8,30,"40,00",2,3,0,1,20,0,0,0,"2373,00",1,0,1,202005,0,5,"2373,00"
202005,4,41,411520,J,6201501,-1,317110,101,80,28,"44,00",1,1,0,1,40,0,0,0,"6150,00",8,0,1,202005,0,5,"6150,00"
202005,3,31,310620,J,6203100,1,212405,101,9,24,"43,20",6,3,0,1,20,0,0,0,"3677,26",5,0,1,202005,0,5,"3677,26"
202005,3,35,355030,J,6209100,1,212405,101,9,34,"40,00",2,1,0,1,20,0,0,0,"7000,00",5,0,1,202005,0,5,"7000,00"
202005,3,35,355030,J,6203100,-1,212405,101,8,24,"40,00",1,1,0,1,40,0,0,0,"5063,00",7,0,1,202005,0,5,"5063,00"
202005,3,35,355030,J,6204000,1,212405,101,9,32,"44,00",1,1,0,1,20,0,0,9,"9000,00",10,0,1,202005,0,5,"9000,00"
202005,3,35,352590,J,6209100,1,212405,101,9,24,"40,00",6,1,0,1,20,0,0,0,"8000,00",4,0,1,202005,0,5,"8000,00"
202005,5,52,520870,J,6201501,-1,317210,101,7,52,"40,00",1,3,0,1,31,0,0,0,"2800,00",8,0,1,202005,0,5,"2800,00"
202005,4,41,410690,J,6209100,-1,212420,101,9,38,"40,00",3,1,0,1,40,0,0,0,"2068,60",9,0,1,202005,0,5,"2068,60"
202005,3,35,355030,J,6204000,1,212405,101,9,25,"40,00",1,1,0,1,20,0,0,0,"5500,00",7,0,1,202005,0,5,"5500,00"
202005,2,23,230440,J,6201501,1,317110,101,9,31,"44,00",3,1,0,1,20,0,0,0,"3000,00",3,0,1,202005,0,5,"3000,00"
202005,3,35,354730,J,6204000,-1,212405,101,9,38,"40,00",1,3,0,1,31,0,0,0,"13181,82",9,0,1,202005,0,5,"13181,82"
202005,3,35,355030,J,6204000,-1,142520,101,9,46,"44,00",1,3,0,1,31,0,0,9,"17598,10",7,0,1,202005,0,5,"17598,10"
202005,3,35,355030,J,6202300,1,317110,101,9,23,"44,00",1,1,0,1,20,0,0,0,"2000,00",3,0,1,202005,0,5,"2000,00"
202005,3,33,330455,J,6201501,-1,212405,101,9,35,"40,00",1,1,0,1,31,0,0,0,"4848,62",3,0,1,202005,0,5,"4848,62"
202005,3,35,355030,J,6201501,-1,212405,101,9,24,"40,00",3,1,0,1,31,0,0,0,"7502,65",9,0,1,202005,0,5,"7502,65"
202005,3,35,355030,J,6201501,-1,212405,101,9,46,"40,00",3,1,0,1,40,0,0,0,"5116,50",10,0,1,202005,0,5,"5116,50"
202005,3,35,355030,J,6201501,-1,212420,101,9,39,"40,00",6,1,0,1,31,0,0,0,"1813,09",6,0,1,202005,0,5,"1813,09"
202005,3,31,310620,J,6209100,1,317205,101,7,35,"44,00",1,3,0,1,20,0,0,0,"1188,57",10,0,1,202005,0,5,"1188,57"
202005,2,29,292740,J,6209100,1,212405,101,9,26,"44,00",3,1,0,1,20,0,0,0,"2800,00",4,0,1,202005,0,5,"2800,00"
202005,5,53,530010,J,6209100,1,142510,101,80,45,"40,00",3,1,0,1,20,0,0,0,"9000,00",7,0,1,202005,0,5,"9000,00"
202005,5,53,530010,J,6201501,-1,317110,101,9,25,"44,00",1,1,0,1,40,0,0,0,"3000,00",3,0,1,202005,0,5,"3000,00"
202005,3,31,314480,J,6203100,-1,212405,101,7,20,"43,40",3,3,0,1,31,0,0,0,"1652,48",6,0,1,202005,0,5,"1652,48"
202005,3,35,355030,J,6204000,-1,212405,101,8,24,"44,00",1,1,0,1,40,0,0,9,"3508,75",10,0,1,202005,0,5,"3508,75"
202005,4,42,420240,J,6209100,-1,317210,101,80,30,"40,00",1,1,0,1,40,0,0,0,"2200,00",4,0,1,202005,0,5,"2200,00"
202005,3,35,350570,J,6204000,1,142520,101,9,52,"40,00",6,1,0,1,20,0,0,0,"20500,00",9,0,1,202005,0,5,"20500,00"
202005,3,35,355030,J,6204000,1,212215,101,9,25,"40,00",6,1,0,1,20,0,0,0,"5500,00",6,0,1,202005,0,5,"5500,00"
202005,4,43,431490,J,6204000,-1,317110,101,9,46,"44,00",1,1,0,1,31,0,0,0,"4315,44",7,0,1,202005,0,5,"4315,44"
202005,3,35,355030,J,6203100,-1,212405,101,9,38,"40,00",1,1,0,1,40,0,0,0,"9500,00",6,0,1,202005,0,5,"9500,00"
202005,3,35,354730,J,6209100,1,212405,101,9,45,"44,00",3,1,0,1,20,0,0,0,"6100,00",10,0,1,202005,0,5,"6100,00"
202005,3,33,330455,J,6209100,1,317110,101,9,50,"40,00",6,1,0,1,20,0,0,0,"6000,00",6,0,1,202005,0,5,"6000,00"
202005,4,43,431490,J,6311900,-1,317110,101,9,33,"44,00",1,1,0,1,31,0,0,0,"2750,00",7,0,1,202005,0,5,"2750,00"
202005,5,50,500270,J,6202300,-1,317205,101,9,24,"44,00",1,3,0,1,40,0,0,0,"1200,00",5,0,1,202005,0,5,"1200,00"
202005,4,41,410480,J,6203100,1,212405,101,8,28,"44,00",3,3,0,1,20,0,0,0,"3000,00",4,0,1,202005,0,5,"3000,00"
202005,3,35,355030,J,6209100,1,212420,101,7,21,"40,00",2,1,0,1,20,0,0,0,"1784,00",2,0,1,202005,0,5,"1784,00"
202005,3,35,355030,J,6201501,1,212405,101,8,32,"40,00",1,1,0,1,20,0,0,0,"2015,00",8,0,1,202005,0,5,"2015,00"
202005,5,51,510340,J,6202300,-1,317110,101,9,47,"44,00",3,1,0,1,31,0,0,0,"3463,00",8,0,1,202005,0,5,"3463,00"
202005,3,35,355030,J,6201501,1,212405,101,9,32,"40,00",6,1,0,1,20,0,0,0,"4000,00",2,0,1,202005,0,5,"4000,00"
202005,3,33,330455,J,6203100,-1,142520,101,9,50,"44,00",1,1,0,1,31,0,0,9,"5452,00",5,0,1,202005,0,5,"5452,00"
202005,3,35,350570,J,6202300,1,212415,101,9,40,"40,00",3,1,0,1,20,0,0,0,"3000,00",7,0,1,202005,0,5,"3000,00"
202005,3,35,355030,J,6311900,1,317110,101,9,26,"40,00",1,3,0,1,20,0,0,0,"2500,00",4,0,1,202005,0,5,"2500,00"
202005,3,31,310620,J,6204000,1,212420,101,9,30,"40,00",1,1,0,1,20,0,0,0,"2372,32",7,0,1,202005,0,5,"2372,32"
202005,3,35,355030,J,6204000,-1,212420,101,9,36,"40,00",2,3,0,1,31,0,0,0,"5323,99",7,0,1,202005,0,5,"5323,99"
202005,4,43,431490,J,6201501,1,317110,101,9,31,"40,00",1,1,0,1,20,0,0,0,"10000,00",8,0,1,202005,0,5,"10000,00"
202005,5,51,510340,J,6209100,1,317110,101,9,39,"44,00",3,1,0,1,20,0,0,0,"2500,00",4,0,1,202005,0,5,"2500,00"
202005,3,35,355030,J,6201501,-1,317110,101,9,51,"40,00",1,1,0,1,31,0,0,0,"12700,00",9,0,1,202005,0,5,"12700,00"
202005,3,35,355030,J,6201501,1,212405,101,9,27,"40,00",3,1,0,1,20,0,0,0,"8094,22",10,0,1,202005,0,5,"8094,22"
202005,4,41,410690,J,6201501,-1,212420,101,9,28,"44,00",1,1,0,1,31,0,0,0,"1850,00",3,0,1,202005,0,5,"1850,00"
202005,5,53,530010,J,6204000,1,212410,101,8,29,"40,00",3,1,0,1,20,0,0,0,"1500,00",1,0,1,202005,0,5,"1500,00"
202005,3,35,355030,J,6204000,-1,212420,101,9,28,"40,00",1,1,0,1,40,0,0,0,"1300,00",8,0,1,202005,0,5,"1300,00"
202005,3,35,350950,J,6201501,1,212405,101,9,36,"40,00",1,1,0,1,20,0,0,0,"4500,00",4,0,1,202005,0,5,"4500,00"
202005,3,31,317020,J,6201501,1,212410,101,9,31,"44,00",1,1,0,1,20,0,0,0,"11000,00",8,0,1,202005,0,5,"11000,00"
202005,3,35,353870,J,6204000,1,212405,101,9,44,"44,00",2,1,0,1,20,0,0,0,"3000,00",5,0,1,202005,0,5,"3000,00"
202005,5,53,530010,J,6201501,-1,317210,101,9,25,"40,00",3,1,0,1,31,0,0,0,"1346,35",9,0,1,202005,0,5,"1346,35"
202005,3,33,330455,J,6311900,-1,317210,101,7,36,"40,00",2,1,0,1,31,0,0,0,"2605,00",7,0,1,202005,0,5,"2605,00"
202005,3,35,355030,J,6202300,1,212405,101,8,20,"44,00",6,1,0,1,20,0,0,0,"1700,00",5,0,1,202005,0,5,"1700,00"
202005,5,51,510340,J,6201501,-1,212405,101,7,38,"44,00",3,1,0,1,32,0,0,0,"4059,80",5,0,1,202005,0,5,"4059,80"
202005,3,35,355030,J,6201501,-1,317110,101,8,27,"40,00",1,1,0,1,31,0,0,0,"3500,00",10,0,1,202005,0,5,"3500,00"
202005,4,43,431490,J,6203100,-1,317110,101,8,24,"40,00",1,1,0,1,31,0,0,0,"3732,82",7,0,1,202005,0,5,"3732,82"
202005,3,35,350570,J,6201501,1,212405,101,9,21,"40,00",1,1,0,1,20,0,0,0,"3000,00",10,0,1,202005,0,5,"3000,00"
202005,3,35,355030,J,6204000,-1,317110,101,9,24,"44,00",1,1,0,1,40,0,0,9,"3353,40",10,0,1,202005,0,5,"3353,40"
202005,4,41,411370,J,6209100,-1,212405,101,9,36,"40,00",6,1,0,1,40,0,0,0,"5346,27",8,0,1,202005,0,5,"5346,27"
202005,3,35,350570,J,6201501,1,212415,101,8,35,"40,00",1,1,0,1,20,0,0,0,"2606,73",7,0,1,202005,0,5,"2606,73"
202005,3,35,355030,J,6204000,-1,212405,101,9,32,"44,00",1,1,0,1,40,0,0,9,"9000,00",10,0,1,202005,0,5,"9000,00"
202005,3,35,355030,J,6201501,1,212405,101,9,25,"40,00",3,1,0,1,20,0,0,0,"6064,97",10,0,1,202005,0,5,"6064,97"
202005,3,33,330455,J,6204000,1,212405,101,9,26,"40,00",3,1,0,1,20,0,0,0,"3000,00",4,0,1,202005,0,5,"3000,00"
202005,3,35,355030,J,6204000,-1,142515,101,9,52,"40,00",3,3,0,1,31,0,0,0,"10000,00",7,0,1,202005,0,5,"10000,00"
202005,3,35,355030,J,6201501,-1,212410,101,9,32,"40,00",1,1,0,1,40,0,0,0,"3209,98",10,0,1,202005,0,5,"3209,98"
202005,2,23,230440,J,6203100,-1,317110,101,8,29,"40,00",3,1,0,1,40,0,0,0,"4728,15",1,0,1,202005,0,5,"4728,15"
202005,3,35,350950,J,6209100,-1,212405,101,8,27,"40,00",1,1,0,1,40,0,0,0,"6727,50",8,0,1,202005,0,5,"6727,50"
202005,3,35,355030,J,6203100,-1,212410,101,9,34,"40,00",1,1,0,1,31,0,0,0,"1800,00",5,0,1,202005,0,5,"1800,00"
202005,3,35,352470,J,6201501,-1,317210,101,7,51,"40,00",3,3,0,1,43,0,0,0,"1248,91",10,0,1,202005,0,5,"1248,91"
202005,4,41,410690,J,6201501,-1,317110,101,8,36,"40,00",3,1,0,1,31,0,0,0,"6200,00",7,0,1,202005,0,5,"6200,00"
202005,3,33,330455,J,6209100,-1,212420,101,8,33,"40,00",1,1,0,1,31,0,0,0,"1433,04",8,0,1,202005,0,5,"1433,04"
202005,3,32,320530,J,6201501,-1,212405,101,9,29,"40,00",4,1,0,1,31,0,0,0,"4900,00",7,0,1,202005,0,5,"4900,00"
202005,4,42,420540,J,6203100,1,212420,101,9,32,"44,00",1,1,0,1,20,0,0,0,"2800,00",4,0,1,202005,0,5,"2800,00"
202005,3,33,330455,J,6204000,-1,317110,101,9,25,"44,00",1,1,0,1,31,0,0,9,"2945,87",8,0,1,202005,0,5,"2945,87"
202005,3,35,355030,J,6204000,1,142520,101,9,47,"44,00",1,1,0,1,20,0,0,9,"17000,00",10,0,1,202005,0,5,"17000,00"
202005,3,35,355030,J,6204000,-1,212405,101,8,40,"44,00",1,1,0,1,43,0,0,9,"10000,00",10,0,1,202005,0,5,"10000,00"
202005,3,35,350570,J,6201501,-1,212210,101,9,35,"40,00",3,1,0,1,40,0,0,0,"7200,57",9,0,1,202005,0,5,"7200,57"
202005,3,31,310620,J,6204000,1,212420,101,7,25,"40,00",2,1,0,1,20,0,0,0,"2827,44",7,0,1,202005,0,5,"2827,44"
202005,3,35,355030,J,6201501,1,142520,101,80,37,"40,00",3,3,0,1,20,0,0,0,"11500,00",10,0,1,202005,0,5,"11500,00"
202005,3,33,330455,J,6201501,-1,317110,101,9,27,"40,00",1,1,0,1,40,0,0,0,"11883,51",8,0,1,202005,0,5,"11883,51"
202005,3,32,320530,J,6209100,-1,212420,101,9,36,"40,00",1,1,0,1,40,0,0,0,"2590,95",7,0,1,202005,0,5,"2590,95"
202005,3,35,355030,J,6201501,1,212405,101,9,41,"44,00",1,1,0,1,20,0,0,9,"11200,00",7,0,1,202005,0,5,"11200,00"
202005,3,35,355030,J,6204000,1,212405,101,8,29,"44,00",1,1,0,1,20,0,0,9,"6000,00",10,0,1,202005,0,5,"6000,00"
202005,3,31,310620,J,6209100,1,317205,101,7,31,"44,00",3,3,0,1,20,0,0,0,"1188,57",10,0,1,202005,0,5,"1188,57"
202005,3,35,355030,J,6311900,1,142515,101,8,38,"44,00",1,1,0,1,20,0,0,0,"14000,00",9,0,1,202005,0,5,"14000,00"
202005,3,35,350570,J,6203100,1,317205,101,8,40,"36,00",1,1,0,1,20,0,0,0,"1800,00",7,0,1,202005,0,5,"1800,00"
202005,3,35,350570,J,6201501,1,212405,101,80,39,"40,00",1,3,0,1,20,0,0,0,"2300,00",8,0,1,202005,0,5,"2300,00"
202005,3,35,355030,J,6203100,1,142530,101,9,44,"40,00",1,3,0,1,20,0,0,0,"10200,00",7,0,1,202005,0,5,"10200,00"
202005,2,29,292740,J,6204000,1,212405,101,9,40,"44,00",2,3,0,1,20,0,0,0,"2555,54",9,0,1,202005,0,5,"2555,54"
202005,3,35,355030,J,6204000,1,212405,101,8,20,"44,00",3,1,0,1,20,0,0,9,"7000,00",10,0,1,202005,0,5,"7000,00"
202005,5,53,530010,J,6204000,-1,142515,101,8,24,"36,00",3,3,0,1,31,0,0,0,"2800,00",7,0,1,202005,0,5,"2800,00"
202005,3,33,330455,J,6201501,1,317110,101,9,32,"56,00",2,1,0,1,20,0,0,0,"2539,11",6,0,1,202005,0,5,"2539,11"
202005,3,35,355030,J,6204000,1,212405,101,80,29,"40,00",1,3,0,1,20,0,0,0,"8000,00",5,0,1,202005,0,5,"8000,00"
202005,3,35,355030,J,6209100,-1,212405,101,9,46,"40,00",1,1,0,1,40,0,0,0,"9400,11",4,0,1,202005,0,5,"9400,11"
202005,5,53,530010,J,6201501,-1,212405,101,9,28,"40,00",1,3,0,1,31,0,0,0,"3337,61",10,0,1,202005,0,5,"3337,61"
202005,3,31,310620,J,6204000,-1,212405,101,8,24,"40,00",3,1,0,1,40,0,0,0,"2582,00",3,0,1,202005,0,5,"2582,00"
202005,2,26,261160,J,6209100,-1,212410,101,8,38,"44,00",2,1,0,1,31,0,0,0,"1509,74",3,0,1,202005,0,5,"1509,74"
202005,3,35,352470,J,6201501,1,212405,101,9,23,"40,00",3,1,0,1,20,0,0,0,"2344,00",10,0,1,202005,0,5,"2344,00"
202005,5,53,530010,J,6209100,-1,212405,101,7,35,"44,00",3,1,0,1,31,0,0,0,"8164,00",6,0,1,202005,0,5,"8164,00"
202005,3,35,350950,J,6204000,-1,142530,101,9,29,"40,00",1,1,0,1,40,0,0,0,"15000,00",10,0,1,202005,0,5,"15000,00"
202005,3,35,355030,J,6201501,-1,212405,101,9,41,"40,00",3,1,0,1,40,0,0,0,"6342,02",9,0,1,202005,0,5,"6342,02"
202005,3,35,355030,J,6204000,-1,212405,101,9,23,"40,00",1,1,0,1,40,0,0,0,"5171,50",6,0,1,202005,0,5,"5171,50"
202005,3,35,355030,J,6204000,-1,212405,101,9,37,"40,00",1,3,0,1,40,0,0,0,"3000,00",6,0,1,202005,0,5,"3000,00"
202005,4,42,420240,J,6202300,-1,317110,101,8,18,"44,00",1,1,0,1,40,0,0,0,"2502,00",7,0,1,202005,0,5,"2502,00"
202005,3,31,314330,J,6202300,1,317210,101,7,31,"48,00",3,1,0,1,20,0,0,0,"1039,00",5,0,1,202005,0,5,"1039,00"
202005,3,33,330455,J,6201501,-1,317210,101,7,41,"40,00",3,1,0,1,31,0,0,0,"1381,45",9,0,1,202005,0,5,"1381,45"
202005,3,31,310620,J,6201501,-1,317110,101,9,29,"40,00",3,1,0,1,40,0,0,0,"7400,01",7,0,1,202005,0,5,"7400,01"
202005,2,26,261160,J,6311900,-1,317210,101,7,55,"40,00",1,1,0,1,31,0,0,0,"1958,60",7,0,1,202005,0,5,"1958,60"
202005,2,23,230440,J,6204000,-1,317210,101,8,31,"44,00",3,1,0,1,40,0,0,9,"1949,16",9,0,1,202005,0,5,"1949,16"
202005,2,29,292740,J,6204000,1,212405,101,8,27,"44,00",3,1,0,1,20,0,0,0,"2317,95",9,0,1,202005,0,5,"2317,95"
202005,3,31,317020,J,6201501,1,212405,101,7,30,"44,00",1,1,0,1,20,0,0,0,"3500,00",8,0,1,202005,0,5,"3500,00"
202005,5,52,520870,J,6202300,1,317110,101,8,28,"44,00",3,1,0,1,20,0,0,0,"2500,00",3,0,1,202005,0,5,"2500,00"
202005,3,31,310620,J,6202300,1,317210,101,11,39,"44,00",1,3,0,1,20,0,0,0,"2889,66",7,0,1,202005,0,5,"2889,66"
202005,3,35,354340,J,6202300,-1,212405,101,9,22,"40,00",1,1,0,1,31,0,0,0,"2300,00",7,0,1,202005,0,5,"2300,00"
202005,3,35,355030,J,6201501,-1,212405,101,9,31,"40,00",1,1,0,1,40,0,0,0,"7304,99",7,0,1,202005,0,5,"7304,99"
202005,3,35,355030,J,6201501,1,212405,101,8,24,"40,00",1,3,0,1,20,0,0,0,"9000,00",10,0,1,202005,0,5,"9000,00"
202005,3,31,310620,J,6204000,-1,212420,101,7,38,"40,00",1,1,0,1,40,0,0,0,"1900,00",7,0,1,202005,0,5,"1900,00"
202005,3,35,350950,J,6204000,-1,142520,101,9,36,"40,00",2,1,0,1,40,0,0,0,"9300,00",7,0,1,202005,0,5,"9300,00"
202005,3,35,350570,J,6201501,1,212405,101,80,55,"40,00",1,1,0,1,20,0,0,0,"6105,00",8,0,1,202005,0,5,"6105,00"
202005,3,35,352900,J,6201501,1,212405,101,9,23,"40,00",1,3,0,1,20,0,0,0,"2500,00",7,0,1,202005,0,5,"2500,00"
202005,4,41,410690,J,6209100,-1,317110,101,9,32,"44,00",1,1,0,1,31,0,0,0,"3700,00",2,0,1,202005,0,5,"3700,00"
202005,3,35,355030,J,6204000,1,212405,101,80,30,"40,00",1,1,0,1,20,0,0,0,"5000,00",5,0,1,202005,0,5,"5000,00"
202005,3,33,330330,J,6204000,1,317110,101,9,32,"40,00",1,1,0,1,20,0,0,0,"10700,00",8,0,1,202005,0,5,"10700,00"
202005,3,35,350950,J,6203100,-1,212405,101,9,28,"40,00",1,1,0,1,40,0,0,0,"5148,00",7,0,1,202005,0,5,"5148,00"
202005,3,35,355030,J,6209100,-1,212415,101,80,36,"44,00",2,3,0,1,31,0,0,0,"6300,00",5,0,1,202005,0,5,"6300,00"
202005,3,35,355030,J,6204000,1,317110,101,9,33,"40,00",3,1,0,1,20,0,0,0,"7000,00",7,0,1,202005,0,5,"7000,00"
202005,4,41,410690,J,6202300,-1,317110,101,9,39,"40,00",6,1,0,1,31,0,0,0,"8500,00",4,0,1,202005,0,5,"8500,00"
202005,3,35,354890,J,6201501,-1,212405,101,9,26,"40,00",1,1,0,1,31,0,0,0,"1809,60",2,0,1,202005,0,5,"1809,60"
202005,3,33,330455,J,6204000,1,212405,101,9,33,"40,00",6,3,0,1,20,0,0,0,"3000,00",8,0,1,202005,0,5,"3000,00"
202005,3,35,355030,J,6202300,1,212405,101,9,57,"40,00",4,3,0,1,20,0,0,0,"7100,00",6,0,1,202005,0,5,"7100,00"
202005,3,33,330455,J,6201501,-1,212405,101,9,32,"40,00",6,1,0,1,40,0,0,0,"9075,92",2,0,1,202005,0,5,"9075,92"
202005,3,33,330455,J,6201501,-1,212405,101,9,41,"40,00",3,1,0,1,40,0,0,0,"1946,00",6,0,1,202005,0,5,"1946,00"
202005,3,35,354980,J,6202300,-1,142530,101,9,50,"40,00",1,1,0,1,31,0,0,0,"6584,48",5,0,1,202005,0,5,"6584,48"
202005,5,53,530010,J,6201501,-1,212405,101,80,36,"44,00",3,1,0,1,31,0,0,0,"7367,10",8,0,1,202005,0,5,"7367,10"
202005,4,41,410690,J,6209100,-1,212305,101,8,21,"40,00",1,3,0,1,31,0,0,0,"2748,94",9,0,1,202005,0,5,"2748,94"
202005,3,35,355030,J,6203100,-1,142510,101,8,34,"40,00",1,1,0,1,31,1,0,0,"5904,72",8,0,1,202005,0,5,"5904,72"
202005,3,31,317150,J,6201501,1,212410,101,9,23,"44,00",6,1,0,1,20,0,0,0,"4700,00",8,0,1,202005,0,5,"4700,00"
202005,3,31,310620,J,6201501,1,212405,101,8,24,"40,00",1,1,0,1,20,0,0,0,"3000,00",6,0,1,202005,0,5,"3000,00"
202005,3,35,350280,J,6311900,1,317110,101,8,21,"44,00",1,1,0,1,20,0,0,0,"2000,00",2,0,1,202005,0,5,"2000,00"
202005,3,35,355030,J,6209100,1,317110,101,9,32,"44,00",3,1,0,1,20,0,0,0,"8000,00",2,0,1,202005,0,5,"8000,00"
202005,3,35,355030,J,6204000,-1,212415,101,8,25,"40,00",3,1,0,1,40,0,0,0,"3866,00",10,0,1,202005,0,5,"3866,00"
202005,3,35,350570,J,6209100,-1,317110,101,8,23,"44,00",1,1,0,1,40,0,0,0,"2000,00",5,0,1,202005,0,5,"2000,00"
202005,4,43,431490,J,6201501,1,317105,101,9,30,"40,00",1,1,0,1,20,0,0,0,"7500,00",3,0,1,202005,0,5,"7500,00"
202005,3,33,330455,J,6311900,-1,212405,101,80,62,"40,00",6,1,0,1,31,0,0,0,"6500,00",8,0,1,202005,0,5,"6500,00"
202005,2,26,261160,J,6204000,-1,212310,101,9,35,"40,00",6,1,0,1,43,0,0,0,"1446,00",6,0,1,202005,0,5,"1446,00"
202005,4,41,410690,J,6204000,-1,212405,101,9,39,"40,00",6,1,0,1,31,0,0,0,"5000,00",7,0,1,202005,0,5,"5000,00"
202005,4,43,431490,J,6203100,1,317110,101,8,19,"40,00",1,1,0,1,20,0,0,0,"3500,00",5,0,1,202005,0,5,"3500,00"
202005,4,43,431870,J,6202300,1,212420,101,8,24,"44,00",6,3,0,1,20,0,0,0,"1700,00",2,0,1,202005,0,5,"1700,00"
202005,3,35,355030,J,6204000,-1,212405,101,9,50,"40,00",1,1,0,1,31,0,0,0,"6656,00",4,0,1,202005,0,5,"6656,00"
202005,3,35,355030,J,6204000,-1,212405,101,9,30,"40,00",6,1,0,1,40,0,0,0,"6000,00",10,0,1,202005,0,5,"6000,00"
202005,3,35,355030,J,6201501,-1,212410,101,8,20,"40,00",1,1,0,1,40,0,0,0,"2557,10",10,0,1,202005,0,5,"2557,10"
202005,3,35,355030,J,6201501,-1,212405,101,9,29,"40,00",3,3,0,1,40,0,0,0,"9968,28",8,0,1,202005,0,5,"9968,28"
202005,2,26,261160,J,6209100,-1,212410,101,7,30,"44,00",3,1,0,1,31,0,0,0,"1509,74",3,0,1,202005,0,5,"1509,74"
202005,3,35,354730,J,6202300,1,212410,101,8,35,"40,00",6,1,0,1,20,0,0,0,"2184,00",6,0,1,202005,0,5,"2184,00"
202005,3,35,350320,J,6204000,1,212405,101,80,33,"40,00",3,1,0,1,20,0,0,0,"9078,80",8,0,1,202005,0,5,"9078,80"
202005,3,35,355030,J,6209100,-1,212405,101,9,25,"40,00",2,1,0,1,31,0,0,0,"2049,26",5,0,1,202005,0,5,"2049,26"
202005,3,35,355030,J,6201501,1,142520,101,9,50,"40,00",3,3,0,1,20,0,0,0,"9000,00",9,0,1,202005,0,5,"9000,00"
202005,3,35,355030,J,6201501,1,212205,101,9,25,"40,00",1,1,0,1,20,0,0,0,"10601,09",8,0,1,202005,0,5,"10601,09"
202005,3,31,310620,J,6201501,-1,212405,101,9,25,"40,00",3,1,0,1,40,0,0,0,"6120,00",8,0,1,202005,0,5,"6120,00"
202005,3,31,310620,J,6201501,1,212405,101,9,45,"40,00",6,1,0,1,20,0,0,0,"7000,00",6,0,1,202005,0,5,"7000,00"
202005,5,51,510340,J,6202300,1,212305,101,9,45,"30,00",3,3,0,1,20,0,0,1,"2074,50",8,0,1,202005,0,5,"2074,50"
202005,3,31,310620,J,6204000,1,212405,101,9,23,"48,00",1,1,0,1,20,0,0,0,"2582,00",2,0,1,202005,0,5,"2582,00"
202005,3,35,355030,J,6204000,1,212405,101,9,37,"40,00",1,1,0,1,20,0,0,0,"19000,00",9,0,1,202005,0,5,"19000,00"
202005,4,41,410720,J,6203100,-1,212420,101,9,33,"42,30",1,3,0,1,31,0,0,0,"3429,75",8,0,1,202005,0,5,"3429,75"
202005,3,35,355030,J,6202300,1,212405,101,9,30,"40,00",1,1,0,1,20,0,0,0,"2567,79",3,0,1,202005,0,5,"2567,79"
202005,3,35,350160,J,6201501,-1,212405,101,9,50,"40,00",3,3,0,1,31,0,0,0,"6442,50",8,0,1,202005,0,5,"6442,50"
202005,3,35,355030,J,6201501,-1,317210,101,9,27,"40,00",1,1,0,1,40,0,0,0,"1713,09",7,0,1,202005,0,5,"1713,09"
202005,3,33,330455,J,6311900,-1,212405,101,9,45,"44,00",6,3,0,1,31,0,0,0,"2500,00",3,0,1,202005,0,5,"2500,00"
202005,3,32,320520,J,6201501,1,317110,101,8,21,"40,00",1,1,0,1,10,0,0,0,"2200,00",3,0,1,202005,0,5,"2200,00"
202005,2,26,261160,J,6202300,-1,317205,101,7,38,"44,00",3,1,0,1,31,0,0,0,"2270,18",3,0,1,202005,0,5,"2270,18"
202005,3,31,310620,J,6201501,1,212405,101,80,39,"40,00",3,1,0,1,20,0,0,0,"4400,00",8,0,1,202005,0,5,"4400,00"
202005,5,53,530010,J,6203100,1,212405,101,9,42,"40,00",3,1,0,1,20,0,0,0,"5600,00",7,0,1,202005,0,5,"5600,00"
202005,3,35,355030,J,6201501,1,142520,101,9,26,"40,00",1,3,0,1,20,0,0,0,"2000,00",5,0,1,202005,0,5,"2000,00"
202005,3,31,310620,J,6204000,-1,212405,101,7,25,"40,00",3,1,0,1,40,0,0,0,"4441,04",10,0,1,202005,0,5,"4441,04"
202005,4,42,420460,J,6202300,1,317110,101,7,19,"44,00",1,1,0,1,20,0,0,0,"2912,00",8,0,1,202005,0,5,"2912,00"
202005,3,35,355030,J,6203100,-1,212405,101,9,41,"40,00",1,1,0,1,40,0,0,0,"10096,18",10,0,1,202005,0,5,"10096,18"
202005,3,35,350570,J,6209100,-1,212405,101,9,36,"40,00",1,3,0,1,40,0,0,0,"11055,00",10,0,1,202005,0,5,"11055,00"
202005,3,35,350950,J,6201501,-1,212315,101,9,30,"40,00",6,3,0,1,40,0,0,0,"5000,00",6,0,1,202005,0,5,"5000,00"
202005,4,41,410480,J,6203100,1,212405,101,8,25,"44,00",1,1,0,1,20,0,0,0,"1802,00",4,0,1,202005,0,5,"1802,00"
202005,4,42,420910,J,6204000,-1,212405,101,80,34,"42,50",1,3,0,1,40,0,0,0,"3357,65",7,0,1,202005,0,5,"3357,65"
202005,3,35,350570,J,6202300,1,212420,101,9,25,"40,00",1,3,0,1,20,0,0,0,"6892,77",9,0,1,202005,0,5,"6892,77"
202005,4,41,410690,J,6201501,1,212405,101,9,28,"40,00",1,1,0,1,20,0,0,0,"4398,00",1,0,1,202005,0,5,"4398,00"
202005,3,35,350570,J,6209100,-1,212420,101,8,59,"40,00",1,1,0,1,31,0,0,0,"2133,48",5,0,1,202005,0,5,"2133,48"
202005,3,31,310620,J,6204000,-1,212420,101,9,35,"40,00",3,1,0,1,40,0,0,0,"1766,00",7,0,1,202005,0,5,"1766,00"
202005,3,35,355030,J,6209100,-1,317210,101,9,21,"36,00",1,1,0,1,31,0,0,0,"1462,41",9,0,1,202005,0,5,"1462,41"
202005,3,32,320530,J,6209100,-1,317210,101,8,29,"40,00",3,1,0,1,40,0,0,0,"1899,24",7,0,1,202005,0,5,"1899,24"
202005,3,35,355030,J,6204000,-1,212420,101,8,40,"40,00",2,1,0,1,31,0,0,0,"1381,45",10,0,1,202005,0,5,"1381,45"
202005,3,35,355030,J,6204000,1,317110,101,7,38,"44,00",2,1,0,1,20,0,0,9,"2800,00",10,0,1,202005,0,5,"2800,00"
202005,3,35,355030,J,6201501,1,317110,101,8,25,"40,00",2,1,0,1,20,0,0,0,"2700,00",5,0,1,202005,0,5,"2700,00"
202005,3,33,330455,J,6203100,-1,212405,101,9,25,"40,00",1,1,0,1,40,0,0,0,"6500,00",6,0,1,202005,0,5,"6500,00"
202005,4,41,410690,J,6204000,1,212405,101,10,29,"40,00",1,1,0,1,20,0,0,0,"7200,00",5,0,1,202005,0,5,"7200,00"
202005,3,35,350950,J,6204000,1,317210,101,9,48,"40,00",1,1,0,1,20,0,0,0,"3500,00",10,0,1,202005,0,5,"3500,00"
202005,3,33,330455,J,6204000,1,212405,101,9,23,"40,00",3,1,0,1,20,0,0,0,"2200,00",9,0,1,202005,0,5,"2200,00"
202005,3,35,353650,J,6311900,1,212420,101,9,29,"40,00",1,1,0,1,20,0,0,0,"4000,00",4,0,1,202005,0,5,"4000,00"
202005,5,53,530010,J,6201501,1,212405,101,9,32,"40,00",3,1,0,1,20,0,0,0,"2800,00",10,0,1,202005,0,5,"2800,00"
202005,3,31,317020,J,6201501,1,212405,101,9,39,"40,00",1,1,0,1,20,0,0,0,"9000,00",8,0,1,202005,0,5,"9000,00"
202005,4,43,431490,J,6201501,-1,317110,101,11,33,"44,00",1,1,0,1,40,0,0,0,"7150,08",3,0,1,202005,0,5,"7150,08"
202005,4,43,431490,J,6204000,-1,317110,101,9,27,"44,00",6,1,0,1,40,0,0,0,"2500,00",5,0,1,202005,0,5,"2500,00"
202005,4,43,431490,J,6201501,-1,142510,101,9,38,"40,00",1,1,0,1,31,0,0,0,"8997,12",8,0,1,202005,0,5,"8997,12"
202005,3,35,354990,J,6202300,-1,212405,101,7,33,"40,00",1,1,0,1,40,0,0,0,"1675,56",7,0,1,202005,0,5,"1675,56"
202005,4,41,410480,J,6201501,-1,212405,101,9,29,"44,00",1,1,0,1,31,0,0,0,"2921,10",7,0,1,202005,0,5,"2921,10"
202005,3,35,355030,J,6203100,1,212405,101,80,41,"40,00",1,1,0,1,20,0,0,0,"10141,00",6,0,1,202005,0,5,"10141,00"
202005,3,35,355030,J,6209100,-1,317110,101,9,23,"40,00",1,1,0,1,43,0,0,0,"6000,00",5,0,1,202005,0,5,"6000,00"
202005,4,41,410690,J,6203100,1,212420,101,9,35,"40,00",2,1,0,1,20,0,0,0,"3001,03",8,0,1,202005,0,5,"3001,03"
202005,3,31,317020,J,6202300,1,212410,101,7,25,"44,00",6,3,0,1,20,0,0,9,"2400,00",5,0,1,202005,0,5,"2400,00"
202005,4,41,411520,J,6201501,1,212420,101,7,24,"44,00",1,1,0,1,20,0,0,0,"1800,00",5,0,1,202005,0,5,"1800,00"
202005,4,42,420240,J,6202300,1,317110,101,8,19,"44,00",1,3,0,1,20,0,0,0,"1876,50",7,0,1,202005,0,5,"1876,50"
202005,3,35,355030,J,6311900,-1,317205,101,9,54,"40,00",3,3,0,1,43,0,0,0,"2263,89",6,0,1,202005,0,5,"2263,89"
202005,3,35,355030,J,6201501,-1,317210,101,9,37,"40,00",1,1,0,1,31,0,0,0,"1946,54",10,0,1,202005,0,5,"1946,54"
202005,3,33,330455,J,6201501,-1,317110,101,9,27,"40,00",1,1,0,1,40,0,0,0,"9200,00",8,0,1,202005,0,5,"9200,00"
202005,3,31,310620,J,6201501,1,212405,101,9,27,"44,00",3,1,0,1,20,0,0,0,"9500,00",7,0,1,202005,0,5,"9500,00"
202005,3,35,352250,J,6203100,-1,212420,101,9,37,"40,00",3,3,0,1,31,0,0,0,"1550,00",7,0,1,202005,0,5,"1550,00"
202005,3,35,355030,J,6311900,-1,212420,101,9,35,"40,00",1,3,0,1,40,0,0,0,"7024,21",9,0,1,202005,0,5,"7024,21"
202005,3,35,355030,J,6202300,1,212215,101,9,24,"40,00",6,1,0,1,20,0,0,0,"8000,00",4,0,1,202005,0,5,"8000,00"
202005,5,53,530010,J,6203100,1,212405,101,8,37,"40,00",3,1,0,1,20,0,0,0,"2000,00",4,0,1,202005,0,5,"2000,00"
202005,3,35,355030,J,6201501,-1,212405,101,9,30,"40,00",4,1,0,1,40,0,0,0,"7054,00",8,0,1,202005,0,5,"7054,00"
202005,3,31,313670,J,6202300,-1,317110,101,9,24,"33,00",2,1,0,1,40,0,0,0,"2093,40",1,0,1,202005,0,5,"2093,40"
202005,3,35,355030,J,6204000,-1,317110,101,8,23,"44,00",6,1,0,1,40,0,0,9,"3449,69",10,0,1,202005,0,5,"3449,69"
202005,5,53,530010,J,6201501,1,212405,101,9,23,"40,00",3,1,0,1,20,0,0,0,"1574,10",10,0,1,202005,0,5,"1574,10"
202005,4,42,420240,J,6203100,1,317210,101,8,21,"44,00",1,3,0,1,20,0,0,0,"1800,00",9,0,1,202005,0,5,"1800,00"
202005,4,42,420540,J,6202300,1,317110,101,8,32,"44,00",6,1,0,1,20,0,0,0,"6500,00",10,0,1,202005,0,5,"6500,00"
202005,3,35,355030,J,6201501,1,212405,101,8,44,"40,00",1,1,0,1,20,0,0,0,"13000,01",10,0,1,202005,0,5,"13000,01"
202005,4,42,421660,J,6201501,1,317210,101,7,23,"42,50",6,1,0,1,20,0,0,0,"1390,00",3,0,1,202005,0,5,"1390,00"
202005,3,35,355030,J,6201501,-1,212405,101,9,22,"40,00",1,1,0,1,40,0,0,0,"5500,00",10,0,1,202005,0,5,"5500,00"
202005,3,35,350950,J,6204000,1,317210,101,9,28,"40,00",3,1,0,1,20,0,0,0,"1678,00",10,0,1,202005,0,5,"1678,00"
202005,4,43,431490,J,6209100,-1,212420,101,8,54,"44,00",1,1,0,1,31,0,0,0,"3500,00",5,0,1,202005,0,5,"3500,00"
202005,4,43,430510,J,6203100,1,212315,101,9,48,"44,00",1,1,0,1,20,0,0,9,"3800,00",7,0,1,202005,0,5,"3800,00"
202005,3,35,355030,J,6202300,1,212405,101,8,23,"40,00",3,1,0,1,20,0,0,0,"11500,00",9,0,1,202005,0,5,"11500,00"
202005,5,50,500270,J,6201501,-1,212405,101,9,24,"44,00",6,1,0,1,40,0,0,0,"2010,69",7,0,1,202005,0,5,"2010,69"
202005,3,33,330455,J,6204000,-1,212405,101,9,37,"40,00",1,1,0,1,40,0,0,0,"7500,00",5,0,1,202005,0,5,"7500,00"
202005,2,23,230440,J,6202300,1,317205,101,7,39,"44,00",3,1,0,1,20,0,0,0,"2311,54",4,0,1,202005,0,5,"2311,54"
202005,3,35,350950,J,6204000,1,212215,101,9,45,"40,00",6,1,0,1,20,0,0,0,"1675,66",3,0,1,202005,0,5,"1675,66"
202005,4,42,420930,J,6202300,-1,317210,101,9,30,"44,00",1,1,0,1,31,0,0,0,"3405,18",8,0,1,202005,0,5,"3405,18"
202005,3,35,352690,J,6202300,-1,317110,101,8,20,"40,00",3,1,0,1,31,0,0,0,"2276,95",7,0,1,202005,0,5,"2276,95"
202005,3,31,317020,J,6204000,1,142520,101,8,31,"40,00",2,1,0,1,20,0,0,0,"4200,00",8,0,1,202005,0,5,"4200,00"
202005,3,35,355030,J,6204000,-1,212420,101,8,33,"40,00",1,1,0,1,31,0,0,0,"1620,00",6,0,1,202005,0,5,"1620,00"
202005,3,35,350570,J,6204000,1,317110,101,80,44,"40,00",6,1,0,1,20,0,0,0,"8250,00",9,0,1,202005,0,5,"8250,00"
202005,4,43,431490,J,6204000,-1,317210,101,7,31,"36,00",1,1,0,1,31,0,0,0,"1381,64",8,0,1,202005,0,5,"1381,64"
202005,3,35,355030,J,6204000,-1,212405,101,80,41,"40,00",1,1,0,1,31,0,0,0,"6500,00",7,0,1,202005,0,5,"6500,00"
202005,3,35,354780,J,6209100,-1,212405,101,9,25,"40,00",1,1,0,1,31,0,0,0,"6416,98",6,0,1,202005,0,5,"6416,98"
202005,3,35,355030,J,6209100,1,212405,101,80,33,"40,00",1,3,0,1,20,0,0,0,"10000,00",5,0,1,202005,0,5,"10000,00"
202005,3,33,330455,J,6204000,1,212405,101,9,23,"40,00",3,1,0,1,20,0,0,0,"2200,00",9,0,1,202005,0,5,"2200,00"
202005,3,35,355030,J,6201501,-1,317110,101,9,24,"40,00",1,3,0,1,31,0,0,0,"6067,87",7,0,1,202005,0,5,"6067,87"
202005,3,35,355030,J,6203100,-1,212420,101,9,31,"40,00",3,1,0,1,40,0,0,0,"6695,00",10,0,1,202005,0,5,"6695,00"
202005,3,31,310620,J,6204000,1,212405,101,8,36,"40,00",1,1,0,1,20,0,0,0,"6000,00",7,0,1,202005,0,5,"6000,00"
202005,3,35,354870,J,6201501,-1,317210,101,8,28,"40,00",1,1,0,1,40,0,0,0,"2004,86",8,0,1,202005,0,5,"2004,86"
202005,3,35,355030,J,6204000,1,212305,101,9,34,"44,00",2,1,0,1,20,0,0,9,"16000,00",8,0,1,202005,0,5,"16000,00"
202005,4,43,431410,J,6201501,-1,317110,101,9,38,"40,00",2,1,0,1,40,0,0,0,"8558,76",9,0,1,202005,0,5,"8558,76"
202005,3,35,355030,J,6204000,-1,317110,101,9,23,"40,00",1,1,0,1,40,0,0,0,"5000,00",4,0,1,202005,0,5,"5000,00"
202005,4,43,431490,J,6311900,-1,317210,101,8,31,"44,00",1,1,0,1,31,0,0,0,"1900,00",7,0,1,202005,0,5,"1900,00"
202005,4,41,410690,J,6204000,-1,212405,101,7,44,"44,00",6,3,0,1,40,0,0,9,"5399,65",8,0,1,202005,0,5,"5399,65"
202005,3,35,355030,J,6204000,1,212405,101,9,23,"44,00",3,1,0,1,20,0,0,9,"6000,00",10,0,1,202005,0,5,"6000,00"
202005,3,35,355030,J,6203100,-1,317110,101,7,20,"40,00",6,1,0,1,31,0,0,0,"6000,00",7,0,1,202005,0,5,"6000,00"
202005,3,35,350570,J,6209100,1,317110,101,9,28,"40,00",6,1,0,1,20,0,0,0,"5600,00",8,0,1,202005,0,5,"5600,00"
202005,2,23,230440,J,6201501,-1,212405,101,9,34,"40,00",1,1,0,1,40,0,0,0,"4307,87",6,0,1,202005,0,5,"4307,87"
202005,5,52,520870,J,6204000,-1,317110,101,9,29,"44,00",6,1,0,1,31,0,0,0,"3686,11",7,0,1,202005,0,5,"3686,11"
202005,3,35,355030,J,6202300,-1,212405,101,9,41,"40,00",1,1,0,1,40,0,0,0,"6700,00",3,0,1,202005,0,5,"6700,00"
202005,3,35,355030,J,6201501,-1,212405,101,8,30,"40,00",1,1,0,1,31,0,0,0,"9026,10",10,0,1,202005,0,5,"9026,10"
202005,4,41,411520,J,6203100,-1,317110,101,7,31,"44,00",1,1,0,1,31,0,0,0,"4630,00",5,0,1,202005,0,5,"4630,00"
202005,3,35,354730,J,6204000,-1,317110,101,80,39,"40,00",2,1,0,1,31,0,0,0,"7611,90",9,0,1,202005,0,5,"7611,90"
202005,4,41,410690,J,6201501,-1,317110,101,80,43,"40,00",1,1,0,1,31,0,0,0,"3708,90",9,0,1,202005,0,5,"3708,90"
202005,4,41,411850,J,6203100,-1,212420,101,7,29,"44,00",6,1,0,1,40,0,0,0,"1554,75",7,0,1,202005,0,5,"1554,75"
202005,3,32,320530,J,6209100,-1,212310,101,7,25,"56,00",1,3,0,1,40,0,0,0,"2403,73",7,0,1,202005,0,5,"2403,73"
202005,3,35,350570,J,6209100,-1,212405,101,11,24,"40,00",1,1,0,1,40,0,0,0,"3860,28",9,0,1,202005,0,5,"3860,28"
202005,3,35,350320,J,6204000,-1,212405,101,9,23,"40,00",1,1,0,1,40,0,0,0,"7784,60",8,0,1,202005,0,5,"7784,60"
202005,3,31,317020,J,6204000,1,317110,101,8,21,"44,00",1,1,0,1,20,0,0,0,"1464,19",8,0,1,202005,0,5,"1464,19"
202005,3,35,355030,J,6201501,1,212405,101,8,19,"40,00",1,1,0,1,20,0,0,0,"1800,00",5,0,1,202005,0,5,"1800,00"
202005,2,23,231240,J,6204000,1,212405,101,9,32,"40,00",6,1,0,1,20,0,0,0,"5500,00",5,0,1,202005,0,5,"5500,00"
202005,2,26,261160,J,6311900,-1,212405,101,6,24,"30,00",3,1,0,1,31,0,0,0,"3219,78",4,0,1,202005,0,5,"3219,78"
202005,4,41,410690,J,6201501,-1,317110,101,7,25,"40,00",1,1,0,1,31,0,0,0,"3200,00",9,0,1,202005,0,5,"3200,00"
202005,3,31,310620,J,6201501,-1,212405,101,9,28,"40,00",1,1,0,1,40,0,0,0,"8000,00",9,0,1,202005,0,5,"8000,00"
202005,3,31,310620,J,6209100,1,317205,101,7,22,"44,00",3,1,0,1,20,0,0,0,"1188,57",10,0,1,202005,0,5,"1188,57"
202005,3,35,355030,J,6204000,-1,212405,101,9,51,"40,00",1,3,0,1,31,0,0,0,"9335,75",10,0,1,202005,0,5,"9335,75"
202005,2,29,292740,J,6202300,1,212405,101,7,23,"40,00",6,1,0,1,20,0,0,0,"4125,00",4,0,1,202005,0,5,"4125,00"
202005,3,35,355030,J,6201501,-1,212405,101,8,37,"40,00",1,1,0,1,40,0,0,0,"12761,77",10,0,1,202005,0,5,"12761,77"
202005,3,35,355030,J,6209100,1,212410,101,9,33,"40,00",1,3,0,1,20,0,0,0,"5500,00",7,0,1,202005,0,5,"5500,00"
202005,3,35,350600,J,6202300,-1,212405,101,9,31,"44,00",6,1,0,1,40,0,0,0,"2254,23",4,0,1,202005,0,5,"2254,23"
202005,4,43,431490,J,6209100,-1,212420,101,8,45,"44,00",1,1,0,1,43,0,0,0,"1919,74",4,0,1,202005,0,5,"1919,74"
202005,4,43,431490,J,6202300,-1,212420,101,8,36,"44,00",1,3,0,1,31,0,0,0,"1945,87",7,0,1,202005,0,5,"1945,87"
202005,3,35,352690,J,6209100,-1,212405,101,7,19,"44,00",1,3,0,1,31,0,0,0,"1358,00",2,0,1,202005,0,5,"1358,00"
202005,3,35,350950,J,6209100,-1,142520,101,7,31,"44,00",1,1,0,1,31,0,0,0,"4331,54",5,0,1,202005,0,5,"4331,54"
202005,3,31,310620,J,6201501,1,212215,101,9,40,"40,00",3,1,0,1,20,0,0,0,"10000,00",6,0,1,202005,0,5,"10000,00"
202005,3,35,355030,J,6203100,1,212405,101,9,35,"40,00",1,1,0,1,20,0,0,0,"8500,00",7,0,1,202005,0,5,"8500,00"
202005,2,29,292740,J,6201501,-1,212405,101,9,34,"40,00",3,1,0,1,40,0,0,0,"1862,77",8,0,1,202005,0,5,"1862,77"
202005,3,35,355030,J,6204000,-1,212420,101,9,34,"40,00",1,1,0,1,43,0,0,0,"8200,00",7,0,1,202005,0,5,"8200,00"
202005,3,33,330455,J,6204000,1,212420,101,8,43,"44,00",3,1,0,1,20,0,0,9,"4000,00",8,0,1,202005,0,5,"4000,00"
202005,4,42,420420,J,6202300,-1,212420,101,9,25,"44,00",1,1,0,1,31,0,0,0,"1346,00",7,0,1,202005,0,5,"1346,00"
202005,3,35,354340,J,6202300,-1,212420,101,9,26,"40,00",1,3,0,1,31,0,0,0,"2500,00",5,0,1,202005,0,5,"2500,00"
202005,3,35,354850,J,6202300,-1,317210,101,9,25,"40,00",6,1,0,1,31,0,0,0,"5281,14",3,0,1,202005,0,5,"5281,14"
202005,4,42,420540,J,6204000,1,212405,101,7,35,"40,00",1,1,0,1,20,0,0,0,"8053,80",5,0,1,202005,0,5,"8053,80"
202005,3,31,310620,J,6201501,-1,212405,101,7,29,"40,00",1,1,0,1,40,0,0,0,"4500,00",8,0,1,202005,0,5,"4500,00"
202005,3,35,350950,J,6204000,1,212315,101,9,29,"40,00",1,3,0,1,20,0,0,0,"2800,00",4,0,1,202005,0,5,"2800,00"
202005,3,33,330455,J,6204000,1,317210,101,7,27,"40,00",1,1,0,1,20,0,0,0,"2453,24",6,0,1,202005,0,5,"2453,24"
202005,4,43,431490,J,6201501,-1,212405,101,9,33,"40,00",1,1,0,1,40,0,0,0,"5500,00",5,0,1,202005,0,5,"5500,00"
202005,3,35,355030,J,6201501,-1,212405,101,9,61,"40,00",1,1,0,1,31,0,0,0,"6489,80",10,0,1,202005,0,5,"6489,80"
202005,3,35,350570,J,6201501,-1,212305,101,9,32,"40,00",1,1,0,1,31,0,0,0,"1800,00",7,0,1,202005,0,5,"1800,00"
202005,4,41,410690,J,6203100,1,212405,101,9,27,"40,00",1,1,0,1,20,0,0,0,"6800,00",7,0,1,202005,0,5,"6800,00"
202005,2,23,230730,J,6201501,1,317110,101,9,36,"44,00",1,1,0,1,20,0,0,0,"3500,00",5,0,1,202005,0,5,"3500,00"
202005,3,35,355030,J,6202300,-1,317205,101,7,20,"40,00",1,1,0,1,31,0,0,0,"1675,56",2,0,1,202005,0,5,"1675,56"
202005,3,31,310620,J,6204000,1,212420,101,7,34,"40,00",3,1,0,1,20,0,0,0,"1584,69",7,0,1,202005,0,5,"1584,69"
202005,3,35,355030,J,6201501,-1,212405,101,9,28,"40,00",1,1,0,1,31,0,0,0,"12000,00",7,0,1,202005,0,5,"12000,00"
202005,4,43,431870,J,6202300,1,212405,101,8,24,"44,00",1,1,0,1,20,0,0,0,"2591,00",8,0,1,202005,0,5,"2591,00"
202005,3,35,355030,J,6204000,1,142520,101,7,25,"40,00",3,1,0,1,20,0,0,0,"5000,00",6,0,1,202005,0,5,"5000,00"
202005,3,35,355030,J,6201501,1,212420,101,9,34,"40,00",6,1,0,1,20,0,0,0,"7500,00",9,0,1,202005,0,5,"7500,00"
202005,3,35,350570,J,6203100,1,212405,101,9,31,"40,00",1,1,0,1,20,0,0,0,"6000,00",9,0,1,202005,0,5,"6000,00"
202005,3,35,355030,J,6201501,-1,212415,101,9,37,"40,00",6,1,0,1,31,0,0,0,"4797,00",7,0,1,202005,0,5,"4797,00"
202005,2,23,230440,J,6201501,1,212405,101,9,34,"44,00",3,1,0,1,20,0,0,0,"4000,00",8,0,1,202005,0,5,"4000,00"
202005,5,53,530010,J,6203100,1,212405,101,9,40,"40,00",6,3,0,1,20,0,0,0,"6424,35",7,0,1,202005,0,5,"6424,35"
202005,2,23,230440,J,6204000,-1,317205,101,7,20,"36,00",3,1,0,1,31,0,0,0,"1300,00",8,0,1,202005,0,5,"1300,00"
202005,3,35,355030,J,6201501,-1,212405,101,9,40,"40,00",1,1,0,1,40,0,0,0,"9076,23",10,0,1,202005,0,5,"9076,23"
202005,3,35,352470,J,6201501,-1,317110,101,11,30,"40,00",1,1,0,1,40,0,0,0,"10000,00",10,0,1,202005,0,5,"10000,00"
202005,3,35,355030,J,6202300,-1,212405,101,9,29,"40,00",1,1,0,1,40,0,0,0,"7800,00",7,0,1,202005,0,5,"7800,00"
202005,3,35,355030,J,6203100,1,212405,101,9,27,"44,00",1,3,0,1,20,0,0,9,"6371,00",10,0,1,202005,0,5,"6371,00"
202005,3,35,355030,J,6201501,-1,212415,101,80,33,"40,00",6,1,0,1,31,0,0,0,"7000,00",7,0,1,202005,0,5,"7000,00"
202005,3,31,310620,J,6204000,1,212405,101,9,31,"40,00",3,1,0,1,20,0,0,0,"11000,00",7,0,1,202005,0,5,"11000,00"
202005,3,33,330455,J,6204000,1,212420,101,9,22,"40,00",2,3,0,1,20,0,0,0,"2519,80",6,0,1,202005,0,5,"2519,80"
202005,3,33,330455,J,6201501,-1,212420,101,9,31,"40,00",3,3,0,1,31,0,0,0,"3180,34",8,0,1,202005,0,5,"3180,34"
202005,3,35,355030,J,6201501,-1,212405,101,9,64,"40,00",1,1,0,1,31,0,0,0,"2541,41",6,0,1,202005,0,5,"2541,41"
202005,4,41,410690,J,6201501,1,317110,101,8,30,"40,00",3,1,0,1,20,0,0,0,"3000,00",7,0,1,202005,0,5,"3000,00"
202005,4,43,430700,J,6203100,1,317210,101,7,18,"44,00",1,3,0,1,20,0,0,0,"1250,00",3,0,1,202005,0,5,"1250,00"
202005,3,33,330455,J,6204000,1,317110,101,9,52,"40,00",1,1,0,1,20,0,0,0,"8000,00",9,0,1,202005,0,5,"8000,00"
202005,3,35,355030,J,6311900,1,317210,101,6,23,"40,00",6,1,0,1,20,0,0,0,"1680,00",1,0,1,202005,0,5,"1680,00"
202005,3,35,355030,J,6209100,-1,142520,101,9,37,"40,00",1,1,0,1,31,0,0,0,"4905,77",7,0,1,202005,0,5,"4905,77"
202005,2,26,261160,J,6202300,1,212315,101,9,48,"44,00",6,1,0,1,20,0,0,0,"4000,00",4,0,1,202005,0,5,"4000,00"
202005,5,52,520870,J,6204000,-1,212405,101,9,25,"44,00",1,3,0,1,90,0,0,0,"4397,85",8,0,1,202005,0,5,"4397,85"
202005,3,35,355030,J,6202300,-1,212420,101,8,38,"40,00",1,1,0,1,31,0,0,0,"2029,63",5,0,1,202005,0,5,"2029,63"
202005,3,31,310670,J,6311900,1,317110,101,8,22,"40,00",6,1,0,1,20,0,0,0,"2260,06",6,0,1,202005,0,5,"2260,06"
202005,3,32,320470,J,6209100,-1,317210,101,8,27,"44,00",3,1,0,1,31,0,0,0,"1193,91",5,0,1,202005,0,5,"1193,91"
202005,3,35,354730,J,6209100,1,212420,101,11,39,"40,00",6,1,0,1,20,0,0,0,"1841,52",10,0,1,202005,0,5,"1841,52"
202005,3,35,352930,J,6201501,1,212405,101,8,26,"40,00",2,1,0,1,20,0,0,0,"1800,00",5,0,1,202005,0,5,"1800,00"
202005,3,35,355030,J,6204000,-1,212405,101,9,27,"40,00",1,3,0,1,31,0,0,0,"3534,91",8,0,1,202005,0,5,"3534,91"
202005,3,33,330455,J,6203100,-1,212420,101,9,41,"40,00",1,1,0,1,31,0,0,0,"8974,44",3,0,1,202005,0,5,"8974,44"
202005,3,31,310620,J,6204000,-1,317210,101,80,26,"44,00",6,1,0,1,31,0,0,0,"3608,22",3,0,1,202005,0,5,"3608,22"
202005,1,17,170210,J,6204000,1,212415,101,8,19,"44,00",1,1,0,1,10,0,0,0,"1045,00",1,0,1,202005,0,5,"1045,00"
202005,3,31,317020,J,6203100,-1,212405,101,8,22,"30,00",6,1,0,1,40,0,0,0,"1841,33",6,0,1,202005,0,5,"1841,33"
202005,3,35,355030,J,6201501,-1,142520,101,9,49,"40,00",1,3,0,1,31,0,0,0,"8500,00",10,0,1,202005,0,5,"8500,00"
202005,1,13,130260,J,6201501,-1,317110,101,80,31,"44,00",1,1,0,1,40,0,0,0,"6000,00",8,0,1,202005,0,5,"6000,00"
202005,4,41,410690,J,6201501,-1,142510,101,9,30,"40,00",1,1,0,1,31,0,0,0,"6722,67",9,0,1,202005,0,5,"6722,67"
202005,3,35,350570,J,6209100,1,317105,101,9,22,"40,00",6,1,0,1,20,0,0,0,"2000,00",10,0,1,202005,0,5,"2000,00"
202005,4,41,410690,J,6209100,1,212420,101,9,28,"40,00",4,1,0,1,20,0,0,0,"3449,59",7,0,1,202005,0,5,"3449,59"
202005,2,23,230440,J,6204000,-1,317110,101,9,25,"44,00",3,1,0,1,31,0,0,0,"1641,15",8,0,1,202005,0,5,"1641,15"
202005,4,42,420240,J,6202300,-1,317110,101,9,27,"44,00",1,1,0,1,40,0,0,0,"4598,13",7,0,1,202005,0,5,"4598,13"
202005,2,29,292740,J,6311900,-1,317210,101,7,33,"40,00",3,1,0,1,31,0,0,0,"1182,46",7,0,1,202005,0,5,"1182,46"
202005,4,41,411530,J,6203100,-1,317210,101,8,29,"44,00",6,1,0,1,31,0,0,0,"2300,00",4,0,1,202005,0,5,"2300,00"
202005,3,35,355030,J,6201501,1,212420,101,8,22,"40,00",3,1,0,1,20,0,0,0,"6500,00",10,0,1,202005,0,5,"6500,00"
202005,3,35,355030,J,6203100,-1,317110,101,7,27,"40,00",1,3,0,1,40,0,0,0,"4896,00",9,0,1,202005,0,5,"4896,00"
202005,4,42,420540,J,6311900,1,212405,101,9,35,"42,00",1,1,0,1,20,0,0,0,"8000,00",8,0,1,202005,0,5,"8000,00"
202005,3,35,350950,J,6204000,-1,212410,101,9,45,"40,00",1,1,0,1,31,0,0,0,"3425,26",10,0,1,202005,0,5,"3425,26"
202005,3,31,317020,J,6209100,-1,212405,101,9,23,"44,00",6,1,0,1,40,0,0,0,"2200,00",5,0,1,202005,0,5,"2200,00"
202005,3,31,310620,J,6202300,1,212420,101,9,28,"40,00",6,1,0,1,20,0,0,0,"1630,00",7,0,1,202005,0,5,"1630,00"
202005,3,31,317020,J,6202300,1,317110,101,9,47,"44,00",1,1,0,1,20,0,0,0,"4000,00",6,0,1,202005,0,5,"4000,00"
202005,4,43,431490,J,6202300,-1,212420,101,8,34,"42,50",2,1,0,1,31,0,0,0,"2655,12",4,0,1,202005,0,5,"2655,12"
202005,3,33,330455,J,6201501,-1,212420,101,9,30,"40,00",1,1,0,1,31,0,0,0,"1263,04",9,0,1,202005,0,5,"1263,04"
202005,3,35,350570,J,6204000,1,317110,101,9,28,"40,00",6,3,0,1,20,0,0,0,"3500,00",9,0,1,202005,0,5,"3500,00"
202005,3,35,350570,J,6204000,1,317110,101,9,53,"40,00",6,1,0,1,20,0,0,0,"9000,00",9,0,1,202005,0,5,"9000,00"
202005,3,35,353440,J,6201501,-1,212405,101,9,33,"40,00",1,1,0,1,31,0,0,0,"13500,00",9,0,1,202005,0,5,"13500,00"
202005,3,31,313130,J,6202300,-1,212420,101,7,40,"48,00",1,1,0,1,31,0,0,0,"3059,00",5,0,1,202005,0,5,"3059,00"
202005,2,29,292740,J,6311900,-1,317210,101,7,31,"40,00",3,1,0,1,31,0,0,0,"1182,46",7,0,1,202005,0,5,"1182,46"
202005,3,33,330455,J,6204000,-1,212420,101,9,29,"28,75",3,3,0,1,40,0,0,0,"1374,27",7,0,1,202005,0,5,"1374,27"
202005,3,31,310620,J,6204000,-1,212405,101,9,39,"40,00",1,1,0,1,31,0,0,0,"12507,62",5,0,1,202005,0,5,"12507,62"
202005,3,35,350570,J,6201501,-1,212405,101,8,20,"40,00",3,1,0,1,31,0,0,0,"1050,00",1,0,1,202005,0,5,"1050,00"
202005,3,35,355030,J,6201501,1,212420,101,9,38,"40,00",6,1,0,1,20,0,0,0,"8500,00",9,0,1,202005,0,5,"8500,00"
202005,3,35,355030,J,6201501,1,212405,101,9,26,"40,00",1,1,0,1,20,0,0,0,"8000,00",8,0,1,202005,0,5,"8000,00"
202005,4,42,420750,J,6209100,-1,317210,101,8,24,"44,00",6,1,0,1,31,3,0,0,"1485,00",5,0,1,202005,0,5,"1485,00"
202005,3,35,355030,J,6201501,1,212420,101,9,25,"40,00",1,1,0,1,20,0,0,0,"7000,00",10,0,1,202005,0,5,"7000,00"
202005,3,35,355030,J,6201501,1,317110,101,80,43,"40,00",3,1,0,1,20,0,0,0,"7619,90",10,0,1,202005,0,5,"7619,90"
202005,3,33,330455,J,6201501,1,212405,101,9,30,"40,00",1,1,0,1,20,0,0,0,"15000,00",7,0,1,202005,0,5,"15000,00"
202005,3,35,355030,J,6204000,-1,212405,101,8,24,"44,00",1,1,0,1,40,0,0,0,"1675,56",6,0,1,202005,0,5,"1675,56"
202005,4,41,410690,J,6311900,1,317105,101,8,20,"40,00",6,1,0,1,20,0,0,0,"2000,00",4,0,1,202005,0,5,"2000,00"
202005,3,35,350570,J,6203100,-1,212405,101,9,33,"44,00",3,1,0,1,40,0,0,0,"2100,00",6,0,1,202005,0,5,"2100,00"
202005,3,35,350220,J,6201501,-1,212405,101,8,19,"40,00",1,1,0,1,40,0,0,0,"5000,00",4,0,1,202005,0,5,"5000,00"
202005,3,35,355030,J,6209100,1,212405,101,9,26,"40,00",1,1,0,1,20,0,0,0,"7600,00",8,0,1,202005,0,5,"7600,00"
202005,3,35,355030,J,6201501,-1,317110,101,9,39,"40,00",3,1,0,1,31,0,0,0,"7008,81",10,0,1,202005,0,5,"7008,81"
202005,3,35,355030,J,6201501,1,212405,101,9,57,"40,00",1,1,0,1,20,0,0,0,"14500,00",6,0,1,202005,0,5,"14500,00"
202005,3,31,310620,J,6204000,-1,212405,101,9,38,"40,00",1,1,0,1,31,0,0,0,"3095,00",8,0,1,202005,0,5,"3095,00"
202005,3,35,354780,J,6202300,1,212405,101,9,29,"40,00",3,1,0,1,20,0,0,0,"6000,00",1,0,1,202005,0,5,"6000,00"
202005,4,42,420910,J,6201501,-1,212420,101,8,30,"42,50",6,1,0,1,31,0,0,0,"3328,00",7,0,1,202005,0,5,"3328,00"
202005,2,26,261160,J,6202300,1,212205,101,9,38,"40,00",3,1,0,1,20,0,0,0,"3238,46",6,0,1,202005,0,5,"3238,46"
202005,3,35,354730,J,6204000,-1,212405,101,8,41,"40,00",2,1,0,1,31,0,0,0,"5221,07",9,0,1,202005,0,5,"5221,07"
202005,3,35,355030,J,6201501,1,212405,101,9,28,"40,00",3,3,0,1,20,0,0,0,"7810,00",9,0,1,202005,0,5,"7810,00"
202005,3,32,320530,J,6209100,1,212420,101,9,42,"40,00",6,1,0,1,20,0,0,0,"4921,59",7,0,1,202005,0,5,"4921,59"
202005,3,31,310620,J,6204000,1,212320,101,7,19,"40,00",2,3,0,1,20,0,0,0,"1500,00",7,0,1,202005,0,5,"1500,00"
202005,4,41,410690,J,6204000,-1,212405,101,9,41,"44,00",1,1,0,1,31,0,0,9,"11750,00",7,0,1,202005,0,5,"11750,00"
202005,4,41,411850,J,6203100,-1,212420,101,7,30,"40,00",1,1,0,1,31,0,0,0,"1830,00",6,0,1,202005,0,5,"1830,00"
202005,3,31,317020,J,6201501,1,212405,101,9,39,"44,00",3,1,0,1,20,0,0,0,"6200,00",8,0,1,202005,0,5,"6200,00"
202005,4,41,410690,J,6201501,-1,212405,101,9,35,"40,00",1,3,0,1,40,0,0,0,"8000,00",5,0,1,202005,0,5,"8000,00"
202005,3,35,355030,J,6201501,1,212405,101,9,56,"40,00",1,1,0,1,20,0,0,0,"7500,00",10,0,1,202005,0,5,"7500,00"
202005,5,53,530010,J,6209100,1,212405,101,9,29,"44,00",3,1,0,1,20,0,0,0,"5000,00",8,0,1,202005,0,5,"5000,00"
202005,3,35,354870,J,6311900,-1,212420,101,7,24,"40,00",1,1,0,1,40,0,0,0,"1700,00",6,0,1,202005,0,5,"1700,00"
202005,4,43,431490,J,6311900,1,212405,101,9,36,"40,00",3,1,0,1,20,2,0,0,"6013,86",9,0,1,202005,0,5,"6013,86"
202005,3,35,354980,J,6311900,-1,142520,101,9,54,"40,00",1,1,0,1,31,0,0,0,"2500,00",3,0,1,202005,0,5,"2500,00"
202005,3,35,350950,J,6203100,1,212305,101,9,57,"40,00",1,1,0,1,20,0,0,0,"8498,00",7,0,1,202005,0,5,"8498,00"
202005,3,35,355030,J,6204000,-1,212405,101,9,32,"40,00",1,3,0,1,40,0,0,0,"3652,00",10,0,1,202005,0,5,"3652,00"
202005,4,41,411520,J,6201501,1,142520,101,9,30,"44,00",1,1,0,1,20,0,0,0,"7500,00",8,0,1,202005,0,5,"7500,00"
202005,4,43,431140,J,6209100,-1,317105,101,7,21,"44,00",1,1,0,1,31,0,0,0,"1350,00",3,0,1,202005,0,5,"1350,00"
202005,3,31,310620,J,6201501,-1,142510,101,9,32,"40,00",1,1,0,1,40,0,0,0,"11000,00",7,0,1,202005,0,5,"11000,00"
202005,3,35,350570,J,6204000,1,212410,101,9,48,"40,00",1,3,0,1,20,0,0,0,"11000,00",9,0,1,202005,0,5,"11000,00"
202005,3,35,354340,J,6311900,-1,212215,101,80,28,"40,00",1,1,0,1,40,0,0,0,"6483,82",3,0,1,202005,0,5,"6483,82"
202005,3,35,355030,J,6204000,1,317110,101,9,23,"40,00",1,1,0,1,10,0,0,0,"2750,00",3,0,1,202005,0,5,"2750,00"
202005,3,35,355030,J,6209100,-1,317110,101,9,29,"40,00",1,1,0,1,40,0,0,0,"9000,00",8,0,1,202005,0,5,"9000,00"
202005,3,35,355030,J,6204000,1,212405,101,9,26,"40,00",1,1,0,1,20,0,0,0,"2278,50",6,0,1,202005,0,5,"2278,50"
202005,3,35,355030,J,6202300,1,212405,101,9,54,"40,00",1,1,0,1,20,0,0,0,"5500,00",6,0,1,202005,0,5,"5500,00"
202005,1,17,170210,J,6201501,-1,317210,101,7,35,"44,00",3,1,0,1,31,0,0,0,"2078,00",5,0,1,202005,0,5,"2078,00"
202005,4,43,431850,J,6201501,-1,317110,101,7,26,"44,00",1,1,0,1,31,0,0,0,"2500,00",5,0,1,202005,0,5,"2500,00"
202005,5,53,530010,J,6201501,1,317110,101,80,28,"40,00",1,1,0,1,20,0,0,0,"7000,00",10,0,1,202005,0,5,"7000,00"
202005,3,31,310620,J,6204000,-1,212405,101,9,24,"40,00",3,1,0,1,31,0,0,0,"5075,00",10,0,1,202005,0,5,"5075,00"
202005,3,32,320500,J,6202300,-1,317110,101,7,27,"40,00",3,3,0,1,40,0,0,0,"3500,00",4,0,1,202005,0,5,"3500,00"
202005,3,31,314480,J,6209100,-1,212405,101,9,34,"40,00",3,1,0,1,43,0,0,0,"7500,00",9,0,1,202005,0,5,"7500,00"
202005,3,35,350570,J,6209100,1,212405,101,9,48,"40,00",6,3,0,1,20,0,0,0,"11000,00",10,0,1,202005,0,5,"11000,00"
202005,3,33,330455,J,6201501,1,212310,101,9,34,"40,00",1,1,0,1,20,0,0,0,"2298,05",5,0,1,202005,0,5,"2298,05"
202005,3,33,330455,J,6204000,1,212405,101,9,43,"40,00",3,1,0,1,20,0,0,0,"6094,56",6,0,1,202005,0,5,"6094,56"
202005,2,29,292740,J,6204000,-1,212405,101,80,24,"44,00",3,3,0,1,40,0,0,0,"2228,04",5,0,1,202005,0,5,"2228,04"
202005,3,35,355030,J,6201501,-1,212405,101,9,31,"40,00",6,3,0,1,40,0,0,0,"3514,78",7,0,1,202005,0,5,"3514,78"
202005,3,35,353440,J,6311900,1,317210,101,1,33,"44,00",6,3,0,1,20,0,0,0,"1412,98",8,0,1,202005,0,5,"1412,98"
202005,2,23,230440,J,6203100,-1,212420,101,9,21,"40,00",3,1,0,1,31,0,0,0,"2763,78",7,0,1,202005,0,5,"2763,78"
202005,3,35,355030,J,6201501,1,317110,101,9,44,"40,00",1,1,0,1,20,0,0,0,"8000,00",5,0,1,202005,0,5,"8000,00"
202005,3,31,310620,J,6201501,-1,212405,101,9,30,"44,00",3,1,0,1,31,0,0,0,"13834,50",7,0,1,202005,0,5,"13834,50"
202005,3,35,350010,J,6202300,1,212415,101,9,20,"44,00",6,1,0,1,20,0,0,0,"1675,57",4,0,1,202005,0,5,"1675,57"
202005,4,41,410690,J,6209100,1,212405,101,9,40,"40,00",1,1,0,1,20,0,0,0,"4271,10",9,0,1,202005,0,5,"4271,10"
202005,3,35,355030,J,6201501,1,317205,101,7,37,"40,00",1,1,0,1,20,0,0,0,"1675,56",10,0,1,202005,0,5,"1675,56"
202005,3,35,355030,J,6201501,1,212405,101,9,34,"40,00",4,1,0,1,20,0,0,0,"7500,00",8,0,1,202005,0,5,"7500,00"
202005,3,35,355220,J,6204000,-1,212405,101,9,27,"40,00",1,1,0,1,40,0,0,0,"2760,00",2,0,1,202005,0,5,"2760,00"
202005,1,13,130260,J,6202300,-1,317110,101,7,23,"40,00",6,1,0,1,43,0,0,0,"3000,00",2,0,1,202005,0,5,"3000,00"
202005,3,35,350570,J,6209100,-1,212405,101,9,66,"40,00",4,3,0,1,31,0,0,0,"12090,00",10,0,1,202005,0,5,"12090,00"
202005,3,35,355030,J,6201501,1,212420,101,8,21,"40,00",1,1,0,1,20,0,0,0,"2000,00",5,0,1,202005,0,5,"2000,00"
202005,5,53,530010,J,6203100,-1,212420,101,9,40,"16,00",3,1,0,1,31,0,0,1,"2131,12",8,0,1,202005,0,5,"2131,12"
202005,2,23,230440,J,6201501,-1,212405,101,9,39,"44,00",3,1,0,1,31,0,0,0,"5472,83",8,0,1,202005,0,5,"5472,83"
202005,3,35,355030,J,6201501,1,317110,101,9,50,"44,00",1,1,0,1,20,0,0,0,"2000,00",2,0,1,202005,0,5,"2000,00"
202005,3,31,310620,J,6209100,-1,142530,101,8,34,"44,00",1,1,0,1,31,0,0,0,"3147,20",1,0,1,202005,0,5,"3147,20"
202005,3,35,355030,J,6201501,-1,212405,101,9,26,"40,00",3,1,0,1,40,0,0,0,"6634,55",8,0,1,202005,0,5,"6634,55"
202005,3,35,355030,J,6201501,1,212405,101,9,29,"40,00",1,1,0,1,20,0,0,0,"8700,00",8,0,1,202005,0,5,"8700,00"
202005,4,41,411520,J,6209100,1,317110,101,9,32,"44,00",1,1,0,1,20,0,0,0,"3747,74",5,0,1,202005,0,5,"3747,74"
202005,3,35,354730,J,6209100,1,317110,101,8,56,"40,00",6,1,0,1,20,0,0,0,"6500,00",10,0,1,202005,0,5,"6500,00"
202005,3,35,350570,J,6202300,1,212405,101,8,18,"40,00",1,3,0,1,20,0,0,0,"2500,00",7,0,1,202005,0,5,"2500,00"
202005,3,31,317070,J,6202300,1,212420,101,9,26,"40,00",1,1,0,1,20,0,0,0,"1800,00",6,0,1,202005,0,5,"1800,00"
202005,3,35,350570,J,6203100,1,212405,101,9,26,"40,00",1,1,0,1,20,0,0,0,"4616,00",9,0,1,202005,0,5,"4616,00"
202005,4,43,431680,J,6203100,-1,317210,101,8,19,"44,00",1,3,0,1,31,0,0,0,"1320,00",3,0,1,202005,0,5,"1320,00"
202005,2,23,231240,J,6204000,1,212405,101,9,31,"40,00",6,1,0,1,20,0,0,0,"3800,00",5,0,1,202005,0,5,"3800,00"
202005,4,42,420540,J,6203100,-1,317110,101,8,22,"40,00",2,1,0,1,31,0,0,0,"4000,00",4,0,1,202005,0,5,"4000,00"
202005,3,35,355030,J,6209100,-1,212405,101,9,36,"40,00",1,1,0,1,31,0,0,0,"4670,40",8,0,1,202005,0,5,"4670,40"
202005,3,33,330455,J,6201501,-1,212405,101,9,32,"20,00",1,3,0,1,43,0,0,0,"2020,00",7,0,1,202005,0,5,"2020,00"
202005,3,31,317020,J,6201501,-1,212405,101,9,25,"40,00",3,1,0,1,40,0,0,0,"3042,00",8,0,1,202005,0,5,"3042,00"
202005,3,35,355030,J,6204000,-1,212405,101,9,33,"40,00",1,1,0,1,31,0,0,0,"4500,00",7,0,1,202005,0,5,"4500,00"
202005,4,43,431490,J,6201501,-1,317210,101,7,40,"36,00",1,1,0,1,31,0,0,0,"1200,00",8,0,1,202005,0,5,"1200,00"
202005,5,53,530010,J,6204000,1,212410,101,9,37,"40,00",2,1,0,1,20,0,0,0,"3500,00",1,0,1,202005,0,5,"3500,00"
202005,3,31,310160,J,6201501,-1,212420,101,7,21,"44,00",6,1,0,1,40,0,0,0,"1500,00",4,0,1,202005,0,5,"1500,00"
202005,3,31,310620,J,6209100,1,212405,101,9,47,"37,50",6,1,0,1,20,0,0,0,"8028,06",9,0,1,202005,0,5,"8028,06"
202005,4,42,420540,J,6203100,-1,317210,101,9,24,"44,00",1,1,0,1,31,0,0,0,"1692,24",4,0,1,202005,0,5,"1692,24"
202005,3,35,355030,J,6204000,1,317110,101,8,22,"44,00",1,1,0,1,20,0,0,9,"4000,00",10,0,1,202005,0,5,"4000,00"
202005,3,35,354980,J,6202300,-1,212315,101,7,23,"40,00",1,1,0,1,31,0,0,0,"1734,20",4,0,1,202005,0,5,"1734,20"
202005,3,35,355670,J,6311900,-1,212420,101,9,27,"40,00",6,3,0,1,31,0,0,0,"1944,18",7,0,1,202005,0,5,"1944,18"
202005,4,42,421190,J,6203100,-1,212420,101,9,31,"40,00",1,1,0,1,43,0,0,0,"2200,00",4,0,1,202005,0,5,"2200,00"
202005,2,23,230440,J,6204000,1,317210,101,7,28,"44,00",3,1,0,1,20,0,0,9,"1450,36",9,0,1,202005,0,5,"1450,36"
202005,3,35,350330,J,6202300,-1,317210,101,9,26,"44,00",1,1,0,1,40,0,0,0,"2143,00",4,0,1,202005,0,5,"2143,00"
202005,3,35,355030,J,6201501,-1,212405,101,9,31,"40,00",3,1,0,1,31,0,0,0,"2110,00",8,0,1,202005,0,5,"2110,00"
202005,3,35,355030,J,6201501,-1,212410,101,9,62,"40,00",1,3,0,1,40,0,0,0,"7392,80",10,0,1,202005,0,5,"7392,80"
202005,3,32,320530,J,6204000,-1,212420,101,80,45,"40,00",3,1,0,1,43,0,0,0,"2781,51",6,0,1,202005,0,5,"2781,51"
202005,5,53,530010,J,6201501,-1,212420,101,11,25,"44,00",3,1,0,1,40,0,0,0,"7376,67",9,0,1,202005,0,5,"7376,67"
202005,4,43,431490,J,6209100,1,212420,101,8,36,"44,00",1,1,0,1,20,0,0,0,"3000,00",3,0,1,202005,0,5,"3000,00"
202005,3,33,330330,J,6203100,1,317210,101,8,38,"36,00",3,1,0,1,20,0,0,0,"1381,46",5,0,1,202005,0,5,"1381,46"
202005,3,35,352530,J,6202300,-1,317210,101,9,29,"44,00",1,1,0,1,31,0,0,0,"1764,81",5,0,1,202005,0,5,"1764,81"
202005,4,41,410690,J,6209100,1,212415,101,8,37,"40,00",3,3,0,1,20,0,0,0,"5700,00",7,0,1,202005,0,5,"5700,00"
202005,3,35,355030,J,6204000,-1,212415,101,9,28,"40,00",1,1,0,1,40,0,0,0,"6666,00",8,0,1,202005,0,5,"6666,00"
202005,3,31,310620,J,6204000,-1,212405,101,9,43,"44,00",3,1,0,1,31,0,0,0,"5477,28",6,0,1,202005,0,5,"5477,28"
202005,3,35,355030,J,6204000,1,212405,101,9,27,"40,00",3,3,0,1,20,0,0,0,"8379,70",7,0,1,202005,0,5,"8379,70"
202005,3,35,353440,J,6201501,-1,212420,101,8,40,"40,00",3,3,0,1,40,0,0,0,"3575,75",9,0,1,202005,0,5,"3575,75"
202005,5,53,530010,J,6201501,1,212405,101,8,22,"40,00",3,1,0,1,20,0,0,0,"5200,00",10,0,1,202005,0,5,"5200,00"
202005,3,35,355030,J,6204000,-1,212405,101,9,27,"44,00",1,1,0,1,40,0,0,9,"6135,00",10,0,1,202005,0,5,"6135,00"
202005,3,35,355030,J,6202300,1,212215,101,9,31,"44,00",6,1,0,1,20,0,0,9,"7000,00",4,0,1,202005,0,5,"7000,00"
202005,4,41,410690,J,6203100,1,317210,101,7,33,"40,00",6,3,0,1,20,0,0,0,"2400,00",5,0,1,202005,0,5,"2400,00"
202005,3,31,310620,J,6209100,1,317205,101,7,56,"44,00",3,3,0,1,20,0,0,0,"1188,57",10,0,1,202005,0,5,"1188,57"
202005,3,31,310620,J,6203100,-1,317110,101,7,24,"40,00",3,3,0,1,40,0,0,0,"2500,00",9,0,1,202005,0,5,"2500,00"
202005,3,35,351860,J,6201501,-1,317210,101,9,30,"44,00",2,3,0,1,31,0,0,9,"1640,00",3,0,1,202005,0,5,"1640,00"
202005,4,42,420240,J,6201501,-1,212420,101,9,35,"40,00",6,1,0,1,40,0,0,0,"4423,24",8,0,1,202005,0,5,"4423,24"
202005,3,31,317010,J,6209100,-1,317210,101,7,37,"43,00",1,3,0,1,31,0,0,0,"2870,53",5,0,1,202005,0,5,"2870,53"
202005,5,53,530010,J,6201501,1,212405,101,8,26,"40,00",1,1,0,1,20,0,0,0,"1574,10",10,0,1,202005,0,5,"1574,10"
202005,3,35,350410,J,6201501,1,212405,101,8,19,"40,00",1,3,0,1,10,0,0,0,"2000,00",6,0,1,202005,0,5,"2000,00"
202005,3,31,310620,J,6204000,-1,212405,101,8,28,"44,00",3,1,0,1,31,0,0,0,"3000,00",3,0,1,202005,0,5,"3000,00"
202005,4,41,410690,J,6202300,1,317110,101,7,32,"44,00",1,1,0,1,20,0,0,0,"1500,00",4,0,1,202005,0,5,"1500,00"
202005,3,35,355030,J,6209100,-1,317210,101,8,37,"36,00",1,3,0,1,33,0,0,0,"1512,57",9,0,1,202005,0,5,"1512,57"
202005,3,35,350950,J,6204000,-1,212410,101,9,39,"40,00",2,1,0,1,31,0,0,0,"1794,71",10,0,1,202005,0,5,"1794,71"
202005,4,43,431490,J,6204000,1,212405,101,9,22,"44,00",1,3,0,1,20,0,0,0,"1800,00",7,0,1,202005,0,5,"1800,00"
202005,3,32,320530,J,6209100,-1,212405,101,9,48,"40,00",6,3,0,1,31,0,0,0,"2977,66",9,0,1,202005,0,5,"2977,66"
202005,3,35,354730,J,6204000,-1,212420,101,9,30,"40,00",1,1,0,1,31,0,0,0,"2703,05",9,0,1,202005,0,5,"2703,05"
202005,3,35,354340,J,6202300,1,317110,101,80,25,"40,00",1,3,0,1,10,0,0,0,"1650,00",1,0,1,202005,0,5,"1650,00"
202005,3,35,355030,J,6311900,-1,212420,101,8,42,"40,00",3,1,0,1,40,0,0,0,"2933,00",9,0,1,202005,0,5,"2933,00"
202005,3,35,350570,J,6201501,1,212405,101,9,33,"40,00",1,1,0,1,20,0,0,0,"9500,00",9,0,1,202005,0,5,"9500,00"
202005,3,35,355030,J,6202300,-1,317210,101,8,32,"44,00",3,1,0,1,31,0,0,9,"2000,00",5,0,1,202005,0,5,"2000,00"
202005,3,35,354730,J,6209100,-1,212405,101,9,30,"40,00",3,1,0,1,31,0,0,0,"6000,00",10,0,1,202005,0,5,"6000,00"
202005,4,43,430640,J,6202300,-1,317110,101,8,33,"44,00",1,1,0,1,31,0,0,0,"2860,00",5,0,1,202005,0,5,"2860,00"
202005,4,42,420240,J,6203100,1,317110,101,8,20,"44,00",1,1,0,1,20,0,0,0,"2800,00",9,0,1,202005,0,5,"2800,00"
202005,3,31,310620,J,6209100,-1,317210,101,7,27,"40,00",1,3,0,1,31,0,0,0,"1750,63",7,0,1,202005,0,5,"1750,63"
202005,3,35,350950,J,6204000,-1,212410,101,9,47,"40,00",1,1,0,1,31,0,0,0,"1758,31",10,0,1,202005,0,5,"1758,31"
202005,3,33,330240,J,6201501,-1,212420,101,7,32,"40,00",3,1,0,1,31,0,0,0,"3559,87",4,0,1,202005,0,5,"3559,87"
202005,3,33,330455,J,6201501,-1,212405,101,8,33,"44,00",2,1,0,1,40,0,0,0,"3290,35",4,0,1,202005,0,5,"3290,35"
202005,3,35,355030,J,6209100,-1,212405,101,8,31,"40,00",6,1,0,1,31,0,0,0,"3534,05",4,0,1,202005,0,5,"3534,05"
202005,2,25,250750,J,6201501,-1,212405,101,9,38,"44,00",1,1,0,1,40,0,0,0,"6000,00",7,0,1,202005,0,5,"6000,00"
202005,3,35,350570,J,6201501,-1,212405,101,8,28,"40,00",1,3,0,1,31,0,0,0,"2233,00",8,0,1,202005,0,5,"2233,00"
202005,3,35,354340,J,6201501,-1,317110,101,9,32,"40,00",6,1,0,1,40,0,0,0,"5152,02",5,0,1,202005,0,5,"5152,02"
202005,3,35,355030,J,6204000,1,212405,101,9,36,"40,00",6,1,0,1,20,0,0,0,"7000,00",6,0,1,202005,0,5,"7000,00"
202005,3,35,355030,J,6204000,-1,317110,101,8,21,"40,00",1,1,0,1,40,0,0,0,"5000,00",7,0,1,202005,0,5,"5000,00"
202005,5,51,510340,J,6202300,-1,212405,101,9,55,"40,00",4,1,0,1,40,0,0,0,"35462,22",8,0,1,202005,0,5,"35462,22"
202005,3,32,320530,J,6201501,-1,317110,101,9,27,"44,00",1,1,0,1,40,0,0,9,"2300,00",5,0,1,202005,0,5,"2300,00"
202005,3,33,330455,J,6204000,-1,317110,101,8,30,"40,00",3,1,0,1,31,0,0,0,"2098,79",7,0,1,202005,0,5,"2098,79"
202005,3,35,354340,J,6201501,1,212420,101,8,23,"40,00",1,3,0,1,20,0,0,0,"1988,51",6,0,1,202005,0,5,"1988,51"
202005,3,33,330455,J,6204000,1,212405,101,9,39,"40,00",1,1,0,1,20,0,0,0,"6412,27",6,0,1,202005,0,5,"6412,27"
202005,3,35,350570,J,6201501,-1,212405,101,9,34,"40,00",1,1,0,1,40,0,0,0,"3000,00",8,0,1,202005,0,5,"3000,00"
202005,2,29,292740,J,6202300,-1,212420,101,9,38,"44,00",6,3,0,1,31,0,0,0,"2865,33",5,0,1,202005,0,5,"2865,33"
202005,3,32,320520,J,6209100,-1,317205,101,7,24,"44,00",1,1,0,1,31,0,0,0,"1251,06",4,0,1,202005,0,5,"1251,06"
202005,5,53,530010,J,6201501,-1,212420,101,7,36,"44,00",6,3,0,1,31,0,0,0,"2575,00",5,0,1,202005,0,5,"2575,00"
202005,3,35,355030,J,6203100,-1,142520,101,9,33,"44,00",3,1,0,1,40,0,0,9,"20070,75",8,0,1,202005,0,5,"20070,75"
202005,3,35,355030,J,6202300,1,142515,101,9,40,"40,00",1,3,0,1,20,0,0,0,"7615,60",5,0,1,202005,0,5,"7615,60"
202005,3,35,355030,J,6201501,1,212405,101,8,24,"40,00",2,1,0,1,10,0,0,0,"6000,00",10,0,1,202005,0,5,"6000,00"
202005,3,35,355030,J,6204000,1,212405,101,9,35,"40,00",1,1,0,1,20,0,0,0,"9000,00",6,0,1,202005,0,5,"9000,00"
202005,3,35,355030,J,6201501,-1,212405,101,9,50,"40,00",1,1,0,1,31,0,0,0,"1681,00",5,0,1,202005,0,5,"1681,00"
202005,3,35,350320,J,6204000,1,212405,101,9,28,"40,00",6,1,0,1,20,0,0,0,"7208,40",8,0,1,202005,0,5,"7208,40"
202005,4,43,431490,J,6311900,1,317205,101,7,28,"30,00",1,1,0,1,20,0,0,0,"2799,57",9,0,1,202005,0,5,"2799,57"
202005,3,33,330340,J,6209100,-1,317210,101,7,28,"48,00",1,3,0,1,31,0,0,0,"1482,69",5,0,1,202005,0,5,"1482,69"
202005,3,35,355030,J,6201501,1,317110,101,8,21,"40,00",3,1,0,1,20,0,0,0,"2720,32",10,0,1,202005,0,5,"2720,32"
202005,3,31,310620,J,6204000,1,212405,101,8,37,"40,00",2,1,0,1,20,0,0,0,"6800,00",7,0,1,202005,0,5,"6800,00"
202005,3,35,350570,J,6209100,-1,212410,101,9,50,"44,00",1,3,0,1,31,0,0,0,"2885,00",2,0,1,202005,0,5,"2885,00"
202005,3,33,330455,J,6201501,-1,212310,101,9,42,"40,00",1,1,0,1,31,0,0,0,"2298,05",5,0,1,202005,0,5,"2298,05"
202005,4,42,420240,J,6202300,-1,317110,101,7,30,"44,00",1,1,0,1,31,0,0,0,"2863,49",7,0,1,202005,0,5,"2863,49"
202005,3,35,350570,J,6204000,1,317110,101,9,55,"40,00",6,1,0,1,20,0,0,0,"7000,00",9,0,1,202005,0,5,"7000,00"
202005,4,42,420910,J,6201501,-1,317110,101,9,31,"44,00",3,1,0,1,31,0,0,0,"7567,66",7,0,1,202005,0,5,"7567,66"
202005,3,31,310620,J,6204000,-1,212405,101,9,37,"30,00",3,1,0,1,31,0,0,0,"3003,57",10,0,1,202005,0,5,"3003,57"
202005,5,53,530010,J,6204000,1,317110,101,7,34,"40,00",6,1,0,1,20,0,0,0,"5500,00",7,0,1,202005,0,5,"5500,00"
202005,3,35,355030,J,6204000,-1,212405,101,9,43,"40,00",6,3,0,1,31,4,0,0,"1675,56",6,0,1,202005,0,5,"1675,56"
202005,3,35,355030,J,6201501,-1,212420,101,80,53,"40,00",1,1,0,1,31,0,0,0,"8000,00",7,0,1,202005,0,5,"8000,00"
202005,3,35,355030,J,6204000,-1,212405,101,9,67,"40,00",4,1,0,1,31,0,0,0,"12600,00",10,0,1,202005,0,5,"12600,00"
202005,3,35,355030,J,6201501,-1,212405,101,9,36,"40,00",1,1,0,1,40,0,0,0,"12201,46",10,0,1,202005,0,5,"12201,46"
202005,1,15,150140,J,6209100,-1,317210,101,9,40,"36,00",3,1,0,1,31,0,0,0,"1612,24",4,0,1,202005,0,5,"1612,24"
202005,3,35,354990,J,6202300,1,212405,101,9,23,"40,00",3,1,0,1,20,0,0,0,"4200,00",4,0,1,202005,0,5,"4200,00"
202005,3,35,355030,J,6202300,-1,317205,101,8,23,"40,00",1,1,0,1,31,0,0,0,"1587,00",4,0,1,202005,0,5,"1587,00"
202005,3,35,352050,J,6204000,-1,212315,101,80,47,"40,00",1,1,0,1,31,0,0,0,"15474,43",5,0,1,202005,0,5,"15474,43"
202005,3,33,330455,J,6204000,1,212405,101,9,49,"40,00",6,1,0,1,20,0,0,0,"4000,00",8,0,1,202005,0,5,"4000,00"
202005,3,35,355030,J,6201501,-1,212405,101,9,48,"40,00",1,1,0,1,31,0,0,0,"7653,00",10,0,1,202005,0,5,"7653,00"
202005,4,42,420910,J,6201501,-1,317110,101,9,28,"42,50",1,1,0,1,31,0,0,0,"3000,00",8,0,1,202005,0,5,"3000,00"
202005,4,41,411520,J,6201501,-1,212420,101,9,29,"44,00",2,1,0,1,31,0,0,0,"1451,81",5,0,1,202005,0,5,"1451,81"
202005,4,41,410690,J,6204000,-1,317110,101,8,42,"40,00",1,1,0,1,31,0,0,0,"3500,00",7,0,1,202005,0,5,"3500,00"
202005,4,41,411370,J,6209100,1,212410,101,9,22,"44,00",1,3,0,1,20,0,0,0,"2000,00",4,0,1,202005,0,5,"2000,00"
202005,3,35,355030,J,6201501,1,212405,101,9,53,"40,00",3,3,0,1,20,0,0,0,"8000,00",10,0,1,202005,0,5,"8000,00"
202005,3,35,355670,J,6311900,-1,317205,101,9,28,"40,00",6,1,0,1,31,0,0,0,"1944,18",7,0,1,202005,0,5,"1944,18"
202005,4,41,410690,J,6203100,1,317110,101,9,42,"40,00",1,1,0,1,20,0,0,0,"6300,00",6,0,1,202005,0,5,"6300,00"
202005,4,41,410690,J,6202300,1,212405,101,8,32,"40,00",1,1,0,1,20,0,0,0,"5300,00",4,0,1,202005,0,5,"5300,00"
202005,3,35,355030,J,6201501,1,212405,101,9,29,"40,00",1,1,0,1,20,0,0,0,"8000,00",6,0,1,202005,0,5,"8000,00"
202005,3,35,352530,J,6202300,-1,317210,101,7,25,"44,00",6,1,0,1,31,0,0,0,"2485,46",5,0,1,202005,0,5,"2485,46"
202005,3,33,330455,J,6201501,-1,142520,101,9,32,"40,00",1,1,0,1,31,0,0,0,"11500,00",8,0,1,202005,0,5,"11500,00"
202005,3,35,355030,J,6204000,1,317110,101,9,23,"44,00",1,3,0,1,20,0,0,9,"4000,00",10,0,1,202005,0,5,"4000,00"
202005,1,17,170210,J,6204000,1,212415,101,8,25,"44,00",3,1,0,1,20,0,0,0,"2069,29",1,0,1,202005,0,5,"2069,29"
202005,2,29,292740,J,6204000,-1,212420,101,9,38,"44,00",6,3,0,1,31,0,0,0,"3138,96",6,0,1,202005,0,5,"3138,96"
202005,5,53,530010,J,6203100,1,212405,101,9,28,"44,00",2,1,0,1,20,0,0,0,"2519,00",8,0,1,202005,0,5,"2519,00"
202005,3,35,355030,J,6204000,-1,212405,101,80,27,"40,00",1,1,0,1,40,0,0,0,"9822,00",6,0,1,202005,0,5,"9822,00"
202005,3,35,355030,J,6202300,1,212420,101,9,25,"40,00",6,1,0,1,20,0,0,0,"1675,56",5,0,1,202005,0,5,"1675,56"
202005,3,35,355030,J,6203100,-1,212405,101,9,34,"40,00",6,3,0,1,31,0,0,0,"4500,00",7,0,1,202005,0,5,"4500,00"
202005,4,43,430210,J,6202300,-1,317205,101,9,39,"41,00",1,1,0,1,31,0,0,0,"2870,00",5,0,1,202005,0,5,"2870,00"
202005,3,35,350950,J,6201501,-1,212405,101,9,29,"40,00",6,1,0,1,31,0,0,0,"2363,00",4,0,1,202005,0,5,"2363,00"
202005,3,35,355030,J,6201501,1,212405,101,7,24,"40,00",1,1,0,1,20,0,0,0,"5500,00",10,0,1,202005,0,5,"5500,00"
202005,3,35,350950,J,6201501,-1,317210,101,7,36,"40,00",1,1,0,1,40,0,0,0,"1675,56",7,0,1,202005,0,5,"1675,56"
202005,5,50,500270,J,6202300,1,317205,101,8,20,"44,00",3,3,0,1,20,0,0,0,"1200,00",5,0,1,202005,0,5,"1200,00"
202005,3,35,355030,J,6201501,1,212405,101,7,26,"40,00",3,1,0,1,20,0,0,0,"13000,00",8,0,1,202005,0,5,"13000,00"
202005,2,29,292740,J,6202300,-1,212420,101,9,50,"44,00",6,1,0,1,31,0,0,0,"6084,00",5,0,1,202005,0,5,"6084,00"
202005,3,35,352470,J,6201501,-1,317110,101,80,46,"40,00",6,1,0,1,40,0,0,0,"3500,00",10,0,1,202005,0,5,"3500,00"
202005,3,31,312230,J,6209100,-1,142530,101,7,64,"44,00",1,1,0,1,31,0,0,0,"2993,69",4,0,1,202005,0,5,"2993,69"
202005,3,33,330455,J,6209100,-1,317110,101,9,49,"40,00",1,1,0,1,43,0,0,0,"10482,00",2,0,1,202005,0,5,"10482,00"
202005,3,31,310620,J,6202300,1,212405,101,9,39,"40,00",6,1,0,1,20,0,0,0,"7226,17",7,0,1,202005,0,5,"7226,17"
202005,5,53,530010,J,6204000,1,212410,101,8,24,"40,00",3,1,0,1,20,0,0,0,"1800,00",1,0,1,202005,0,5,"1800,00"
202005,3,35,355030,J,6201501,-1,212405,101,8,30,"40,00",3,1,0,1,40,0,0,0,"7126,13",9,0,1,202005,0,5,"7126,13"
202005,3,32,320530,J,6201501,-1,212405,101,8,27,"40,00",3,1,0,1,43,0,0,0,"1850,00",7,0,1,202005,0,5,"1850,00"
202005,3,35,355030,J,6201501,1,317110,101,9,27,"40,00",3,1,0,1,20,0,0,0,"6067,87",7,0,1,202005,0,5,"6067,87"
202005,3,35,354730,J,6204000,-1,212420,101,8,34,"40,00",1,1,0,1,31,0,0,0,"2918,89",9,0,1,202005,0,5,"2918,89"
202005,3,35,350570,J,6209100,1,142520,101,9,42,"40,00",6,1,0,1,20,0,0,0,"15000,00",10,0,1,202005,0,5,"15000,00"
202005,3,35,355030,J,6201501,1,212405,101,8,24,"40,00",2,1,0,1,20,0,0,0,"1800,00",5,0,1,202005,0,5,"1800,00"
202005,3,35,350570,J,6201501,-1,317110,101,9,55,"40,00",1,1,0,1,31,0,0,0,"7508,14",5,0,1,202005,0,5,"7508,14"
202005,2,24,240810,J,6209100,1,212410,101,80,25,"44,00",6,1,0,1,20,0,0,0,"2000,00",3,0,1,202005,0,5,"2000,00"
202005,4,41,410690,J,6311900,1,317105,101,9,31,"40,00",6,3,0,1,20,0,0,0,"2200,00",4,0,1,202005,0,5,"2200,00"
202005,3,31,317010,J,6201501,1,212405,101,7,27,"44,00",6,1,0,1,20,0,0,0,"1539,43",3,0,1,202005,0,5,"1539,43"
202005,3,35,355030,J,6201501,-1,212405,101,9,30,"40,00",3,1,0,1,40,0,0,0,"8425,82",9,0,1,202005,0,5,"8425,82"
202005,3,35,354990,J,6311900,-1,317210,101,7,26,"20,00",1,1,0,1,40,0,0,0,"837,78",8,0,1,202005,0,5,"837,78"
202005,3,35,350570,J,6201501,-1,212215,101,9,32,"40,00",3,1,0,1,31,0,0,0,"6597,07",9,0,1,202005,0,5,"6597,07"
202005,3,31,310620,J,6204000,1,317110,101,8,24,"40,00",3,3,0,1,20,0,0,0,"2495,00",5,0,1,202005,0,5,"2495,00"
202005,3,35,350570,J,6202300,1,317110,101,7,33,"40,00",1,1,0,1,20,0,0,0,"7200,00",7,0,1,202005,0,5,"7200,00"
202005,3,35,355030,J,6201501,-1,317110,101,7,23,"40,00",1,1,0,1,31,0,0,0,"9592,10",10,0,1,202005,0,5,"9592,10"
202005,2,23,230440,J,6209100,-1,212420,101,9,45,"44,00",3,1,0,1,31,0,0,0,"3453,04",4,0,1,202005,0,5,"3453,04"
202005,4,43,430460,J,6202300,-1,317110,101,8,24,"40,00",6,1,0,1,40,0,0,0,"1865,83",7,0,1,202005,0,5,"1865,83"
202005,2,29,292740,J,6204000,-1,212405,101,8,26,"44,00",2,1,0,1,31,0,0,0,"3657,22",9,0,1,202005,0,5,"3657,22"
202005,3,33,330455,J,6204000,-1,212410,101,9,27,"40,00",1,1,0,1,31,0,0,0,"2119,28",9,0,1,202005,0,5,"2119,28"
202005,5,53,530010,J,6204000,1,212410,101,9,41,"40,00",1,1,0,1,20,0,0,0,"7500,00",1,0,1,202005,0,5,"7500,00"
202005,3,35,355030,J,6203100,-1,212420,101,7,44,"40,00",1,3,0,1,31,0,0,0,"2278,36",8,0,1,202005,0,5,"2278,36"
202005,3,31,314330,J,6209100,-1,317110,101,7,41,"40,00",3,1,0,1,31,0,0,0,"2080,00",4,0,1,202005,0,5,"2080,00"
202005,3,35,355030,J,6201501,-1,212405,101,9,36,"40,00",1,3,0,1,40,0,0,0,"12337,23",10,0,1,202005,0,5,"12337,23"
202005,3,32,320470,J,6202300,-1,317205,101,5,46,"44,00",3,1,0,1,31,0,0,0,"2295,61",5,0,1,202005,0,5,"2295,61"
202005,3,35,355030,J,6201501,-1,317110,101,9,46,"40,00",6,3,0,1,40,0,0,0,"14045,40",9,0,1,202005,0,5,"14045,40"
202005,5,53,530010,J,6201501,1,212405,101,9,38,"40,00",1,1,0,1,20,0,0,0,"9920,00",10,0,1,202005,0,5,"9920,00"
202005,5,53,530010,J,6201501,-1,212420,101,9,40,"44,00",6,1,0,1,40,0,0,0,"6372,00",9,0,1,202005,0,5,"6372,00"
202005,3,35,355030,J,6204000,1,212305,101,9,34,"44,00",1,1,0,1,20,0,0,9,"11125,63",8,0,1,202005,0,5,"11125,63"
202005,5,50,500270,J,6201501,-1,212405,101,8,25,"44,00",1,1,0,1,40,0,0,0,"4212,07",7,0,1,202005,0,5,"4212,07"
202005,5,53,530010,J,6201501,-1,212420,101,9,25,"40,00",3,1,0,1,31,0,0,0,"4500,36",7,0,1,202005,0,5,"4500,36"
202005,3,35,355030,J,6204000,1,212420,101,8,33,"44,00",3,1,0,1,20,0,0,0,"3400,00",6,0,1,202005,0,5,"3400,00"
202005,3,35,352390,J,6209100,1,212405,101,8,21,"44,00",6,1,0,1,20,0,0,0,"2232,38",2,0,1,202005,0,5,"2232,38"
202005,4,41,410690,J,6201501,-1,317110,101,9,56,"40,00",1,1,0,1,31,0,0,0,"7300,00",7,0,1,202005,0,5,"7300,00"
202005,5,53,530010,J,6203100,1,212305,101,80,43,"44,00",3,1,0,1,20,0,0,0,"8000,00",8,0,1,202005,0,5,"8000,00"
202005,3,35,355030,J,6204000,1,317110,101,9,24,"40,00",1,1,0,1,20,0,0,0,"2500,00",3,0,1,202005,0,5,"2500,00"
202005,3,35,350570,J,6203100,-1,317110,101,9,22,"40,00",1,3,0,1,31,0,0,0,"1675,56",5,0,1,202005,0,5,"1675,56"
202005,3,35,355030,J,6202300,-1,212405,101,80,53,"40,00",1,1,0,1,31,0,0,0,"6500,00",9,0,1,202005,0,5,"6500,00"
202005,4,43,431440,J,6203100,-1,212405,101,80,44,"44,00",1,1,0,1,43,0,0,9,"2500,00",4,0,1,202005,0,5,"2500,00"
202005,3,35,355030,J,6204000,1,212405,101,9,30,"44,00",1,3,0,1,20,0,0,9,"7000,00",10,0,1,202005,0,5,"7000,00"
202005,4,41,411370,J,6201501,-1,317210,101,8,26,"44,00",6,1,0,1,40,0,0,0,"1393,20",5,0,1,202005,0,5,"1393,20"
202005,2,28,280030,J,6201501,-1,212420,101,8,23,"44,00",3,1,0,1,31,0,0,0,"1632,60",5,0,1,202005,0,5,"1632,60"
202005,3,35,355030,J,6311900,-1,317210,101,9,21,"40,00",3,1,0,1,31,0,0,0,"1620,00",9,0,1,202005,0,5,"1620,00"
202005,1,13,130260,J,6311900,-1,317110,101,7,36,"40,00",6,1,0,1,90,0,0,0,"5121,04",8,0,1,202005,0,5,"5121,04"
202005,2,28,280030,J,6202300,-1,212420,101,8,43,"40,00",3,1,0,1,31,0,0,0,"2206,62",4,0,1,202005,0,5,"2206,62"
202005,3,35,355030,J,6203100,1,212420,101,9,21,"40,00",1,3,0,1,20,0,0,0,"1700,00",7,0,1,202005,0,5,"1700,00"
202005,4,43,431490,J,6201501,1,317110,101,7,28,"44,00",6,1,0,1,20,0,0,0,"6700,00",1,0,1,202005,0,5,"6700,00"
202005,4,42,420240,J,6203100,-1,317110,101,8,30,"42,50",6,1,0,1,31,0,0,0,"9600,00",7,0,1,202005,0,5,"9600,00"
202005,3,35,355030,J,6201501,1,317110,101,8,21,"40,00",3,1,0,1,20,0,0,0,"2500,00",10,0,1,202005,0,5,"2500,00"
202005,4,41,410690,J,6203100,-1,212420,101,9,29,"40,00",1,3,0,1,40,0,0,0,"1800,00",5,0,1,202005,0,5,"1800,00"
202005,4,43,430700,J,6209100,-1,212420,101,9,40,"44,00",1,1,0,1,31,0,0,0,"1689,10",3,0,1,202005,0,5,"1689,10"
202005,3,35,355030,J,6204000,-1,317110,101,8,21,"44,00",1,1,0,1,40,0,0,0,"3881,11",10,0,1,202005,0,5,"3881,11"
202005,3,31,310620,J,6202300,1,317110,101,7,25,"40,00",1,1,0,1,20,0,0,0,"2400,00",6,0,1,202005,0,5,"2400,00"
202005,4,42,420240,J,6202300,-1,317110,101,7,18,"44,00",3,1,0,1,40,0,0,0,"1876,50",7,0,1,202005,0,5,"1876,50"
202005,3,35,354990,J,6201501,-1,212405,101,9,35,"40,00",1,1,0,1,90,0,0,0,"1675,56",6,0,1,202005,0,5,"1675,56"
202005,3,33,330330,J,6201501,1,212405,101,9,52,"44,00",1,1,0,1,20,0,0,0,"3900,00",7,0,1,202005,0,5,"3900,00"
202005,4,41,410690,J,6202300,-1,317210,101,7,27,"40,00",1,1,0,1,40,0,0,0,"1700,00",4,0,1,202005,0,5,"1700,00"
202005,2,29,292740,J,6201501,1,212205,101,8,26,"44,00",3,1,0,1,20,0,0,0,"4000,00",5,0,1,202005,0,5,"4000,00"
202005,3,35,355030,J,6201501,-1,212405,101,9,46,"40,00",1,1,0,1,40,0,0,0,"11128,70",10,0,1,202005,0,5,"11128,70"
202005,3,35,355030,J,6204000,1,317205,101,9,52,"44,00",1,1,0,1,20,0,0,0,"1100,00",6,0,1,202005,0,5,"1100,00"
202005,4,42,421630,J,6209100,-1,212405,101,7,28,"44,00",1,3,0,1,40,0,0,0,"2639,15",4,0,1,202005,0,5,"2639,15"
202005,3,35,350950,J,6209100,-1,212405,101,9,27,"40,00",3,1,0,1,31,0,0,0,"4700,00",8,0,1,202005,0,5,"4700,00"
202005,3,35,355030,J,6204000,-1,212310,101,80,35,"40,00",3,1,0,1,31,0,0,0,"5322,09",10,0,1,202005,0,5,"5322,09"
202005,3,35,355030,J,6209100,-1,212405,101,7,35,"40,00",1,3,0,1,32,0,0,0,"4211,00",7,0,1,202005,0,5,"4211,00"
202005,3,35,355030,J,6311900,-1,212420,101,7,21,"44,00",1,1,0,1,31,0,0,0,"1260,00",2,0,1,202005,0,5,"1260,00"
202005,4,41,410690,J,6204000,-1,142520,101,9,27,"44,00",1,3,0,1,31,0,0,9,"5030,75",8,0,1,202005,0,5,"5030,75"
202005,5,53,530010,J,6209100,1,317110,101,9,30,"40,00",1,1,0,1,20,0,0,0,"6500,00",6,0,1,202005,0,5,"6500,00"
202005,3,35,354730,J,6209100,1,212405,101,7,26,"40,00",3,3,0,1,20,0,0,0,"4500,00",10,0,1,202005,0,5,"4500,00"
202005,3,35,355030,J,6204000,-1,212420,101,9,26,"40,00",1,3,0,1,31,0,0,0,"1735,55",10,0,1,202005,0,5,"1735,55"
202005,3,35,355030,J,6202300,1,212405,101,9,43,"40,00",1,3,0,1,20,0,0,0,"3620,05",7,0,1,202005,0,5,"3620,05"
202005,4,42,420910,J,6209100,1,212420,101,8,21,"30,00",1,1,0,1,20,0,0,0,"1119,52",6,0,1,202005,0,5,"1119,52"
202005,3,35,355030,J,6201501,1,317110,101,8,21,"40,00",1,1,0,1,20,0,0,0,"2500,00",10,0,1,202005,0,5,"2500,00"
202005,3,35,355030,J,6209100,-1,317210,101,8,20,"44,00",1,1,0,1,31,0,0,0,"1900,00",6,0,1,202005,0,5,"1900,00"
202005,4,43,431490,J,6201501,1,317105,101,9,20,"40,00",1,3,0,1,10,0,0,0,"3500,00",3,0,1,202005,0,5,"3500,00"
202005,3,31,316210,J,6311900,-1,317210,101,7,21,"48,00",1,1,0,1,40,0,0,0,"1246,80",1,0,1,202005,0,5,"1246,80"
202005,3,35,355030,J,6203100,-1,317110,101,9,30,"44,00",6,1,0,1,40,0,0,0,"5000,00",2,0,1,202005,0,5,"5000,00"
202005,5,53,530010,J,6201501,1,212405,101,8,25,"40,00",3,1,0,1,20,0,0,0,"5200,00",10,0,1,202005,0,5,"5200,00"
202005,4,42,420460,J,6202300,-1,212405,101,9,30,"44,00",1,1,0,1,31,0,0,0,"5158,00",5,0,1,202005,0,5,"5158,00"
202005,3,35,355030,J,6204000,1,212405,101,9,23,"44,00",2,1,0,1,20,0,0,9,"6000,00",10,0,1,202005,0,5,"6000,00"
202005,3,35,351880,J,6209100,-1,142530,101,8,33,"40,00",1,1,0,1,31,0,0,0,"12537,60",5,0,1,202005,0,5,"12537,60"
202005,4,42,420240,J,6209100,-1,317110,101,9,24,"44,00",6,1,0,1,40,0,0,0,"4843,28",5,0,1,202005,0,5,"4843,28"
202005,2,29,292740,J,6311900,-1,317210,101,7,45,"40,00",3,1,0,1,31,0,0,0,"1400,00",7,0,1,202005,0,5,"1400,00"
202005,3,31,313130,J,6202300,-1,212420,101,7,28,"48,00",1,1,0,1,31,0,0,0,"3151,00",5,0,1,202005,0,5,"3151,00"
202005,3,35,355030,J,6201501,1,212405,101,9,25,"40,00",3,1,0,1,20,0,0,0,"6500,00",10,0,1,202005,0,5,"6500,00"
202005,3,35,350570,J,6204000,-1,212420,101,7,27,"40,00",6,3,0,1,40,0,0,0,"1675,56",7,0,1,202005,0,5,"1675,56"
202005,5,53,530010,J,6201501,-1,212405,101,9,59,"44,00",1,1,0,1,31,0,0,0,"9439,85",9,0,1,202005,0,5,"9439,85"
202005,3,33,330455,J,6204000,1,212405,101,9,30,"40,00",3,1,0,1,20,0,0,0,"7440,73",5,0,1,202005,0,5,"7440,73"
202005,3,31,310620,J,6201501,1,212405,101,80,37,"40,00",3,1,0,1,20,0,0,0,"8500,00",6,0,1,202005,0,5,"8500,00"
202005,3,35,350570,J,6202300,-1,142520,101,9,40,"40,00",1,1,0,1,31,0,0,0,"6034,30",7,0,1,202005,0,5,"6034,30"
202005,3,35,350570,J,6201501,1,212415,101,8,59,"40,00",1,1,0,1,20,0,0,0,"2205,69",7,0,1,202005,0,5,"2205,69"
202005,3,35,355030,J,6201501,1,317110,101,9,23,"40,00",1,1,0,1,20,0,0,0,"6000,00",6,0,1,202005,0,5,"6000,00"
202005,1,17,172100,J,6204000,-1,212420,101,7,23,"44,00",4,1,0,1,40,0,0,0,"1131,13",3,0,1,202005,0,5,"1131,13"
202005,5,53,530010,J,6204000,-1,317210,101,9,26,"40,00",3,1,0,1,43,0,0,0,"1632,57",7,0,1,202005,0,5,"1632,57"
202005,3,35,355030,J,6201501,-1,212405,101,80,21,"40,00",1,1,0,1,40,0,0,0,"1470,00",8,0,1,202005,0,5,"1470,00"
202005,3,35,350950,J,6209100,1,212420,101,9,29,"40,00",1,3,0,1,20,0,0,0,"1675,56",4,0,1,202005,0,5,"1675,56"
202005,3,35,355030,J,6204000,-1,212405,101,9,56,"40,00",1,1,0,1,40,0,0,0,"8042,00",10,0,1,202005,0,5,"8042,00"
202005,3,35,355030,J,6203100,-1,317110,101,9,27,"40,00",3,1,0,1,40,0,0,0,"3050,00",9,0,1,202005,0,5,"3050,00"
202005,4,41,410690,J,6209100,-1,212315,101,8,23,"40,00",1,1,0,1,31,0,0,0,"3076,90",9,0,1,202005,0,5,"3076,90"
202005,5,52,520140,J,6201501,-1,212420,101,9,29,"40,00",1,1,0,1,40,0,0,0,"3617,00",8,0,1,202005,0,5,"3617,00"
202005,3,35,355030,J,6209100,-1,317210,101,7,25,"40,00",2,1,0,1,31,0,0,0,"1521,44",3,0,1,202005,0,5,"1521,44"
202005,4,41,411850,J,6209100,1,317210,101,8,23,"44,00",1,3,0,1,20,0,0,0,"3250,00",5,0,1,202005,0,5,"3250,00"
202005,3,35,355030,J,6204000,-1,212405,101,9,24,"40,00",1,1,0,1,40,0,0,0,"6268,80",6,0,1,202005,0,5,"6268,80"
202005,3,35,355670,J,6311900,-1,212420,101,9,25,"40,00",6,3,0,1,31,0,0,0,"1944,18",7,0,1,202005,0,5,"1944,18"
202005,3,33,330455,J,6201501,-1,212405,101,7,24,"40,00",3,1,0,1,40,0,0,0,"2052,60",6,0,1,202005,0,5,"2052,60"
202005,5,52,520140,J,6201501,-1,317110,101,80,32,"40,00",1,1,0,1,40,0,0,0,"6065,00",8,0,1,202005,0,5,"6065,00"
202005,5,53,530010,J,6204000,1,212410,101,9,26,"40,00",1,1,0,1,20,0,0,0,"2000,00",8,0,1,202005,0,5,"2000,00"
202005,3,32,320320,J,6202300,-1,317110,101,7,39,"44,00",1,3,0,1,31,0,0,0,"2912,00",4,0,1,202005,0,5,"2912,00"
202005,2,29,291460,J,6202300,1,142515,101,9,34,"44,00",6,1,0,1,20,0,0,0,"4000,00",3,0,1,202005,0,5,"4000,00"
202005,3,35,350570,J,6209100,1,212405,101,8,34,"40,00",3,1,0,1,20,0,0,0,"6272,00",7,0,1,202005,0,5,"6272,00"
202005,4,41,410690,J,6203100,1,212420,101,9,49,"40,00",3,1,0,1,20,0,0,0,"4700,13",8,0,1,202005,0,5,"4700,13"
202005,3,35,350950,J,6201501,-1,212320,101,9,37,"44,00",6,3,0,1,40,0,0,0,"10813,60",6,0,1,202005,0,5,"10813,60"
202005,3,35,352470,J,6201501,-1,212405,101,9,33,"40,00",6,1,0,1,40,0,0,0,"1757,00",10,0,1,202005,0,5,"1757,00"
202005,3,33,330455,J,6209100,-1,142520,101,9,30,"40,00",3,1,0,1,31,0,0,0,"4500,00",5,0,1,202005,0,5,"4500,00"
202005,3,35,355030,J,6201501,-1,212410,101,80,30,"44,00",1,1,0,1,31,0,0,9,"11985,35",7,0,1,202005,0,5,"11985,35"
202005,2,26,261160,J,6202300,1,212420,101,9,36,"40,00",3,1,0,1,20,0,0,0,"1816,65",8,0,1,202005,0,5,"1816,65"
202005,3,35,350570,J,6202300,-1,212420,101,9,37,"40,00",1,1,0,1,40,0,0,0,"2838,64",9,0,1,202005,0,5,"2838,64"
202005,4,41,410690,J,6209100,-1,212415,101,9,41,"40,00",6,1,0,1,43,0,0,0,"5000,00",9,0,1,202005,0,5,"5000,00"
202005,3,35,355030,J,6201501,1,212405,101,10,31,"40,00",1,1,0,1,20,0,0,0,"12000,00",5,0,1,202005,0,5,"12000,00"
202005,3,35,350950,J,6203100,-1,212405,101,8,23,"40,00",3,3,0,1,40,0,0,0,"2062,80",4,0,1,202005,0,5,"2062,80"
202005,2,26,261160,J,6202300,1,317110,101,9,39,"40,00",3,1,0,1,20,0,0,0,"6323,20",8,0,1,202005,0,5,"6323,20"
202005,3,35,352470,J,6201501,-1,317210,101,8,27,"36,00",3,1,0,1,43,0,0,0,"1764,00",10,0,1,202005,0,5,"1764,00"
202005,3,35,355030,J,6202300,-1,212405,101,9,39,"40,00",1,1,0,1,31,0,0,0,"6000,00",7,0,1,202005,0,5,"6000,00"
202005,3,35,350570,J,6209100,-1,212410,101,8,37,"44,00",1,3,0,1,31,0,0,0,"3331,76",2,0,1,202005,0,5,"3331,76"
202005,3,35,355030,J,6201501,1,212405,101,80,38,"40,00",3,1,0,1,20,0,0,0,"7095,64",10,0,1,202005,0,5,"7095,64"
202005,5,53,530010,J,6201501,-1,212310,101,9,38,"40,00",3,1,0,1,31,0,0,0,"6556,71",10,0,1,202005,0,5,"6556,71"
202005,3,31,317020,J,6204000,1,317110,101,9,41,"40,00",1,1,0,1,20,0,0,0,"2500,00",8,0,1,202005,0,5,"2500,00"
202005,4,42,420540,J,6202300,1,212405,101,80,43,"44,00",6,1,0,1,20,0,0,0,"6000,00",4,0,1,202005,0,5,"6000,00"
202005,3,33,330455,J,6201501,-1,212405,101,9,50,"40,00",1,1,0,1,40,0,0,0,"5052,50",6,0,1,202005,0,5,"5052,50"
202005,3,35,350950,J,6204000,-1,317210,101,9,32,"36,00",1,1,0,1,31,0,0,0,"1510,00",10,0,1,202005,0,5,"1510,00"
202005,3,35,355240,J,6209100,-1,317210,101,9,24,"44,00",3,1,0,1,90,0,0,0,"2100,00",3,0,1,202005,0,5,"2100,00"
202005,4,43,431490,J,6311900,1,212405,101,8,22,"40,00",1,1,0,1,10,0,0,0,"6013,86",9,0,1,202005,0,5,"6013,86"
202005,3,35,350950,J,6201501,1,212405,101,9,30,"40,00",3,1,0,1,20,0,0,0,"8000,00",7,0,1,202005,0,5,"8000,00"
202005,4,43,431490,J,6204000,1,317105,101,5,22,"44,00",1,1,0,1,20,0,0,0,"2200,00",1,0,1,202005,0,5,"2200,00"
202005,4,41,410690,J,6209100,-1,212405,101,8,32,"40,00",1,1,0,1,31,0,0,0,"5500,00",5,0,1,202005,0,5,"5500,00"
202005,3,35,352470,J,6201501,1,212405,101,6,32,"40,00",1,1,0,1,20,0,0,0,"6000,00",10,0,1,202005,0,5,"6000,00"
202005,4,41,410690,J,6209100,-1,142510,101,9,23,"40,00",1,1,0,1,40,0,0,0,"4000,00",2,0,1,202005,0,5,"4000,00"
202005,3,35,354730,J,6204000,-1,212405,101,9,39,"40,00",1,3,0,1,31,0,0,0,"2106,80",5,0,1,202005,0,5,"2106,80"
202005,3,35,355030,J,6203100,-1,142535,101,80,42,"40,00",1,3,0,1,31,0,0,0,"9968,00",7,0,1,202005,0,5,"9968,00"
202005,3,35,355030,J,6201501,-1,212205,101,9,31,"40,00",6,1,0,1,31,0,0,0,"6999,08",7,0,1,202005,0,5,"6999,08"
202005,4,42,420200,J,6203100,-1,317110,101,8,42,"44,00",1,1,0,1,31,0,0,0,"3000,00",2,0,1,202005,0,5,"3000,00"
202005,3,35,355030,J,6201501,-1,212420,101,9,26,"40,00",3,3,0,1,40,0,0,0,"2154,81",9,0,1,202005,0,5,"2154,81"
202005,3,35,352530,J,6202300,-1,317210,101,9,25,"44,00",1,1,0,1,31,0,0,0,"1945,15",5,0,1,202005,0,5,"1945,15"
202005,5,53,530010,J,6204000,-1,317210,101,9,51,"30,00",6,1,0,1,40,0,0,0,"1480,95",8,0,1,202005,0,5,"1480,95"
202005,4,42,420460,J,6202300,1,212405,101,80,35,"44,00",1,1,0,1,20,0,0,0,"12049,06",6,0,1,202005,0,5,"12049,06"
202005,4,42,420240,J,6203100,1,317110,101,8,19,"44,00",1,3,0,1,20,0,0,0,"1900,00",4,0,1,202005,0,5,"1900,00"
202005,3,35,355030,J,6201501,-1,317110,101,9,41,"40,00",2,1,0,1,40,0,0,0,"7360,28",9,0,1,202005,0,5,"7360,28"
202005,3,35,353440,J,6311900,-1,317210,101,7,27,"44,00",1,1,0,1,31,0,0,0,"1358,62",8,0,1,202005,0,5,"1358,62"
202005,3,31,310620,J,6204000,-1,212405,101,9,28,"44,00",2,1,0,1,31,0,0,0,"6762,36",10,0,1,202005,0,5,"6762,36"
202005,2,23,230440,J,6204000,-1,212405,101,9,29,"44,00",3,3,0,1,31,0,0,0,"3582,29",8,0,1,202005,0,5,"3582,29"
202005,4,43,431490,J,6204000,-1,317210,101,9,32,"44,00",1,3,0,1,31,0,0,0,"1689,10",8,0,1,202005,0,5,"1689,10"
202005,3,35,355030,J,6201501,1,212420,101,9,21,"40,00",6,1,0,1,20,0,0,0,"4200,00",9,0,1,202005,0,5,"4200,00"
202005,3,35,355030,J,6201501,1,212405,101,9,29,"40,00",1,3,0,1,20,0,0,0,"2178,89",8,0,1,202005,0,5,"2178,89"
202005,2,29,292400,J,6202300,1,317210,101,8,23,"40,00",6,1,0,1,20,0,0,0,"1045,00",3,0,1,202005,0,5,"1045,00"
202005,4,41,410690,J,6202300,-1,212420,101,7,22,"40,00",6,1,0,1,31,0,0,0,"1700,00",4,0,1,202005,0,5,"1700,00"
202005,3,33,330455,J,6209100,1,317210,101,8,20,"40,00",6,1,0,1,20,0,0,0,"2000,00",8,0,1,202005,0,5,"2000,00"
202005,3,31,310620,J,6209100,1,317205,101,7,25,"44,00",3,3,0,1,20,0,0,0,"1188,57",10,0,1,202005,0,5,"1188,57"
202005,3,35,355030,J,6201501,1,212405,101,9,46,"40,00",1,1,0,1,20,0,0,0,"5425,04",7,0,1,202005,0,5,"5425,04"
202005,3,35,355030,J,6201501,1,142520,101,9,53,"40,00",3,1,0,1,20,0,0,0,"13487,00",10,0,1,202005,0,5,"13487,00"
202005,2,25,250750,J,6201501,1,212405,101,9,30,"44,00",3,1,0,1,20,0,0,0,"5500,00",7,0,1,202005,0,5,"5500,00"
202005,3,35,350570,J,6203100,1,212405,101,8,24,"40,00",1,1,0,1,20,0,0,0,"2500,00",9,0,1,202005,0,5,"2500,00"
202005,5,52,520870,J,6201501,-1,317210,101,9,35,"40,00",3,1,0,1,31,0,0,0,"3300,00",8,0,1,202005,0,5,"3300,00"
202005,3,35,355030,J,6201501,1,212405,101,9,20,"40,00",6,1,0,1,20,0,0,0,"6000,00",8,0,1,202005,0,5,"6000,00"
202005,4,41,410690,J,6201501,-1,317110,101,9,22,"44,00",6,1,0,1,31,0,0,0,"2000,00",2,0,1,202005,0,5,"2000,00"
202005,3,35,350570,J,6209100,-1,212410,101,8,37,"44,00",1,1,0,1,31,0,0,0,"2839,79",2,0,1,202005,0,5,"2839,79"
202005,4,41,410690,J,6204000,-1,212405,101,9,35,"40,00",3,3,0,1,31,0,0,0,"10631,25",7,0,1,202005,0,5,"10631,25"
202005,3,33,330455,J,6204000,1,212415,101,9,31,"44,00",3,1,0,1,20,0,0,0,"8000,00",3,0,1,202005,0,5,"8000,00"
202005,4,43,431490,J,6201501,1,317210,101,7,29,"36,00",1,1,0,1,20,2,0,0,"1400,00",8,0,1,202005,0,5,"1400,00"
202005,3,31,310620,J,6209100,1,317205,101,7,29,"44,00",1,1,0,1,20,0,0,0,"1188,57",10,0,1,202005,0,5,"1188,57"
202005,3,35,350950,J,6204000,-1,317210,101,8,23,"40,00",1,1,0,1,40,0,0,0,"1678,00",10,0,1,202005,0,5,"1678,00"
202005,3,31,310620,J,6201501,1,212405,101,7,35,"40,00",3,1,0,1,20,0,0,0,"3500,00",7,0,1,202005,0,5,"3500,00"
202005,3,31,317020,J,6201501,1,212405,101,9,30,"40,00",1,3,0,1,20,0,0,0,"6000,00",7,0,1,202005,0,5,"6000,00"
202005,5,53,530010,J,6201501,-1,212405,101,9,33,"40,00",6,1,0,1,40,0,0,0,"8000,00",10,0,1,202005,0,5,"8000,00"
202005,4,43,431490,J,6202300,-1,142510,101,9,38,"40,00",1,3,0,1,31,0,0,0,"9221,12",6,0,1,202005,0,5,"9221,12"
202005,3,33,330455,J,6204000,1,142520,101,9,55,"40,00",1,1,0,1,20,0,0,0,"8000,00",9,0,1,202005,0,5,"8000,00"
202005,2,26,261160,J,6202300,1,212205,101,9,48,"40,00",1,3,0,1,20,0,0,0,"3238,46",6,0,1,202005,0,5,"3238,46"
202005,5,53,530010,J,6203100,1,212405,101,9,36,"40,00",6,1,0,1,20,0,0,0,"5300,00",7,0,1,202005,0,5,"5300,00"
202005,4,43,430860,J,6311900,1,317210,101,7,20,"44,00",1,1,0,1,20,0,0,0,"1690,00",3,0,1,202005,0,5,"1690,00"
202005,4,42,420420,J,6203100,-1,317110,101,80,29,"44,00",1,1,0,1,43,0,0,0,"3693,00",7,0,1,202005,0,5,"3693,00"
202005,3,35,355030,J,6209100,-1,317110,101,9,42,"40,00",1,1,0,1,31,0,0,0,"8000,00",2,0,1,202005,0,5,"8000,00"
202005,4,42,420820,J,6202300,1,317110,101,8,18,"40,00",1,1,0,1,20,0,0,0,"2000,00",1,0,1,202005,0,5,"2000,00"
202005,5,53,530010,J,6201501,-1,212420,101,7,28,"40,00",3,1,0,1,31,0,0,0,"1800,00",10,0,1,202005,0,5,"1800,00"
202005,3,35,355030,J,6204000,-1,317110,101,9,27,"40,00",1,1,0,1,40,0,0,0,"9403,20",5,0,1,202005,0,5,"9403,20"
202005,3,33,330455,J,6201501,1,212405,101,9,34,"41,50",1,1,0,1,20,0,0,0,"4200,00",5,0,1,202005,0,5,"4200,00"
202005,3,35,350950,J,6201501,-1,212405,101,80,45,"40,00",1,1,0,1,40,0,0,0,"7000,00",7,0,1,202005,0,5,"7000,00"
202005,1,13,130260,J,6201501,-1,317110,101,7,27,"44,00",1,3,0,1,31,0,0,0,"2260,00",2,0,1,202005,0,5,"2260,00"
202005,3,35,355030,J,6201501,1,212405,101,80,35,"40,00",6,1,0,1,20,0,0,0,"6001,13",6,0,1,202005,0,5,"6001,13"
202005,3,35,354390,J,6201501,1,317110,101,9,38,"44,00",1,1,0,1,20,0,0,0,"6340,00",2,0,1,202005,0,5,"6340,00"
202005,5,53,530010,J,6201501,-1,317110,101,9,31,"40,00",1,1,0,1,31,0,0,0,"5500,00",10,0,1,202005,0,5,"5500,00"
202005,3,33,330455,J,6202300,1,212205,101,8,28,"44,00",1,1,0,1,20,0,0,0,"5700,00",5,0,1,202005,0,5,"5700,00"
202005,3,35,355030,J,6201501,1,212405,101,9,30,"44,00",1,1,0,1,20,0,0,0,"13000,00",4,0,1,202005,0,5,"13000,00"
202005,3,31,310620,J,6204000,1,212405,101,8,33,"40,00",1,1,0,1,20,0,0,0,"9000,00",7,0,1,202005,0,5,"9000,00"
202005,5,51,510340,J,6201501,1,212405,101,9,34,"40,00",1,3,0,1,20,0,0,0,"3200,00",5,0,1,202005,0,5,"3200,00"
202005,2,26,261160,J,6204000,1,317110,101,9,38,"40,00",3,3,0,1,20,0,0,0,"5315,77",9,0,1,202005,0,5,"5315,77"
202005,4,42,420420,J,6202300,-1,212420,101,9,27,"44,00",1,1,0,1,31,0,0,0,"2500,00",7,0,1,202005,0,5,"2500,00"
202005,3,35,355030,J,6202300,-1,212405,101,8,22,"40,00",6,1,0,1,31,0,0,0,"2444,88",4,0,1,202005,0,5,"2444,88"
202005,3,35,351620,J,6201501,1,212405,101,9,23,"45,00",1,1,0,1,20,0,0,0,"1800,00",3,0,1,202005,0,5,"1800,00"
202005,3,35,355030,J,6201501,-1,212405,101,9,40,"40,00",3,3,0,1,40,0,0,0,"7078,40",9,0,1,202005,0,5,"7078,40"
202005,3,35,355030,J,6201501,1,212405,101,9,30,"40,00",6,1,0,1,20,0,0,0,"3400,00",7,0,1,202005,0,5,"3400,00"
202005,3,35,355030,J,6204000,1,212405,101,9,41,"40,00",6,1,0,1,20,0,0,0,"5500,00",6,0,1,202005,0,5,"5500,00"
202005,4,42,421860,J,6202300,1,317110,101,7,21,"40,00",6,1,0,1,20,0,0,0,"2250,00",3,0,1,202005,0,5,"2250,00"
202005,3,35,355030,J,6202300,-1,317110,101,9,28,"40,00",1,1,0,1,31,0,0,0,"7500,00",7,0,1,202005,0,5,"7500,00"
202005,3,35,355030,J,6201501,1,212405,101,9,34,"40,00",1,1,0,1,20,0,0,0,"10500,00",8,0,1,202005,0,5,"10500,00"
202005,3,35,355030,J,6204000,-1,212420,101,7,34,"42,00",1,1,0,1,31,0,0,0,"1920,00",10,0,1,202005,0,5,"1920,00"
202005,3,35,355030,J,6204000,1,212405,101,9,35,"40,00",1,1,0,1,20,0,0,0,"11500,00",4,0,1,202005,0,5,"11500,00"
202005,3,35,350570,J,6209100,1,142520,101,9,47,"40,00",1,1,0,1,20,0,0,0,"7898,00",7,0,1,202005,0,5,"7898,00"
202005,3,35,350570,J,6209100,-1,142520,101,9,35,"40,00",3,1,0,1,40,0,0,0,"11190,82",10,0,1,202005,0,5,"11190,82"
202005,3,35,350190,J,6209100,-1,212420,101,8,24,"44,00",1,1,0,1,43,0,0,0,"1640,00",1,0,1,202005,0,5,"1640,00"
202005,3,35,355030,J,6204000,1,317110,101,9,24,"40,00",1,1,0,1,20,0,0,0,"4000,00",7,0,1,202005,0,5,"4000,00"
202005,3,33,330455,J,6201501,-1,212405,101,8,23,"40,00",3,1,0,1,40,0,0,0,"2052,60",6,0,1,202005,0,5,"2052,60"
202005,3,33,330455,J,6209100,-1,317210,101,7,29,"40,00",1,1,0,1,31,0,0,0,"1381,44",8,0,1,202005,0,5,"1381,44"
202005,3,35,355030,J,6204000,1,212405,101,9,50,"40,00",1,1,0,1,20,0,0,0,"4000,00",4,0,1,202005,0,5,"4000,00"
202005,3,35,355030,J,6202300,-1,212420,101,9,27,"40,00",1,1,0,1,40,0,0,0,"2379,00",7,0,1,202005,0,5,"2379,00"
202005,3,33,330455,J,6203100,-1,212405,101,9,40,"40,00",1,1,0,1,31,0,0,0,"7091,81",7,0,1,202005,0,5,"7091,81"
202005,3,35,350570,J,6202300,-1,212405,101,9,34,"40,00",1,3,0,1,40,0,0,0,"9390,93",6,0,1,202005,0,5,"9390,93"
202005,3,35,355030,J,6202300,1,317110,101,9,25,"44,00",3,3,0,1,20,0,0,0,"4905,00",7,0,1,202005,0,5,"4905,00"
202005,3,31,310620,J,6209100,1,317205,101,7,64,"44,00",1,3,0,1,20,0,0,0,"2450,00",10,0,1,202005,0,5,"2450,00"
202005,1,17,172100,J,6209100,-1,212420,101,7,30,"44,00",1,1,0,1,31,0,0,0,"1543,32",6,0,1,202005,0,5,"1543,32"
202005,3,31,317020,J,6202300,-1,317110,101,9,39,"44,00",1,1,0,1,40,0,0,0,"1570,82",6,0,1,202005,0,5,"1570,82"
202005,4,42,420240,J,6201501,1,317110,101,8,50,"44,00",3,1,0,1,20,0,0,0,"3500,00",7,0,1,202005,0,5,"3500,00"
202005,3,35,355030,J,6204000,-1,142520,101,9,39,"44,00",1,1,0,1,31,0,0,9,"15794,06",10,0,1,202005,0,5,"15794,06"
202005,4,41,411370,J,6203100,1,212420,101,8,22,"44,00",1,1,0,1,20,0,0,0,"1629,63",6,0,1,202005,0,5,"1629,63"
202005,2,26,261160,J,6201501,1,212405,101,9,24,"40,00",1,3,0,1,20,0,0,0,"6500,00",7,0,1,202005,0,5,"6500,00"
202005,3,31,310620,J,6201501,1,212215,101,9,23,"40,00",1,1,0,1,20,0,0,0,"7500,00",6,0,1,202005,0,5,"7500,00"
202005,3,35,350570,J,6201501,1,212405,101,9,38,"40,00",1,1,0,1,20,0,0,0,"3500,00",8,0,1,202005,0,5,"3500,00"
202005,3,35,355030,J,6204000,-1,212405,101,80,56,"40,00",3,1,0,1,31,0,0,0,"15645,00",10,0,1,202005,0,5,"15645,00"
202005,3,35,355030,J,6202300,1,212405,101,9,28,"40,00",1,1,0,1,20,0,0,0,"3175,05",4,0,1,202005,0,5,"3175,05"
202005,5,52,520450,J,6201501,-1,317105,101,8,24,"44,00",1,1,0,1,40,0,0,0,"1600,00",4,0,1,202005,0,5,"1600,00"
202005,3,35,355030,J,6204000,1,212405,101,9,24,"44,00",1,3,0,1,20,0,0,9,"3000,00",10,0,1,202005,0,5,"3000,00"
202005,3,35,354870,J,6311900,-1,212405,101,7,39,"40,00",1,1,0,1,40,0,0,0,"1900,00",6,0,1,202005,0,5,"1900,00"
202005,2,29,292740,J,6201501,1,212205,101,9,34,"44,00",3,1,0,1,20,0,0,0,"3000,00",5,0,1,202005,0,5,"3000,00"
202005,3,35,355030,J,6201501,1,212405,101,9,35,"40,00",1,1,0,1,20,0,0,0,"5573,28",6,0,1,202005,0,5,"5573,28"
202005,3,35,355030,J,6201501,1,212205,101,9,32,"40,00",1,1,0,1,20,0,0,0,"15000,00",8,0,1,202005,0,5,"15000,00"
202005,3,31,310620,J,6204000,1,212420,101,8,37,"40,00",3,1,0,1,20,0,0,0,"1760,36",7,0,1,202005,0,5,"1760,36"
202005,2,29,292740,J,6204000,-1,212405,101,9,27,"40,00",3,1,0,1,31,0,0,0,"1605,00",5,0,1,202005,0,5,"1605,00"
202005,4,41,410690,J,6204000,-1,142520,101,80,47,"40,00",1,1,0,1,31,0,0,0,"7838,82",7,0,1,202005,0,5,"7838,82"
202005,5,53,530010,J,6204000,-1,212410,101,9,32,"40,00",1,1,0,1,31,0,0,0,"2806,98",8,0,1,202005,0,5,"2806,98"
202005,4,43,431490,J,6201501,1,317105,101,8,27,"40,00",1,1,0,1,20,0,0,0,"12000,00",3,0,1,202005,0,5,"12000,00"
202005,3,35,350570,J,6203100,-1,212405,101,8,31,"40,00",1,1,0,1,40,0,0,0,"6500,00",9,0,1,202005,0,5,"6500,00"
202005,3,35,350570,J,6311900,-1,212405,101,9,32,"40,00",1,1,0,1,31,0,0,0,"4398,00",1,0,1,202005,0,5,"4398,00"
202005,3,35,355030,J,6202300,1,317210,101,9,28,"40,00",3,1,0,1,20,0,0,0,"3000,00",9,0,1,202005,0,5,"3000,00"
202005,3,35,355030,J,6201501,-1,317110,101,9,30,"40,00",1,1,0,1,40,0,0,0,"11000,00",6,0,1,202005,0,5,"11000,00"
202005,4,42,421720,J,6209100,-1,212405,101,9,41,"44,00",1,1,0,1,31,0,0,0,"1276,00",2,0,1,202005,0,5,"1276,00"
202005,3,35,354780,J,6209100,-1,212405,101,9,34,"40,00",1,1,0,1,31,0,0,0,"3345,46",6,0,1,202005,0,5,"3345,46"
202005,5,52,520870,J,6201501,-1,212405,101,9,42,"40,00",3,1,0,1,31,0,0,0,"4900,00",8,0,1,202005,0,5,"4900,00"
202005,3,35,355030,J,6201501,1,142520,101,80,40,"40,00",3,1,0,1,20,0,0,0,"13188,05",10,0,1,202005,0,5,"13188,05"
202005,3,31,317010,J,6201501,1,212405,101,7,22,"44,00",6,1,0,1,20,0,0,0,"1539,43",3,0,1,202005,0,5,"1539,43"
202005,3,35,355030,J,6202300,-1,212420,101,8,31,"44,00",1,1,0,1,31,0,0,9,"1932,88",2,0,1,202005,0,5,"1932,88"
202005,3,35,354730,J,6204000,-1,212405,101,9,47,"40,00",1,1,0,1,31,0,0,0,"13319,41",9,0,1,202005,0,5,"13319,41"
202005,3,31,314330,J,6209100,-1,317110,101,7,53,"40,00",3,1,0,1,31,0,0,0,"2163,00",4,0,1,202005,0,5,"2163,00"
202005,3,35,355030,J,6209100,1,212405,101,80,38,"40,00",2,1,0,1,20,0,0,0,"8000,00",7,0,1,202005,0,5,"8000,00"
202005,3,35,355030,J,6209100,-1,142530,101,9,40,"44,00",1,1,0,1,31,0,0,0,"29561,80",5,0,1,202005,0,5,"29561,80"
202005,3,31,310620,J,6204000,1,317110,101,9,24,"40,00",3,1,0,1,10,0,0,0,"2121,60",10,0,1,202005,0,5,"2121,60"
202005,4,42,420540,J,6209100,-1,317210,101,7,25,"43,75",4,1,0,1,43,0,0,0,"1700,00",4,0,1,202005,0,5,"1700,00"
202005,2,29,292740,J,6311900,-1,317210,101,9,38,"40,00",3,1,0,1,31,0,0,0,"1182,46",7,0,1,202005,0,5,"1182,46"
202005,4,41,411370,J,6209100,-1,212405,101,9,30,"40,00",6,1,0,1,40,0,0,0,"4092,00",8,0,1,202005,0,5,"4092,00"
202005,3,35,355030,J,6204000,1,212405,101,9,31,"40,00",6,1,0,1,20,0,0,0,"12000,00",6,0,1,202005,0,5,"12000,00"
202005,5,53,530010,J,6202300,1,212420,101,9,26,"44,00",6,3,0,1,20,0,0,0,"1791,20",4,0,1,202005,0,5,"1791,20"
202005,4,41,411520,J,6209100,1,317110,101,8,21,"40,00",1,1,0,1,20,0,0,0,"1500,00",4,0,1,202005,0,5,"1500,00"
202005,3,35,355700,J,6201501,1,212405,101,8,22,"40,00",1,1,0,1,20,0,0,0,"4000,00",6,0,1,202005,0,5,"4000,00"
202005,3,35,350570,J,6203100,1,212405,101,9,37,"40,00",1,1,0,1,20,0,0,0,"7500,00",9,0,1,202005,0,5,"7500,00"
202005,5,53,530010,J,6201501,1,212405,101,80,32,"44,00",3,3,0,1,20,0,0,0,"2000,00",8,0,1,202005,0,5,"2000,00"
202005,4,41,410690,J,6209100,-1,142520,101,8,48,"40,00",1,1,0,1,31,0,0,0,"5500,00",9,0,1,202005,0,5,"5500,00"
202005,3,33,330455,J,6201501,1,212405,101,9,35,"40,00",1,1,0,1,20,0,0,0,"15000,00",7,0,1,202005,0,5,"15000,00"
202005,3,31,310620,J,6204000,1,317110,101,8,20,"40,00",1,1,0,1,20,0,0,0,"1100,00",4,0,1,202005,0,5,"1100,00"
202005,3,35,350570,J,6204000,1,317110,101,9,43,"40,00",6,1,0,1,20,0,0,0,"10700,00",9,0,1,202005,0,5,"10700,00"
202005,5,52,520870,J,6201501,-1,212420,101,7,19,"43,75",1,1,0,1,31,0,0,0,"1050,00",4,0,1,202005,0,5,"1050,00"
202005,3,35,355030,J,6203100,-1,212405,101,8,20,"44,00",1,1,0,1,40,0,0,0,"1300,00",6,0,1,202005,0,5,"1300,00"
202005,3,35,350570,J,6202300,-1,212405,101,9,23,"40,00",1,1,0,1,40,0,0,0,"2500,00",7,0,1,202005,0,5,"2500,00"
202005,3,35,350570,J,6209100,-1,317105,101,7,27,"40,00",2,1,0,1,40,0,0,0,"2000,00",10,0,1,202005,0,5,"2000,00"
202005,3,35,355030,J,6204000,1,142520,101,9,32,"44,00",1,3,0,1,20,0,0,0,"9000,00",7,0,1,202005,0,5,"9000,00"
202005,3,31,315960,J,6201501,-1,212405,101,9,30,"44,00",1,1,0,1,31,0,0,0,"2868,00",4,0,1,202005,0,5,"2868,00"
202005,4,43,431490,J,6311900,1,212405,101,9,27,"40,00",1,3,0,1,20,0,0,0,"6013,86",9,0,1,202005,0,5,"6013,86"
202005,5,53,530010,J,6203100,1,212405,101,9,44,"40,00",6,3,0,1,20,0,0,0,"3200,00",7,0,1,202005,0,5,"3200,00"
202005,3,31,310620,J,6204000,1,212420,101,7,29,"40,00",1,3,0,1,20,0,0,0,"2500,00",7,0,1,202005,0,5,"2500,00"
202005,3,35,355030,J,6201501,1,212405,101,9,51,"40,00",1,1,0,1,20,0,0,0,"7500,00",10,0,1,202005,0,5,"7500,00"
202005,3,31,310620,J,6204000,1,212420,101,9,47,"40,00",1,1,0,1,20,0,0,0,"1741,38",7,0,1,202005,0,5,"1741,38"
202005,3,35,350570,J,6209100,-1,212410,101,9,46,"44,00",3,1,0,1,31,0,0,0,"3833,73",2,0,1,202005,0,5,"3833,73"
202005,3,33,330455,J,6204000,-1,212405,101,9,32,"40,00",1,1,0,1,31,0,0,0,"7311,98",8,0,1,202005,0,5,"7311,98"
202005,3,33,330455,J,6201501,1,212405,101,8,30,"40,00",1,1,0,1,20,0,0,0,"2935,00",6,0,1,202005,0,5,"2935,00"
202005,3,35,355030,J,6201501,1,212405,101,7,29,"40,00",1,1,0,1,10,0,0,0,"2161,27",4,0,1,202005,0,5,"2161,27"
202005,4,43,431410,J,6201501,-1,212415,101,8,24,"44,00",1,1,0,1,43,0,0,0,"1969,93",9,0,1,202005,0,5,"1969,93"
202005,3,35,355030,J,6204000,-1,212420,101,9,24,"40,00",3,3,0,1,40,0,0,0,"2200,00",6,0,1,202005,0,5,"2200,00"
202005,3,35,355030,J,6204000,-1,212405,101,8,38,"40,00",1,1,0,1,40,0,0,0,"1675,56",6,0,1,202005,0,5,"1675,56"
202005,4,42,420240,J,6203100,-1,142530,101,9,33,"44,00",1,1,0,1,31,0,0,0,"5051,00",5,0,1,202005,0,5,"5051,00"
202005,3,35,355030,J,6204000,-1,212405,101,9,33,"40,00",1,1,0,1,40,0,0,0,"4000,00",6,0,1,202005,0,5,"4000,00"
202005,3,35,355030,J,6204000,1,212405,101,9,59,"40,00",1,1,0,1,20,0,0,0,"8500,00",10,0,1,202005,0,5,"8500,00"
202005,5,52,520870,J,6203100,1,317110,101,9,44,"44,00",3,1,0,1,10,0,0,0,"2800,00",6,0,1,202005,0,5,"2800,00"
202005,3,35,352690,J,6202300,1,212420,101,9,35,"40,00",1,1,0,1,20,0,0,0,"1848,00",7,0,1,202005,0,5,"1848,00"
202005,4,43,430510,J,6202300,1,212420,101,8,22,"44,00",1,3,0,1,20,0,0,0,"1500,00",3,0,1,202005,0,5,"1500,00"
202005,4,42,420240,J,6202300,-1,317210,101,8,31,"42,30",1,1,0,1,31,0,0,0,"2405,00",3,0,1,202005,0,5,"2405,00"
202005,4,43,431870,J,6204000,1,212405,101,9,26,"40,00",1,1,0,1,10,0,0,0,"5564,00",10,0,1,202005,0,5,"5564,00"
202005,4,41,411370,J,6202300,-1,212420,101,8,32,"44,00",1,1,0,1,31,0,0,0,"1846,94",6,0,1,202005,0,5,"1846,94"
202005,2,26,261160,J,6202300,1,317110,101,9,27,"40,00",3,1,0,1,20,0,0,0,"3064,94",8,0,1,202005,0,5,"3064,94"
202005,3,32,320530,J,6209100,1,212405,101,9,54,"40,00",1,1,0,1,20,0,0,0,"4200,00",9,0,1,202005,0,5,"4200,00"
202005,2,26,261160,J,6311900,-1,317210,101,7,30,"40,00",3,1,0,1,31,0,0,0,"1346,53",7,0,1,202005,0,5,"1346,53"
202005,5,53,530010,J,6209100,-1,212405,101,9,41,"40,00",1,3,0,1,31,0,0,0,"6000,00",6,0,1,202005,0,5,"6000,00"
202005,4,43,431490,J,6209100,1,317105,101,7,20,"40,00",6,1,0,1,20,0,0,0,"1500,00",5,0,1,202005,0,5,"1500,00"
202005,3,31,317020,J,6201501,1,212405,101,8,22,"44,00",3,1,0,1,20,0,0,0,"6000,00",8,0,1,202005,0,5,"6000,00"
202005,5,53,530010,J,6209100,1,212405,101,9,42,"40,00",1,1,0,1,20,0,0,0,"6500,00",6,0,1,202005,0,5,"6500,00"
202005,3,35,355030,J,6204000,-1,212405,101,80,33,"44,00",3,1,0,1,40,0,0,9,"10710,00",10,0,1,202005,0,5,"10710,00"
202005,3,35,354340,J,6201501,1,317110,101,9,25,"44,00",1,1,0,1,20,0,0,0,"1675,00",5,0,1,202005,0,5,"1675,00"
202005,2,23,230440,J,6204000,-1,317210,101,8,28,"44,00",3,1,0,1,31,0,0,9,"1949,16",9,0,1,202005,0,5,"1949,16"
202005,3,33,330455,J,6204000,1,142520,101,80,48,"40,00",3,3,0,1,20,0,0,0,"7800,00",9,0,1,202005,0,5,"7800,00"
202005,3,35,355030,J,6201501,1,212405,101,9,39,"40,00",1,1,0,1,20,0,0,0,"7300,00",10,0,1,202005,0,5,"7300,00"
202005,3,35,355030,J,6201501,-1,212405,101,7,21,"40,00",1,1,0,1,31,0,0,0,"1258,29",8,0,1,202005,0,5,"1258,29"
202005,3,35,350570,J,6202300,1,212420,101,8,20,"40,00",1,3,0,1,20,0,0,0,"3500,00",9,0,1,202005,0,5,"3500,00"
202005,3,35,355030,J,6201501,-1,212405,101,9,34,"40,00",3,1,0,1,40,0,0,0,"9392,75",9,0,1,202005,0,5,"9392,75"
202005,3,35,350320,J,6204000,1,212405,101,9,37,"40,00",1,1,0,1,20,0,0,0,"2106,18",8,0,1,202005,0,5,"2106,18"
202005,3,35,354980,J,6202300,-1,212405,101,9,27,"40,00",1,1,0,1,40,0,0,0,"4662,00",4,0,1,202005,0,5,"4662,00"
202005,3,35,355030,J,6201501,-1,212420,101,7,32,"40,00",1,1,0,1,40,0,0,0,"1794,00",1,0,1,202005,0,5,"1794,00"
202005,3,35,352470,J,6201501,-1,317210,101,7,28,"36,00",3,1,0,1,40,0,0,0,"1620,00",10,0,1,202005,0,5,"1620,00"
202005,4,42,420910,J,6202300,-1,212420,101,7,24,"44,00",6,1,0,1,31,0,0,0,"1553,76",6,0,1,202005,0,5,"1553,76"
202005,3,35,350570,J,6201501,1,212415,101,8,37,"40,00",3,1,0,1,20,0,0,0,"2205,69",7,0,1,202005,0,5,"2205,69"
202005,4,41,410690,J,6204000,-1,212405,101,9,39,"44,00",1,3,0,1,31,0,0,9,"8032,80",8,0,1,202005,0,5,"8032,80"
202005,3,35,355030,J,6204000,-1,317205,101,7,27,"40,00",6,1,0,1,31,0,0,0,"1808,88",6,0,1,202005,0,5,"1808,88"
202005,3,31,317020,J,6203100,-1,212415,101,9,31,"40,00",1,1,0,1,31,0,0,0,"2005,75",7,0,1,202005,0,5,"2005,75"
202005,4,42,420540,J,6202300,-1,317210,101,7,37,"44,00",1,1,0,1,31,0,0,0,"3000,00",10,0,1,202005,0,5,"3000,00"
202005,3,35,355030,J,6209100,-1,212410,101,9,25,"40,00",3,1,0,1,40,0,0,0,"6088,81",7,0,1,202005,0,5,"6088,81"
202005,3,31,312770,J,6209100,-1,212420,101,7,23,"40,00",6,1,0,1,31,0,0,0,"1539,44",5,0,1,202005,0,5,"1539,44"
202005,3,35,355030,J,6209100,1,212410,101,9,46,"40,00",6,1,0,1,20,0,0,0,"1676,00",1,0,1,202005,0,5,"1676,00"
202005,3,35,355030,J,6204000,1,212405,101,9,28,"44,00",3,1,0,1,20,0,0,9,"10000,00",10,0,1,202005,0,5,"10000,00"
202005,3,35,350570,J,6204000,1,212405,101,9,38,"40,00",3,3,0,1,20,0,0,0,"4500,00",9,0,1,202005,0,5,"4500,00"
202005,4,41,410690,J,6204000,-1,142520,101,9,42,"40,00",1,1,0,1,31,0,0,0,"6393,51",8,0,1,202005,0,5,"6393,51"
202005,2,28,280030,J,6209100,1,317210,101,7,37,"44,00",3,1,0,1,20,0,0,0,"1200,00",5,0,1,202005,0,5,"1200,00"
202005,4,43,431490,J,6204000,1,317110,101,9,27,"40,00",1,1,0,1,10,0,0,0,"6019,64",7,0,1,202005,0,5,"6019,64"
202005,3,35,355030,J,6204000,-1,317110,101,9,25,"40,00",3,3,0,1,31,0,0,0,"2400,00",4,0,1,202005,0,5,"2400,00"
202005,3,35,355030,J,6204000,1,212420,101,8,30,"44,00",2,1,0,1,20,0,0,9,"4000,00",10,0,1,202005,0,5,"4000,00"
202005,3,35,354730,J,6204000,-1,212405,101,9,40,"40,00",1,3,0,1,31,0,0,0,"10343,05",9,0,1,202005,0,5,"10343,05"
202005,4,41,410690,J,6201501,-1,317110,101,9,22,"40,00",1,1,0,1,40,0,0,0,"4500,00",7,0,1,202005,0,5,"4500,00"
202005,3,31,317020,J,6201501,1,212410,101,9,43,"44,00",1,1,0,1,20,0,0,0,"13500,00",8,0,1,202005,0,5,"13500,00"
202005,3,35,355030,J,6201501,-1,212405,101,9,63,"40,00",1,1,0,1,31,0,0,0,"4488,77",10,0,1,202005,0,5,"4488,77"
202005,4,43,431490,J,6202300,-1,142520,101,80,35,"42,50",1,3,0,1,31,0,0,0,"3025,20",4,0,1,202005,0,5,"3025,20"
202005,3,35,350950,J,6204000,1,142530,101,9,38,"40,00",3,1,0,1,20,0,0,0,"13000,00",10,0,1,202005,0,5,"13000,00"
202005,2,26,261160,J,6209100,1,212405,101,9,30,"40,00",1,1,0,1,20,0,0,0,"3399,00",6,0,1,202005,0,5,"3399,00"
202005,3,35,350950,J,6201501,1,212405,101,9,25,"40,00",1,1,0,1,20,0,0,0,"4500,00",7,0,1,202005,0,5,"4500,00"
202005,5,53,530010,J,6201501,-1,317110,101,8,22,"40,00",6,1,0,1,40,0,0,0,"2960,00",10,0,1,202005,0,5,"2960,00"
202005,3,35,355030,J,6204000,-1,212405,101,9,47,"40,00",2,1,0,1,40,0,0,0,"5600,00",10,0,1,202005,0,5,"5600,00"
202005,3,35,355030,J,6203100,-1,212405,101,8,37,"40,00",1,1,0,1,31,0,0,0,"4158,61",1,0,1,202005,0,5,"4158,61"
202005,3,35,355030,J,6201501,1,212405,101,9,52,"40,00",1,1,0,1,20,0,0,0,"9000,00",7,0,1,202005,0,5,"9000,00"
202005,3,35,355030,J,6204000,1,317110,101,9,33,"40,00",1,1,0,1,20,0,0,0,"12500,00",6,0,1,202005,0,5,"12500,00"
202005,3,31,310620,J,6209100,-1,212310,101,8,36,"40,00",1,1,0,1,40,0,0,0,"6000,00",5,0,1,202005,0,5,"6000,00"
202005,5,53,530010,J,6201501,-1,212405,101,9,47,"40,00",3,1,0,1,31,0,0,0,"2156,80",10,0,1,202005,0,5,"2156,80"
202005,3,31,314480,J,6201501,-1,212320,101,8,23,"40,00",6,1,0,1,31,0,0,0,"1921,00",7,0,1,202005,0,5,"1921,00"
202005,3,35,350570,J,6202300,1,212420,101,8,25,"40,00",1,1,0,1,20,0,0,0,"6137,20",9,0,1,202005,0,5,"6137,20"
202005,4,41,411520,J,6209100,1,317210,101,9,28,"40,00",1,3,0,1,20,0,0,0,"1400,00",3,0,1,202005,0,5,"1400,00"
202005,4,42,420820,J,6204000,1,212405,101,80,37,"44,00",6,3,0,1,20,0,0,9,"2300,00",1,0,1,202005,0,5,"2300,00"
202005,4,41,410690,J,6209100,1,212420,101,80,33,"40,00",3,3,0,1,20,0,0,0,"2000,00",9,0,1,202005,0,5,"2000,00"
202005,3,35,355030,J,6201501,1,212405,101,9,49,"44,00",2,1,0,1,20,0,0,0,"2200,00",8,0,1,202005,0,5,"2200,00"
202005,3,35,350570,J,6209100,-1,212405,101,7,64,"40,00",1,1,0,1,31,0,0,0,"15000,00",10,0,1,202005,0,5,"15000,00"
202005,3,35,355030,J,6201501,-1,212405,101,9,34,"40,00",1,1,0,1,31,0,0,0,"1681,00",5,0,1,202005,0,5,"1681,00"
202005,4,41,410690,J,6201501,-1,317110,101,9,39,"40,00",1,1,0,1,31,0,0,0,"3200,00",9,0,1,202005,0,5,"3200,00"
202005,3,32,320530,J,6209100,-1,212405,101,9,36,"40,00",3,1,0,1,43,0,0,0,"4500,00",9,0,1,202005,0,5,"4500,00"
202005,4,41,410690,J,6204000,-1,212405,101,8,23,"40,00",3,3,0,1,31,0,0,0,"1980,00",7,0,1,202005,0,5,"1980,00"
202005,3,35,350570,J,6201501,1,317205,101,9,39,"40,00",3,1,0,1,20,0,0,0,"12000,00",9,0,1,202005,0,5,"12000,00"
202005,4,41,410690,J,6204000,-1,317110,101,9,53,"40,00",1,1,0,1,31,0,0,0,"4544,30",7,0,1,202005,0,5,"4544,30"
202005,3,35,352470,J,6201501,1,212405,101,9,34,"40,00",3,1,0,1,20,0,0,0,"10500,00",10,0,1,202005,0,5,"10500,00"
202005,3,33,330455,J,6204000,-1,212420,101,9,40,"30,00",2,3,0,1,31,0,0,0,"1200,41",9,0,1,202005,0,5,"1200,41"
202005,3,35,355030,J,6204000,1,212405,101,9,34,"40,00",1,1,0,1,20,0,0,0,"13800,00",10,0,1,202005,0,5,"13800,00"
202005,5,53,530010,J,6204000,1,212320,101,9,23,"44,00",1,1,0,1,20,0,0,0,"1800,00",4,0,1,202005,0,5,"1800,00"
202005,3,35,355030,J,6202300,1,317110,101,9,32,"40,00",3,1,0,1,20,0,0,0,"5500,00",6,0,1,202005,0,5,"5500,00"
202005,4,42,420240,J,6201501,1,317210,101,9,20,"44,00",6,1,0,1,20,0,0,0,"1346,84",5,0,1,202005,0,5,"1346,84"
202005,3,35,355030,J,6201501,1,212405,101,9,30,"40,00",3,1,0,1,20,0,0,0,"9000,00",8,0,1,202005,0,5,"9000,00"
202005,3,35,355030,J,6201501,1,317110,101,80,59,"40,00",3,3,0,1,20,0,0,0,"9092,80",10,0,1,202005,0,5,"9092,80"
202005,4,43,431490,J,6204000,-1,317210,101,7,20,"30,00",1,3,0,1,40,0,0,0,"1151,70",8,0,1,202005,0,5,"1151,70"
202005,3,35,350950,J,6201501,1,212410,101,9,45,"40,00",1,1,0,1,20,0,0,0,"14000,00",7,0,1,202005,0,5,"14000,00"
202005,4,43,431490,J,6204000,-1,212405,101,9,30,"42,50",1,1,0,1,40,0,0,0,"6193,11",7,0,1,202005,0,5,"6193,11"
202005,3,33,330455,J,6201501,-1,212405,101,9,37,"40,00",3,1,0,1,40,0,0,0,"2214,44",6,0,1,202005,0,5,"2214,44"
202005,3,31,310620,J,6201501,1,212405,101,9,33,"40,00",1,3,0,1,20,0,0,0,"3500,00",5,0,1,202005,0,5,"3500,00"
202005,3,35,355030,J,6203100,-1,212420,101,7,19,"40,00",6,1,0,1,31,0,0,0,"1676,00",2,0,1,202005,0,5,"1676,00"
202005,3,35,350280,J,6201501,1,212420,101,9,22,"40,00",1,1,0,1,20,0,0,0,"1898,14",7,0,1,202005,0,5,"1898,14"
202005,3,35,355030,J,6204000,1,212405,101,7,26,"40,00",6,1,0,1,20,0,0,0,"2400,00",6,0,1,202005,0,5,"2400,00"
202005,3,33,330455,J,6209100,1,317205,101,9,44,"40,00",1,1,0,1,20,0,0,0,"3000,00",5,0,1,202005,0,5,"3000,00"
202005,5,53,530010,J,6201501,-1,317110,101,7,25,"44,00",3,1,0,1,31,0,0,0,"1500,00",8,0,1,202005,0,5,"1500,00"
202005,3,33,330350,J,6209100,-1,142535,101,9,40,"40,00",1,1,0,1,31,0,0,0,"1381,45",4,0,1,202005,0,5,"1381,45"
202005,3,35,355030,J,6311900,-1,212420,101,80,38,"40,00",1,1,0,1,40,0,0,0,"4515,53",9,0,1,202005,0,5,"4515,53"
202005,4,43,431490,J,6201501,1,317210,101,7,37,"36,00",1,1,0,1,20,0,0,0,"1400,00",8,0,1,202005,0,5,"1400,00"
202005,3,31,310620,J,6209100,1,317205,101,9,26,"44,00",1,3,0,1,20,0,0,0,"1188,57",10,0,1,202005,0,5,"1188,57"
202005,3,31,317020,J,6201501,-1,212405,101,1,23,"40,00",1,1,0,1,40,0,0,0,"5408,00",7,0,1,202005,0,5,"5408,00"
202005,3,35,350570,J,6204000,-1,212405,101,7,38,"40,00",6,1,0,1,31,0,0,0,"12316,00",5,0,1,202005,0,5,"12316,00"
202005,3,35,350570,J,6201501,1,212415,101,9,38,"40,00",1,3,0,1,20,0,0,0,"2606,73",7,0,1,202005,0,5,"2606,73"
202005,3,35,350950,J,6204000,1,142510,101,80,42,"40,00",1,1,0,1,20,0,0,0,"15000,00",10,0,1,202005,0,5,"15000,00"
202005,3,35,355030,J,6203100,-1,212420,101,9,25,"40,00",1,3,0,1,40,0,0,0,"6789,25",2,0,1,202005,0,5,"6789,25"
202005,3,35,355030,J,6202300,1,212420,101,9,27,"40,00",6,1,0,1,20,0,0,0,"3000,00",4,0,1,202005,0,5,"3000,00"
202005,3,35,355030,J,6209100,1,142530,101,9,48,"40,00",1,1,0,1,20,0,0,0,"11000,00",5,0,1,202005,0,5,"11000,00"
202005,3,31,317020,J,6204000,1,142520,101,8,60,"44,00",1,1,0,1,20,0,0,9,"4700,00",8,0,1,202005,0,5,"4700,00"
202005,3,35,350570,J,6202300,1,212420,101,9,36,"40,00",1,1,0,1,20,0,0,0,"11345,78",9,0,1,202005,0,5,"11345,78"
202005,3,35,355030,J,6204000,1,212410,101,9,30,"40,00",1,1,0,1,20,0,0,0,"3800,00",8,0,1,202005,0,5,"3800,00"
202005,3,35,350950,J,6201501,-1,212405,101,9,33,"40,00",1,1,0,1,40,0,0,0,"12149,00",8,0,1,202005,0,5,"12149,00"
202005,3,35,354870,J,6311900,-1,212420,101,7,43,"40,00",2,1,0,1,40,0,0,0,"1700,00",6,0,1,202005,0,5,"1700,00"
202005,5,53,530010,J,6201501,-1,212420,101,7,34,"40,00",6,1,0,1,40,0,0,0,"3500,00",10,0,1,202005,0,5,"3500,00"
202005,4,42,421660,J,6209100,-1,317210,101,9,46,"30,00",6,1,0,1,43,0,0,0,"2833,60",8,0,1,202005,0,5,"2833,60"
202005,3,35,355220,J,6204000,1,212405,101,9,58,"40,00",1,3,0,1,20,0,0,0,"6000,00",6,0,1,202005,0,5,"6000,00"
202005,3,31,317020,J,6204000,-1,317110,101,9,43,"40,00",1,1,0,1,40,0,0,0,"10863,19",8,0,1,202005,0,5,"10863,19"
202005,3,35,355030,J,6201501,1,212405,101,9,26,"40,00",3,1,0,1,20,0,0,0,"5750,00",5,0,1,202005,0,5,"5750,00"
202005,3,35,350950,J,6204000,1,317210,101,9,29,"36,00",3,1,0,1,20,0,0,0,"1510,00",10,0,1,202005,0,5,"1510,00"
202005,3,35,350570,J,6201501,1,212405,101,8,29,"40,00",2,3,0,1,20,0,0,0,"6500,00",10,0,1,202005,0,5,"6500,00"
202005,3,31,310620,J,6201501,-1,212420,101,7,28,"44,00",3,1,0,1,31,0,0,0,"2000,00",3,0,1,202005,0,5,"2000,00"
202005,3,35,352470,J,6201501,-1,317210,101,8,23,"40,00",3,1,0,1,43,0,0,0,"1507,75",10,0,1,202005,0,5,"1507,75"
202005,2,26,261160,J,6204000,1,317110,101,9,31,"40,00",2,1,0,1,20,0,0,0,"5000,00",9,0,1,202005,0,5,"5000,00"
202005,3,33,330455,J,6201501,1,212420,101,9,32,"40,00",6,3,0,1,20,0,0,0,"2475,60",6,0,1,202005,0,5,"2475,60"
202005,3,35,355030,J,6203100,-1,317205,101,80,40,"44,00",1,1,0,1,90,0,0,9,"7464,00",6,0,1,202005,0,5,"7464,00"
202005,3,35,355030,J,6203100,1,212405,101,9,46,"40,00",1,1,0,1,20,0,0,0,"8516,26",8,0,1,202005,0,5,"8516,26"
202005,3,35,355030,J,6201501,-1,212405,101,9,40,"40,00",1,1,0,1,31,0,0,0,"24099,00",1,0,1,202005,0,5,"24099,00"
202005,3,35,350320,J,6204000,1,212405,101,80,32,"40,00",3,1,0,1,20,0,0,0,"9804,49",8,0,1,202005,0,5,"9804,49"
202005,2,23,230440,J,6209100,1,212410,101,9,23,"44,00",1,3,0,1,20,0,0,0,"2000,00",2,0,1,202005,0,5,"2000,00"
202005,3,31,310620,J,6204000,-1,212405,101,9,24,"40,00",1,1,0,1,40,0,0,0,"3000,00",10,0,1,202005,0,5,"3000,00"
202005,3,35,350950,J,6204000,-1,142520,101,80,43,"40,00",1,3,0,1,31,0,0,0,"7000,00",10,0,1,202005,0,5,"7000,00"
202005,2,26,261160,J,6311900,-1,317210,101,9,46,"40,00",3,1,0,1,31,0,0,0,"1958,60",7,0,1,202005,0,5,"1958,60"
202005,3,31,314300,J,6311900,1,212405,101,9,27,"40,00",3,1,0,1,20,0,0,0,"1350,00",2,0,1,202005,0,5,"1350,00"
202005,3,35,355030,J,6204000,-1,212405,101,9,27,"40,00",1,1,0,1,40,0,0,0,"10000,00",6,0,1,202005,0,5,"10000,00"
202005,4,43,431490,J,6209100,-1,317205,101,8,27,"44,00",1,1,0,1,31,0,0,0,"1691,00",6,0,1,202005,0,5,"1691,00"
202005,4,43,431490,J,6209100,1,142530,101,9,49,"44,00",1,1,0,1,20,0,0,0,"5000,00",8,0,1,202005,0,5,"5000,00"
202005,3,31,310620,J,6204000,-1,212405,101,9,38,"35,50",3,1,0,1,31,0,0,0,"3003,57",10,0,1,202005,0,5,"3003,57"
202005,3,32,320530,J,6209100,-1,212405,101,9,44,"40,00",1,3,0,1,31,0,0,0,"6501,70",9,0,1,202005,0,5,"6501,70"
202005,4,41,410690,J,6209100,1,212415,101,80,49,"40,00",1,1,0,1,20,0,0,0,"7500,00",7,0,1,202005,0,5,"7500,00"
202005,3,35,355030,J,6201501,1,212405,101,80,49,"40,00",1,1,0,1,20,0,0,0,"13000,00",10,0,1,202005,0,5,"13000,00"
202005,4,41,411850,J,6203100,1,317210,101,7,25,"44,00",1,3,0,1,20,0,0,0,"1403,60",8,0,1,202005,0,5,"1403,60"
202005,4,42,420910,J,6201501,-1,317110,101,9,24,"42,50",1,1,0,1,40,0,0,0,"3147,00",5,0,1,202005,0,5,"3147,00"
202005,3,31,315180,J,6204000,-1,317210,101,8,25,"44,00",1,3,0,1,31,0,0,0,"1700,00",6,0,1,202005,0,5,"1700,00"
202005,3,35,350570,J,6201501,-1,212405,101,9,29,"40,00",3,3,0,1,31,0,0,0,"3200,00",7,0,1,202005,0,5,"3200,00"
202005,3,32,320520,J,6209100,1,317210,101,6,29,"40,00",3,1,0,1,20,0,0,0,"1800,00",4,0,1,202005,0,5,"1800,00"
202005,3,35,354340,J,6203100,-1,212420,101,9,41,"44,00",1,3,0,1,40,0,0,9,"2526,00",5,0,1,202005,0,5,"2526,00"
202005,3,35,355030,J,6204000,-1,212405,101,80,39,"40,00",1,1,0,1,31,0,0,0,"1675,56",6,0,1,202005,0,5,"1675,56"
202005,5,53,530010,J,6203100,1,212405,101,8,32,"40,00",3,1,0,1,20,0,0,0,"3500,00",3,0,1,202005,0,5,"3500,00"
202005,3,32,320530,J,6201501,-1,142520,101,9,51,"40,00",1,1,0,1,31,0,0,0,"6760,00",7,0,1,202005,0,5,"6760,00"
202005,4,41,410480,J,6209100,-1,212405,101,8,29,"40,00",1,3,0,1,31,0,0,0,"2144,00",4,0,1,202005,0,5,"2144,00"
202005,4,41,410690,J,6201501,-1,317110,101,8,25,"40,00",1,3,0,1,40,0,0,0,"2200,00",5,0,1,202005,0,5,"2200,00"
202005,3,33,330455,J,6201501,1,212405,101,9,35,"40,00",1,1,0,1,20,0,0,0,"9500,00",7,0,1,202005,0,5,"9500,00"
202005,3,35,355030,J,6202300,-1,212420,101,9,39,"40,00",6,1,0,1,31,0,0,0,"3350,31",7,0,1,202005,0,5,"3350,31"
202005,3,35,350570,J,6202300,1,142520,101,80,31,"40,00",3,1,0,1,20,0,0,0,"8500,00",7,0,1,202005,0,5,"8500,00"
202005,3,35,355030,J,6201501,-1,212405,101,9,58,"40,00",3,3,0,1,31,0,0,0,"6508,12",10,0,1,202005,0,5,"6508,12"
202005,3,33,330455,J,6209100,1,317110,101,9,26,"44,00",6,1,0,1,10,0,0,0,"2800,00",2,0,1,202005,0,5,"2800,00"
202005,3,35,355030,J,6204000,-1,212420,101,9,27,"40,00",3,1,0,1,40,0,0,0,"13000,00",8,0,1,202005,0,5,"13000,00"
202005,4,41,410690,J,6204000,-1,212420,101,7,38,"40,00",6,1,0,1,31,0,0,0,"10042,00",7,0,1,202005,0,5,"10042,00"
202005,2,23,230440,J,6204000,-1,317205,101,7,22,"36,00",3,1,0,1,31,0,0,0,"1300,00",8,0,1,202005,0,5,"1300,00"
202005,5,53,530010,J,6203100,1,212405,101,9,46,"40,00",6,3,0,1,20,0,0,0,"9168,49",7,0,1,202005,0,5,"9168,49"
202005,3,33,330455,J,6201501,-1,212405,101,9,29,"40,00",1,1,0,1,40,0,0,0,"3500,00",8,0,1,202005,0,5,"3500,00"
202005,3,32,320530,J,6204000,-1,212420,101,8,29,"40,00",3,1,0,1,43,0,0,0,"2800,00",6,0,1,202005,0,5,"2800,00"
202005,3,35,355030,J,6204000,-1,317110,101,9,35,"40,00",1,1,0,1,40,0,0,0,"9269,10",7,0,1,202005,0,5,"9269,10"
202005,3,35,355030,J,6204000,-1,212320,101,80,47,"40,00",1,1,0,1,31,0,0,0,"14208,88",10,0,1,202005,0,5,"14208,88"
202005,4,41,411790,J,6203100,-1,317110,101,9,22,"44,00",1,1,0,1,43,0,0,0,"1200,00",4,0,1,202005,0,5,"1200,00"
202005,3,35,355030,J,6201501,-1,212410,101,9,29,"40,00",2,3,0,1,40,0,0,0,"6140,47",10,0,1,202005,0,5,"6140,47"
202005,3,33,330100,J,6311900,-1,317210,101,7,28,"40,00",3,3,0,1,31,0,0,0,"1645,00",4,0,1,202005,0,5,"1645,00"
202005,3,31,317020,J,6201501,-1,212405,101,1,29,"10,00",1,1,0,1,40,0,0,0,"2689,32",8,0,1,202005,0,5,"2689,32"
202005,3,35,355030,J,6201501,-1,142510,101,80,32,"40,00",3,1,0,1,40,0,0,0,"12746,99",10,0,1,202005,0,5,"12746,99"
202005,3,33,330455,J,6311900,-1,317110,101,9,23,"40,00",3,1,0,1,31,0,0,0,"1411,02",5,0,1,202005,0,5,"1411,02"
202005,3,35,355030,J,6204000,-1,212405,101,9,28,"40,00",1,1,0,1,31,0,0,0,"8455,00",10,0,1,202005,0,5,"8455,00"
202005,3,35,355030,J,6204000,1,212405,101,9,34,"44,00",1,1,0,1,20,0,0,9,"8500,00",10,0,1,202005,0,5,"8500,00"
202005,5,53,530010,J,6201501,-1,142535,101,9,47,"40,00",3,1,0,1,31,1,0,0,"3083,14",10,0,1,202005,0,5,"3083,14"
202005,3,31,310620,J,6201501,-1,212420,101,8,25,"40,00",1,3,0,1,40,0,0,0,"1693,27",9,0,1,202005,0,5,"1693,27"
202005,3,35,354990,J,6201501,1,212405,101,9,39,"40,00",1,1,0,1,20,0,0,0,"11000,00",6,0,1,202005,0,5,"11000,00"
202005,4,42,420240,J,6203100,-1,317110,101,7,25,"44,00",6,1,0,1,40,0,0,0,"3564,52",9,0,1,202005,0,5,"3564,52"
202005,4,42,420240,J,6201501,-1,317210,101,9,25,"40,00",2,1,0,1,31,0,0,0,"2688,17",8,0,1,202005,0,5,"2688,17"
202005,3,35,350950,J,6201501,1,212405,101,7,37,"40,00",1,1,0,1,20,0,0,0,"5800,00",7,0,1,202005,0,5,"5800,00"
202005,3,35,350570,J,6201501,-1,212405,101,9,60,"40,00",1,1,0,1,31,0,0,0,"5905,00",8,0,1,202005,0,5,"5905,00"
202005,3,33,330455,J,6209100,-1,212420,101,9,30,"40,00",6,1,0,1,43,0,0,0,"7000,00",8,0,1,202005,0,5,"7000,00"
202005,5,53,530010,J,6201501,1,212405,101,8,25,"40,00",3,1,0,1,20,0,0,0,"4000,00",10,0,1,202005,0,5,"4000,00"
202005,3,31,314480,J,6209100,-1,212405,101,9,45,"40,00",3,1,0,1,31,0,0,0,"12013,00",9,0,1,202005,0,5,"12013,00"
202005,3,35,350950,J,6204000,-1,212410,101,9,37,"44,00",1,1,0,1,40,0,0,0,"1719,44",10,0,1,202005,0,5,"1719,44"
202005,4,41,410690,J,6204000,1,317110,101,9,29,"40,00",1,1,0,1,20,0,0,0,"5500,00",7,0,1,202005,0,5,"5500,00"
202005,2,26,261160,J,6203100,-1,212205,101,9,25,"40,00",3,1,0,1,40,0,0,0,"2529,81",6,0,1,202005,0,5,"2529,81"
202005,3,33,330330,J,6203100,-1,212315,101,9,28,"40,00",3,1,0,1,31,0,0,0,"4000,00",5,0,1,202005,0,5,"4000,00"
202005,4,43,431490,J,6311900,1,212320,101,9,28,"40,00",1,1,0,1,20,0,0,0,"5500,00",7,0,1,202005,0,5,"5500,00"
202005,3,35,350570,J,6202300,1,212405,101,8,21,"40,00",3,1,0,1,20,0,0,0,"2500,00",7,0,1,202005,0,5,"2500,00"
202005,5,53,530010,J,6203100,1,212405,101,8,24,"40,00",1,1,0,1,20,0,0,0,"4000,00",6,0,1,202005,0,5,"4000,00"
202005,3,35,355030,J,6202300,1,212405,101,9,25,"40,00",1,1,0,1,20,0,0,0,"3900,00",6,0,1,202005,0,5,"3900,00"
202005,2,26,261160,J,6204000,1,317110,101,80,33,"40,00",1,3,0,1,20,0,0,0,"8247,96",9,0,1,202005,0,5,"8247,96"
202005,3,31,310620,J,6204000,-1,212420,101,7,30,"44,00",2,3,0,1,31,0,0,0,"1790,32",6,0,1,202005,0,5,"1790,32"
202005,3,35,355030,J,6204000,-1,212420,101,9,29,"40,00",3,1,0,1,31,0,0,0,"1675,56",10,0,1,202005,0,5,"1675,56"
202005,5,53,530010,J,6203100,-1,212405,101,9,25,"44,00",3,1,0,1,40,0,0,0,"3838,78",7,0,1,202005,0,5,"3838,78"
202005,3,35,355030,J,6204000,-1,142520,101,9,49,"40,00",1,3,0,1,31,0,0,0,"11211,91",10,0,1,202005,0,5,"11211,91"
202005,5,53,530010,J,6204000,1,317110,101,9,35,"40,00",1,3,0,1,20,0,0,0,"3750,00",9,0,1,202005,0,5,"3750,00"
202005,4,42,420820,J,6202300,1,317110,101,9,23,"40,00",1,1,0,1,20,0,0,0,"2400,00",1,0,1,202005,0,5,"2400,00"
202005,3,35,355030,J,6204000,-1,142510,101,9,41,"40,00",1,1,0,1,31,0,0,0,"10000,00",5,0,1,202005,0,5,"10000,00"
202005,5,53,530010,J,6201501,-1,212405,101,8,67,"44,00",1,3,0,1,40,0,0,0,"15654,40",9,0,1,202005,0,5,"15654,40"
202005,3,35,355030,J,6209100,1,212420,101,7,34,"44,00",1,1,0,1,20,0,0,0,"1675,56",4,0,1,202005,0,5,"1675,56"
202005,3,35,354730,J,6209100,1,212320,101,9,33,"44,00",1,1,0,1,20,0,0,0,"5500,00",10,0,1,202005,0,5,"5500,00"
202005,3,35,355030,J,6201501,1,212405,101,80,27,"40,00",4,1,0,1,20,0,0,0,"11500,00",10,0,1,202005,0,5,"11500,00"
202005,3,35,354870,J,6204000,-1,212405,101,9,46,"40,00",1,1,0,1,31,0,0,0,"28175,72",10,0,1,202005,0,5,"28175,72"
202005,3,35,355030,J,6201501,1,212420,101,8,20,"40,00",1,3,0,1,20,0,0,0,"1675,56",9,0,1,202005,0,5,"1675,56"
202005,3,35,355030,J,6204000,1,212405,101,8,37,"44,00",1,3,0,1,20,0,0,9,"5000,00",10,0,1,202005,0,5,"5000,00"
202005,4,42,420420,J,6203100,1,212405,101,80,40,"44,00",1,1,0,1,20,0,0,0,"5096,00",7,0,1,202005,0,5,"5096,00"
202005,3,35,352470,J,6201501,-1,317210,101,7,35,"40,00",1,1,0,1,31,0,0,0,"1587,00",10,0,1,202005,0,5,"1587,00"
202005,3,35,350570,J,6203100,1,212315,101,9,43,"40,00",1,1,0,1,20,0,0,0,"12300,00",9,0,1,202005,0,5,"12300,00"
202005,3,31,317020,J,6201501,1,212405,101,9,25,"44,00",3,1,0,1,20,0,0,0,"7600,00",8,0,1,202005,0,5,"7600,00"
202005,3,31,310620,J,6204000,1,212410,101,9,29,"40,00",2,3,0,1,20,0,0,0,"1819,30",5,0,1,202005,0,5,"1819,30"
202005,3,35,355030,J,6201501,1,317110,101,9,27,"40,00",3,1,0,1,20,0,0,0,"8094,22",10,0,1,202005,0,5,"8094,22"
202005,2,29,292740,J,6204000,-1,212420,101,7,29,"44,00",6,1,0,1,31,0,0,0,"4571,53",9,0,1,202005,0,5,"4571,53"
202005,4,41,410690,J,6204000,-1,212420,101,9,51,"40,00",1,3,0,1,31,0,0,0,"6027,88",7,0,1,202005,0,5,"6027,88"
202005,5,53,530010,J,6201501,1,212405,101,9,47,"44,00",3,3,0,1,20,0,0,0,"4500,00",8,0,1,202005,0,5,"4500,00"
202005,3,35,352590,J,6204000,-1,212405,101,9,40,"44,00",1,1,0,1,43,0,0,0,"10530,00",8,0,1,202005,0,5,"10530,00"
202005,3,35,354980,J,6203100,-1,212405,101,80,33,"40,00",1,3,0,1,31,0,0,0,"2297,00",6,0,1,202005,0,5,"2297,00"
202005,3,35,350320,J,6204000,-1,212405,101,8,29,"40,00",2,1,0,1,40,0,0,0,"7208,40",8,0,1,202005,0,5,"7208,40"
202005,4,42,420910,J,6311900,-1,317110,101,9,24,"44,00",1,3,0,1,31,0,0,0,"3545,10",5,0,1,202005,0,5,"3545,10"
202005,3,35,350950,J,6203100,-1,212405,101,9,34,"40,00",3,3,0,1,31,0,0,0,"2018,66",4,0,1,202005,0,5,"2018,66"
202005,4,41,410690,J,6209100,1,212415,101,8,33,"40,00",1,3,0,1,20,0,0,0,"9000,00",7,0,1,202005,0,5,"9000,00"
202005,4,43,430210,J,6202300,1,317110,101,8,22,"41,40",1,1,0,1,20,0,0,0,"2300,00",6,0,1,202005,0,5,"2300,00"
202005,3,35,355030,J,6201501,-1,317105,101,9,27,"44,00",1,1,0,1,31,0,0,0,"2923,00",3,0,1,202005,0,5,"2923,00"
202005,4,43,431240,J,6203100,1,317110,101,8,22,"40,00",1,1,0,1,20,0,0,0,"4000,00",6,0,1,202005,0,5,"4000,00"
202005,4,43,431490,J,6204000,-1,317210,101,8,40,"44,00",1,1,0,1,31,0,0,0,"1689,10",8,0,1,202005,0,5,"1689,10"
202005,4,41,410690,J,6201501,1,142520,101,80,39,"40,00",1,3,0,1,20,0,0,0,"9500,00",7,0,1,202005,0,5,"9500,00"
202005,4,43,431490,J,6311900,-1,212405,101,9,38,"40,00",1,1,0,1,40,0,0,0,"9000,00",7,0,1,202005,0,5,"9000,00"
202005,5,53,530010,J,6201501,1,212405,101,8,65,"40,00",1,3,0,1,20,0,0,0,"13500,00",10,0,1,202005,0,5,"13500,00"
202005,3,35,350570,J,6209100,1,317110,101,9,45,"40,00",6,1,0,1,20,0,0,0,"10000,00",10,0,1,202005,0,5,"10000,00"
202005,3,31,317020,J,6203100,-1,212410,101,9,30,"40,00",6,1,0,1,40,0,0,0,"3815,24",7,0,1,202005,0,5,"3815,24"
202005,4,41,410690,J,6204000,1,317110,101,9,22,"40,00",1,1,0,1,20,0,0,0,"6500,00",5,0,1,202005,0,5,"6500,00"
202005,3,33,330455,J,6204000,1,317110,101,9,45,"40,00",1,1,0,1,20,0,0,0,"7200,00",9,0,1,202005,0,5,"7200,00"
202005,3,35,350570,J,6201501,-1,212415,101,9,26,"40,00",6,1,0,1,40,0,0,0,"4533,60",9,0,1,202005,0,5,"4533,60"
202005,2,23,230440,J,6204000,-1,317205,101,7,51,"36,00",3,1,0,1,31,0,0,0,"1300,00",8,0,1,202005,0,5,"1300,00"
202005,4,43,431490,J,6201501,-1,142520,101,8,34,"42,30",1,1,0,1,31,0,0,0,"6532,44",6,0,1,202005,0,5,"6532,44"
202005,3,35,350950,J,6204000,-1,212320,101,9,31,"36,00",2,1,0,1,40,0,0,0,"3000,00",10,0,1,202005,0,5,"3000,00"
202005,3,35,355030,J,6209100,1,317210,101,7,30,"40,00",1,1,0,1,20,0,0,0,"2000,00",6,0,1,202005,0,5,"2000,00"
202005,4,43,431490,J,6311900,1,317110,101,8,28,"40,00",1,1,0,1,20,0,0,0,"6500,00",7,0,1,202005,0,5,"6500,00"
202005,3,32,320530,J,6209100,-1,212410,101,9,30,"40,00",1,1,0,1,31,0,0,0,"2500,00",2,0,1,202005,0,5,"2500,00"
202005,3,35,354870,J,6311900,-1,212420,101,8,42,"40,00",1,1,0,1,43,0,0,0,"1700,00",6,0,1,202005,0,5,"1700,00"
202005,3,35,355030,J,6204000,-1,212405,101,9,23,"40,00",1,1,0,1,40,0,0,0,"1620,00",3,0,1,202005,0,5,"1620,00"
202005,3,35,355030,J,6201501,1,212405,101,9,36,"40,00",3,1,0,1,20,0,0,0,"8311,31",10,0,1,202005,0,5,"8311,31"
202005,3,35,350570,J,6209100,-1,212405,101,8,28,"40,00",1,1,0,1,31,0,0,0,"6000,00",6,0,1,202005,0,5,"6000,00"
202005,3,35,355700,J,6201501,-1,212405,101,7,35,"40,00",1,1,0,1,40,0,0,0,"3000,00",6,0,1,202005,0,5,"3000,00"
202005,3,35,350570,J,6204000,1,212410,101,9,49,"40,00",6,3,0,1,20,0,0,0,"8000,00",9,0,1,202005,0,5,"8000,00"
202005,3,33,330455,J,6201501,-1,317210,101,7,34,"40,00",3,1,0,1,31,0,0,0,"1381,45",9,0,1,202005,0,5,"1381,45"
202005,4,41,411520,J,6202300,-1,317210,101,8,22,"40,00",6,3,0,1,40,0,0,0,"1602,83",5,0,1,202005,0,5,"1602,83"
202005,3,35,350570,J,6204000,1,212405,101,8,25,"40,00",1,1,0,1,20,0,0,0,"4800,00",8,0,1,202005,0,5,"4800,00"
202005,3,35,350570,J,6204000,-1,317210,101,9,37,"40,00",1,3,0,1,31,0,0,0,"6846,92",5,0,1,202005,0,5,"6846,92"
202005,4,42,420540,J,6202300,-1,212420,101,9,28,"40,00",6,1,0,1,40,0,0,0,"4332,72",3,0,1,202005,0,5,"4332,72"
202005,4,41,411850,J,6209100,-1,212405,101,80,29,"44,00",1,1,0,1,40,0,0,0,"3186,46",5,0,1,202005,0,5,"3186,46"
202005,3,31,310620,J,6203100,1,317110,101,9,38,"44,00",3,3,0,1,20,0,0,0,"4846,45",7,0,1,202005,0,5,"4846,45"
202005,3,35,355030,J,6204000,-1,212420,101,80,48,"40,00",3,1,0,1,31,0,0,0,"6000,00",10,0,1,202005,0,5,"6000,00"
202005,5,53,530010,J,6201501,-1,317110,101,9,22,"40,00",3,3,0,1,40,0,0,0,"2450,00",10,0,1,202005,0,5,"2450,00"
202005,3,35,350950,J,6201501,1,212405,101,9,36,"40,00",3,1,0,1,20,0,0,0,"9000,00",7,0,1,202005,0,5,"9000,00"
202005,3,35,355030,J,6202300,1,212405,101,9,57,"40,00",4,3,0,1,20,0,0,0,"6850,00",6,0,1,202005,0,5,"6850,00"
202005,4,41,410690,J,6201501,1,317210,101,7,24,"44,00",1,1,0,1,20,0,0,0,"2000,00",3,0,1,202005,0,5,"2000,00"
202005,3,35,355030,J,6311900,-1,212420,101,9,33,"40,00",1,1,0,1,40,0,0,0,"4251,02",9,0,1,202005,0,5,"4251,02"
202005,3,35,355030,J,6204000,-1,212405,101,7,22,"40,00",1,1,0,1,43,0,0,0,"3000,00",8,0,1,202005,0,5,"3000,00"
202005,3,33,330455,J,6201501,1,212405,101,9,25,"40,00",1,1,0,1,20,0,0,0,"13000,00",7,0,1,202005,0,5,"13000,00"
202005,4,41,410690,J,6202300,1,212405,101,8,33,"40,00",6,1,0,1,20,0,0,0,"6800,00",6,0,1,202005,0,5,"6800,00"
202005,5,51,510760,J,6202300,-1,212405,101,9,28,"44,00",1,1,0,1,31,0,0,0,"2500,00",3,0,1,202005,0,5,"2500,00"
202005,3,35,355030,J,6201501,1,212405,101,9,29,"40,00",1,1,0,1,20,0,0,0,"7644,56",9,0,1,202005,0,5,"7644,56"
202005,3,35,355030,J,6202300,1,212405,101,80,35,"40,00",3,1,0,1,20,0,0,0,"9071,00",7,0,1,202005,0,5,"9071,00"
202005,3,31,310620,J,6201501,-1,212405,101,9,29,"44,00",6,1,0,1,40,0,0,0,"6197,00",5,0,1,202005,0,5,"6197,00"
202005,3,35,355030,J,6204000,-1,212405,101,8,27,"40,00",3,1,0,1,40,1,0,0,"1620,00",10,0,1,202005,0,5,"1620,00"
202005,5,53,530010,J,6201501,-1,317110,101,9,26,"40,00",6,1,0,1,43,0,0,0,"6200,00",7,0,1,202005,0,5,"6200,00"
202005,3,35,355030,J,6203100,1,212420,101,9,35,"40,00",4,1,0,1,20,0,0,0,"1700,00",7,0,1,202005,0,5,"1700,00"
202005,3,35,350570,J,6204000,1,142520,101,80,44,"40,00",6,3,0,1,20,0,0,0,"13500,00",9,0,1,202005,0,5,"13500,00"
202005,3,35,350950,J,6204000,1,212310,101,9,25,"40,00",1,1,0,1,20,0,0,0,"2100,00",10,0,1,202005,0,5,"2100,00"
202005,3,32,320530,J,6209100,-1,212405,101,9,34,"40,00",3,1,0,1,31,0,0,0,"3800,00",4,0,1,202005,0,5,"3800,00"
202005,3,35,350570,J,6209100,1,317110,101,9,38,"40,00",6,1,0,1,20,0,0,0,"10000,00",10,0,1,202005,0,5,"10000,00"
202005,3,35,350570,J,6202300,-1,212405,101,7,21,"40,00",3,1,0,1,31,0,0,0,"1702,02",6,0,1,202005,0,5,"1702,02"
202005,3,33,330550,J,6204000,1,317205,101,7,16,"40,00",6,1,0,1,20,0,0,0,"1088,18",5,0,1,202005,0,5,"1088,18"
202005,3,35,350570,J,6209100,1,317110,101,9,32,"40,00",6,1,0,1,20,0,0,0,"1730,00",7,0,1,202005,0,5,"1730,00"
202005,3,35,355220,J,6203100,-1,212405,101,9,23,"40,00",6,1,0,1,40,0,0,0,"3850,11",7,0,1,202005,0,5,"3850,11"
202005,3,35,350950,J,6311900,1,212315,101,80,39,"44,00",1,1,0,1,10,0,0,9,"13000,00",1,0,1,202005,0,5,"13000,00"
202005,4,41,410690,J,6202300,-1,212420,101,8,26,"40,00",6,1,0,1,43,0,0,0,"1832,00",5,0,1,202005,0,5,"1832,00"
202005,4,42,420240,J,6201501,-1,317210,101,8,25,"40,00",1,1,0,1,31,0,0,0,"2797,31",8,0,1,202005,0,5,"2797,31"
202005,3,33,330455,J,6204000,1,212405,101,9,66,"40,00",3,1,0,1,20,0,0,0,"5840,64",6,0,1,202005,0,5,"5840,64"
202005,3,31,310620,J,6202300,1,212420,101,9,27,"40,00",6,1,0,1,20,0,0,0,"5906,60",7,0,1,202005,0,5,"5906,60"
202005,3,35,355030,J,6201501,1,212405,101,9,46,"40,00",1,1,0,1,20,0,0,0,"8000,00",8,0,1,202005,0,5,"8000,00"
202005,3,35,355030,J,6201501,-1,212420,101,80,40,"44,00",2,1,0,1,40,0,0,9,"1843,99",7,0,1,202005,0,5,"1843,99"
202005,3,35,354730,J,6209100,1,212420,101,9,32,"36,00",2,1,0,1,20,0,0,0,"1841,52",10,0,1,202005,0,5,"1841,52"
202005,3,35,355030,J,6209100,-1,212405,101,8,24,"40,00",6,1,0,1,90,0,0,0,"2500,00",8,0,1,202005,0,5,"2500,00"
202005,3,31,310620,J,6203100,-1,212405,101,9,57,"44,00",1,3,0,1,31,0,0,0,"7220,14",7,0,1,202005,0,5,"7220,14"
202005,3,35,355220,J,6311900,-1,212410,101,8,23,"44,00",1,3,0,1,31,0,0,0,"1840,00",2,0,1,202005,0,5,"1840,00"
202005,3,35,355030,J,6203100,-1,212405,101,8,28,"40,00",3,1,0,1,40,0,0,0,"4948,05",10,0,1,202005,0,5,"4948,05"
202005,2,26,261160,J,6209100,1,212420,101,9,30,"44,00",3,3,0,1,20,0,0,0,"1700,00",2,0,1,202005,0,5,"1700,00"
202005,3,33,330455,J,6204000,-1,212420,101,9,41,"40,00",3,1,0,1,43,0,0,0,"1318,00",7,0,1,202005,0,5,"1318,00"
202005,3,35,355030,J,6201501,1,317110,101,9,32,"40,00",1,1,0,1,20,0,0,0,"2500,00",10,0,1,202005,0,5,"2500,00"
202005,5,53,530010,J,6203100,-1,212405,101,9,41,"44,00",1,1,0,1,40,0,0,0,"6620,00",8,0,1,202005,0,5,"6620,00"
202005,3,35,355030,J,6209100,-1,142520,101,9,55,"40,00",1,1,0,1,31,0,0,0,"16591,05",6,0,1,202005,0,5,"16591,05"
202005,5,53,530010,J,6204000,1,212305,101,9,35,"40,00",3,3,0,1,20,0,0,0,"5500,00",8,0,1,202005,0,5,"5500,00"
202005,3,35,355030,J,6204000,-1,212420,101,9,37,"40,00",1,1,0,1,31,0,0,0,"1735,55",10,0,1,202005,0,5,"1735,55"
202005,3,35,354730,J,6204000,-1,317110,101,9,32,"40,00",3,1,0,1,31,0,0,0,"9227,42",9,0,1,202005,0,5,"9227,42"
202005,4,41,410690,J,6201501,-1,317110,101,8,32,"40,00",3,1,0,1,31,0,0,0,"3165,91",6,0,1,202005,0,5,"3165,91"
202005,4,41,410690,J,6209100,1,212405,101,9,27,"40,00",3,1,0,1,20,0,0,0,"4662,35",9,0,1,202005,0,5,"4662,35"
202005,2,26,261160,J,6202300,1,317110,101,9,51,"40,00",3,1,0,1,20,0,0,0,"5522,93",8,0,1,202005,0,5,"5522,93"
202005,4,43,431490,J,6201501,-1,212405,101,8,27,"44,00",1,1,0,1,40,0,0,0,"5459,00",6,0,1,202005,0,5,"5459,00"
202005,3,35,354870,J,6201501,-1,212405,101,9,33,"40,00",6,3,0,1,31,0,0,0,"4304,78",9,0,1,202005,0,5,"4304,78"
202005,3,35,355030,J,6201501,-1,212405,101,8,28,"40,00",1,1,0,1,31,0,0,0,"2690,14",4,0,1,202005,0,5,"2690,14"
202005,3,35,355030,J,6204000,1,212405,101,8,25,"44,00",1,1,0,1,20,0,0,9,"2800,00",10,0,1,202005,0,5,"2800,00"
202005,5,53,530010,J,6201501,-1,212405,101,80,49,"40,00",3,3,0,1,31,0,0,0,"3825,84",10,0,1,202005,0,5,"3825,84"
202005,3,35,355030,J,6202300,-1,317110,101,8,20,"40,00",1,1,0,1,31,0,0,0,"2000,00",4,0,1,202005,0,5,"2000,00"
202005,3,35,355700,J,6201501,-1,212405,101,11,22,"40,00",1,1,0,1,40,0,0,0,"3250,00",6,0,1,202005,0,5,"3250,00"
202005,3,35,350950,J,6204000,-1,212315,101,9,25,"40,00",1,1,0,1,40,0,0,0,"5100,00",5,0,1,202005,0,5,"5100,00"
202005,3,31,314480,J,6209100,-1,212405,101,80,44,"40,00",3,1,0,1,31,0,0,0,"8406,00",9,0,1,202005,0,5,"8406,00"
202005,3,31,310620,J,6201501,-1,212405,101,9,28,"40,00",1,1,0,1,40,0,0,0,"4132,00",6,0,1,202005,0,5,"4132,00"
202005,4,42,421700,J,6202300,1,212405,101,8,23,"42,30",1,1,0,1,20,0,0,0,"3534,00",6,0,1,202005,0,5,"3534,00"
202005,4,42,420540,J,6204000,-1,317110,101,9,24,"40,00",6,3,0,1,90,0,0,0,"7500,00",5,0,1,202005,0,5,"7500,00"
202005,3,35,352590,J,6311900,1,212420,101,8,25,"40,00",1,3,0,1,20,0,0,0,"3700,00",5,0,1,202005,0,5,"3700,00"
202005,3,35,350320,J,6204000,1,212405,101,80,33,"40,00",3,1,0,1,20,0,0,0,"3896,43",8,0,1,202005,0,5,"3896,43"
202005,3,35,355030,J,6209100,-1,212405,101,8,46,"40,00",1,3,0,1,31,0,0,0,"2028,58",3,0,1,202005,0,5,"2028,58"
202005,3,35,355030,J,6203100,1,317210,101,9,34,"40,00",3,1,0,1,20,0,0,0,"1700,00",10,0,1,202005,0,5,"1700,00"
202005,5,52,520870,J,6204000,-1,212405,101,80,36,"44,00",1,1,0,1,31,0,0,0,"3643,50",8,0,1,202005,0,5,"3643,50"
202005,3,35,355030,J,6202300,1,317110,101,9,23,"40,00",3,1,0,1,20,0,0,0,"1930,00",6,0,1,202005,0,5,"1930,00"
202005,4,43,431490,J,6201501,1,212405,101,9,37,"44,00",1,1,0,1,20,0,0,0,"6300,00",5,0,1,202005,0,5,"6300,00"
202005,3,35,355030,J,6209100,-1,212415,101,9,50,"40,00",1,1,0,1,60,0,0,0,"4000,00",9,0,1,202005,0,5,"4000,00"
202005,2,29,292740,J,6204000,-1,212405,101,8,28,"44,00",2,1,0,1,31,0,0,0,"2556,43",9,0,1,202005,0,5,"2556,43"
202005,3,31,310620,J,6201501,1,212420,101,9,24,"40,00",1,3,0,1,20,0,0,0,"1693,27",9,0,1,202005,0,5,"1693,27"
202005,4,43,431490,J,6202300,-1,212420,101,9,36,"36,00",6,1,0,1,31,0,0,0,"2666,30",6,0,1,202005,0,5,"2666,30"
202005,3,35,355670,J,6311900,-1,212420,101,9,29,"40,00",6,1,0,1,31,0,0,0,"1944,18",7,0,1,202005,0,5,"1944,18"
202005,3,35,355030,J,6311900,1,317210,101,7,20,"40,00",6,3,0,1,20,0,0,0,"1680,00",1,0,1,202005,0,5,"1680,00"
202005,3,35,355030,J,6201501,1,212420,101,9,37,"40,00",4,3,0,1,20,0,0,0,"8100,00",8,0,1,202005,0,5,"8100,00"
202005,3,31,310160,J,6311900,1,317205,101,6,19,"44,00",6,3,0,1,20,0,0,0,"1155,00",4,0,1,202005,0,5,"1155,00"
202005,3,35,350160,J,6203100,-1,142520,101,9,27,"40,00",6,1,0,1,31,0,0,0,"2472,00",5,0,1,202005,0,5,"2472,00"
202005,2,23,230440,J,6204000,-1,317210,101,9,38,"44,00",3,3,0,1,31,0,0,9,"1539,43",9,0,1,202005,0,5,"1539,43"
202005,3,35,350950,J,6201501,1,212410,101,9,44,"40,00",1,1,0,1,20,0,0,0,"6852,00",8,0,1,202005,0,5,"6852,00"
202005,4,42,420910,J,6201501,1,212205,101,9,33,"42,50",1,1,0,1,20,0,0,0,"7000,00",8,0,1,202005,0,5,"7000,00"
202005,3,35,355030,J,6201501,-1,317110,101,9,23,"40,00",1,1,0,1,40,0,0,0,"3046,70",10,0,1,202005,0,5,"3046,70"
202005,3,35,355030,J,6209100,-1,212405,101,9,36,"40,00",1,3,0,1,90,0,0,0,"4510,00",5,0,1,202005,0,5,"4510,00"
202005,3,35,355030,J,6311900,-1,317210,101,7,28,"40,00",1,3,0,1,40,0,0,0,"1620,00",9,0,1,202005,0,5,"1620,00"
202005,2,29,291920,J,6201501,1,212405,101,9,23,"44,00",3,1,0,1,20,0,0,0,"2000,00",7,0,1,202005,0,5,"2000,00"
202005,5,53,530010,J,6201501,-1,212420,101,9,34,"40,00",3,1,0,1,31,0,0,0,"1399,48",10,0,1,202005,0,5,"1399,48"
202005,2,26,261160,J,6201501,1,212405,101,9,25,"40,00",1,1,0,1,20,0,0,0,"4076,37",6,0,1,202005,0,5,"4076,37"
202005,3,35,355030,J,6201501,-1,212405,101,9,37,"40,00",3,3,0,1,40,0,0,0,"6626,74",9,0,1,202005,0,5,"6626,74"
202005,3,35,355030,J,6201501,-1,212405,101,9,30,"40,00",1,1,0,1,40,0,0,0,"4060,56",6,0,1,202005,0,5,"4060,56"
202005,3,31,310620,J,6201501,1,212420,101,9,28,"40,00",1,3,0,1,20,0,0,0,"1693,27",9,0,1,202005,0,5,"1693,27"
202005,3,35,352690,J,6202300,1,317110,101,9,23,"40,00",1,1,0,1,20,0,0,0,"2195,00",7,0,1,202005,0,5,"2195,00"
202005,3,31,310620,J,6201501,1,212405,101,9,30,"40,00",3,1,0,1,20,0,0,0,"6500,00",6,0,1,202005,0,5,"6500,00"
202005,3,31,310620,J,6204000,1,212405,101,9,33,"40,00",3,1,0,1,20,0,0,0,"3500,00",7,0,1,202005,0,5,"3500,00"
202005,3,31,310620,J,6204000,-1,317110,101,9,40,"40,00",1,1,0,1,40,0,0,0,"6856,19",10,0,1,202005,0,5,"6856,19"
202005,3,35,355030,J,6201501,1,212405,101,9,40,"40,00",3,1,0,1,20,0,0,0,"9600,00",7,0,1,202005,0,5,"9600,00"
202005,2,23,230350,J,6203100,-1,317110,101,80,43,"44,00",1,1,0,1,40,0,0,0,"3300,00",5,0,1,202005,0,5,"3300,00"
202005,3,31,310620,J,6201501,1,212405,101,9,24,"44,00",3,1,0,1,20,0,0,0,"3000,00",8,0,1,202005,0,5,"3000,00"
202005,3,35,355030,J,6204000,-1,212405,101,7,23,"40,00",1,1,0,1,40,0,0,0,"1620,00",10,0,1,202005,0,5,"1620,00"
202005,3,35,355030,J,6311900,1,212405,101,8,26,"40,00",1,1,0,1,20,0,0,0,"2373,00",1,0,1,202005,0,5,"2373,00"
202005,3,35,355030,J,6204000,-1,142510,101,9,37,"40,00",1,1,0,1,31,0,0,0,"13000,00",10,0,1,202005,0,5,"13000,00"
202005,3,35,355030,J,6201501,1,142510,101,9,38,"40,00",3,1,0,1,20,0,0,0,"40000,00",8,0,1,202005,0,5,"40000,00"
202005,3,35,354730,J,6204000,-1,142530,101,9,36,"40,00",4,1,0,1,31,0,0,0,"8746,85",9,0,1,202005,0,5,"8746,85"
202005,2,23,230440,J,6204000,-1,317205,101,8,32,"31,00",3,1,0,1,31,0,0,0,"1132,93",8,0,1,202005,0,5,"1132,93"
202005,2,29,292740,J,6204000,-1,212405,101,8,25,"40,00",3,3,0,1,31,0,0,0,"4863,05",9,0,1,202005,0,5,"4863,05"
202005,4,41,410690,J,6201501,1,212405,101,9,28,"40,00",1,3,0,1,20,0,0,0,"3230,00",1,0,1,202005,0,5,"3230,00"
202005,3,35,355030,J,6203100,1,212405,101,8,41,"40,00",3,1,0,1,20,0,0,0,"8700,00",7,0,1,202005,0,5,"8700,00"
202005,3,33,330455,J,6201501,-1,317210,101,8,29,"40,00",3,3,0,1,31,0,0,0,"1381,45",8,0,1,202005,0,5,"1381,45"
202005,3,31,310620,J,6204000,-1,142510,101,9,33,"40,00",1,1,0,1,31,0,0,0,"5895,49",6,0,1,202005,0,5,"5895,49"
202005,3,31,310620,J,6201501,-1,212405,101,8,26,"40,00",1,1,0,1,40,0,0,0,"4700,00",5,0,1,202005,0,5,"4700,00"
202005,2,25,250750,J,6204000,1,212405,101,10,28,"44,00",1,1,0,1,20,0,0,0,"2500,00",3,0,1,202005,0,5,"2500,00"
202005,3,31,310620,J,6201501,-1,212405,101,9,28,"40,00",1,1,0,1,40,0,0,0,"3811,00",8,0,1,202005,0,5,"3811,00"
202005,3,35,355030,J,6201501,-1,212405,101,7,50,"40,00",1,3,0,1,31,0,0,0,"7111,31",10,0,1,202005,0,5,"7111,31"
202005,5,53,530010,J,6202300,1,212420,101,8,19,"44,00",6,1,0,1,20,0,0,0,"1791,20",4,0,1,202005,0,5,"1791,20"
202005,5,51,510515,J,6209100,1,212420,101,7,26,"44,00",6,1,0,1,20,0,0,0,"2508,00",4,0,1,202005,0,5,"2508,00"
202005,2,25,250750,J,6209100,1,317110,101,9,24,"44,00",2,1,0,1,20,0,0,0,"1800,00",5,0,1,202005,0,5,"1800,00"
202005,3,35,352680,J,6202300,-1,212420,101,9,23,"40,00",1,1,0,1,31,0,0,0,"2800,00",4,0,1,202005,0,5,"2800,00"
202005,3,31,310620,J,6203100,1,317110,101,9,30,"44,00",3,1,0,1,20,0,0,0,"3704,52",7,0,1,202005,0,5,"3704,52"
202005,4,43,430810,J,6203100,-1,317110,101,8,26,"44,00",6,1,0,1,31,0,0,0,"4067,00",6,0,1,202005,0,5,"4067,00"
202005,4,43,431410,J,6202300,-1,317110,101,80,26,"44,00",1,1,0,1,43,0,0,0,"2500,00",2,0,1,202005,0,5,"2500,00"
202005,3,32,320520,J,6209100,1,317110,101,9,23,"40,00",3,3,0,1,20,0,0,0,"1050,60",2,0,1,202005,0,5,"1050,60"
202005,3,31,310620,J,6201501,1,212420,101,7,27,"36,00",1,1,0,1,20,0,0,0,"1500,00",8,0,1,202005,0,5,"1500,00"
202005,5,50,500270,J,6209100,-1,212405,101,9,63,"44,00",3,1,0,1,60,0,0,0,"7997,00",8,0,1,202005,0,5,"7997,00"
202005,3,35,355030,J,6201501,1,212405,101,9,24,"40,00",3,1,0,1,20,0,0,0,"6400,00",10,0,1,202005,0,5,"6400,00"
202005,3,35,355030,J,6311900,1,317210,101,9,24,"40,00",6,1,0,1,20,0,0,0,"1680,00",1,0,1,202005,0,5,"1680,00"
202005,3,35,355030,J,6201501,-1,317110,101,9,20,"40,00",3,3,0,1,40,0,0,0,"3396,49",10,0,1,202005,0,5,"3396,49"
202005,4,42,420910,J,6201501,-1,212420,101,8,32,"44,00",6,1,0,1,31,0,0,0,"2473,20",7,0,1,202005,0,5,"2473,20"
202005,3,31,310620,J,6203100,-1,212405,101,9,32,"40,00",3,1,0,1,40,0,0,0,"5026,20",9,0,1,202005,0,5,"5026,20"
202005,3,35,355030,J,6204000,-1,212405,101,9,35,"40,00",1,1,0,1,40,0,0,0,"5292,00",4,0,1,202005,0,5,"5292,00"
202005,3,35,350570,J,6201501,-1,212405,101,80,37,"40,00",1,3,0,1,40,0,0,0,"9639,64",10,0,1,202005,0,5,"9639,64"
202005,3,35,355030,J,6201501,-1,212405,101,9,67,"40,00",1,1,0,1,31,0,0,0,"8034,00",5,0,1,202005,0,5,"8034,00"
202005,3,35,355030,J,6209100,1,212415,101,9,38,"40,00",1,3,0,1,20,0,0,0,"4000,00",1,0,1,202005,0,5,"4000,00"
202005,3,35,350950,J,6203100,-1,212405,101,7,33,"40,00",3,3,0,1,40,0,0,0,"4326,00",6,0,1,202005,0,5,"4326,00"
202005,2,23,230440,J,6201501,1,317110,101,9,25,"40,00",2,3,0,1,20,0,0,0,"6000,06",7,0,1,202005,0,5,"6000,06"
202005,4,41,410690,J,6202300,1,317110,101,8,24,"40,00",1,1,0,1,10,0,0,0,"2895,36",6,0,1,202005,0,5,"2895,36"
202005,4,41,410690,J,6201501,1,212405,101,9,35,"40,00",1,1,0,1,20,0,0,0,"6500,00",7,0,1,202005,0,5,"6500,00"
202005,3,35,355030,J,6204000,-1,212405,101,9,30,"40,00",1,3,0,1,40,0,0,0,"4500,00",10,0,1,202005,0,5,"4500,00"
202005,5,53,530010,J,6203100,1,212415,101,8,20,"40,00",6,1,0,1,20,0,0,0,"1102,81",7,0,1,202005,0,5,"1102,81"
202005,4,41,410690,J,6201501,1,212405,101,8,42,"40,00",1,1,0,1,20,0,0,0,"7000,00",7,0,1,202005,0,5,"7000,00"
202005,3,35,352690,J,6202300,1,212420,101,9,39,"40,00",1,1,0,1,20,0,0,0,"1848,00",7,0,1,202005,0,5,"1848,00"
202005,3,35,350570,J,6209100,-1,212310,101,80,28,"40,00",2,1,0,1,40,0,0,0,"7540,22",7,0,1,202005,0,5,"7540,22"
202005,4,41,411520,J,6203100,1,212405,101,9,25,"40,00",6,1,0,1,20,0,0,0,"5300,00",2,0,1,202005,0,5,"5300,00"
202005,3,31,311860,J,6201501,-1,212405,101,9,27,"44,00",1,1,0,1,40,0,0,0,"4281,99",2,0,1,202005,0,5,"4281,99"
202005,2,26,261160,J,6201501,1,317210,101,9,35,"40,00",3,1,0,1,20,0,0,0,"1490,00",6,0,1,202005,0,5,"1490,00"
202005,3,35,350320,J,6201501,-1,212420,101,9,26,"40,00",1,1,0,1,31,0,0,0,"3500,00",7,0,1,202005,0,5,"3500,00"
202005,3,35,355030,J,6201501,1,212420,101,9,30,"40,00",6,1,0,1,20,0,0,0,"7000,00",9,0,1,202005,0,5,"7000,00"
202005,3,35,353980,J,6204000,-1,212420,101,9,26,"44,00",1,3,0,1,40,0,0,0,"3152,10",4,0,1,202005,0,5,"3152,10"
202005,3,35,355030,J,6203100,-1,317210,101,7,23,"40,00",1,1,0,1,40,0,0,0,"1751,00",6,0,1,202005,0,5,"1751,00"
202005,3,35,355030,J,6204000,1,212405,101,9,62,"40,00",1,1,0,1,20,0,0,0,"2882,00",6,0,1,202005,0,5,"2882,00"
202005,4,43,431490,J,6201501,-1,212405,101,9,48,"40,00",1,1,0,1,31,0,0,0,"6063,60",8,0,1,202005,0,5,"6063,60"
202005,3,31,317020,J,6203100,-1,317110,101,8,24,"40,00",3,1,0,1,40,0,0,0,"2916,00",8,0,1,202005,0,5,"2916,00"
202005,3,35,352470,J,6201501,1,212405,101,8,22,"40,00",1,1,0,1,20,0,0,0,"4200,00",10,0,1,202005,0,5,"4200,00"
202005,3,35,355030,J,6201501,1,142520,101,9,36,"40,00",1,1,0,1,20,0,0,0,"15568,00",7,0,1,202005,0,5,"15568,00"
202005,2,29,292740,J,6201501,1,212405,101,9,39,"40,00",2,1,0,1,20,0,0,0,"6500,00",8,0,1,202005,0,5,"6500,00"
202005,4,41,411520,J,6203100,1,212420,101,9,22,"44,00",1,1,0,1,20,0,0,0,"1389,21",7,0,1,202005,0,5,"1389,21"
202005,3,35,355030,J,6311900,1,212405,101,9,22,"40,00",1,1,0,1,20,0,0,0,"5131,00",1,0,1,202005,0,5,"5131,00"
202005,4,43,431490,J,6202300,-1,212405,101,8,33,"42,50",1,1,0,1,31,0,0,0,"6711,71",5,0,1,202005,0,5,"6711,71"
202005,3,35,350950,J,6202300,1,212405,101,8,19,"40,00",1,1,0,1,20,0,0,0,"5200,00",8,0,1,202005,0,5,"5200,00"
202005,3,31,310620,J,6203100,1,317110,101,8,22,"30,00",1,1,0,1,20,0,0,0,"1850,00",2,0,1,202005,0,5,"1850,00"
202005,3,35,354340,J,6201501,1,212420,101,80,28,"40,00",1,3,0,1,20,0,0,0,"1988,51",6,0,1,202005,0,5,"1988,51"
202005,3,35,355030,J,6204000,-1,212405,101,9,43,"40,00",1,1,0,1,40,0,0,0,"12607,64",8,0,1,202005,0,5,"12607,64"
202005,3,35,355030,J,6204000,-1,212315,101,8,19,"44,00",1,1,0,1,43,0,0,0,"1808,88",6,0,1,202005,0,5,"1808,88"
202005,4,41,411370,J,6209100,-1,212405,101,80,28,"40,00",1,1,0,1,40,0,0,0,"6470,00",8,0,1,202005,0,5,"6470,00"
202005,3,31,310620,J,6204000,-1,212405,101,9,39,"40,00",1,1,0,1,40,0,0,0,"7230,00",8,0,1,202005,0,5,"7230,00"
202005,3,35,355030,J,6201501,-1,142510,101,9,33,"44,00",1,1,0,1,43,0,0,9,"9018,17",5,0,1,202005,0,5,"9018,17"
202005,4,43,430510,J,6311900,-1,317110,101,8,26,"44,00",1,1,0,1,31,0,0,0,"2748,00",3,0,1,202005,0,5,"2748,00"
202005,3,35,350570,J,6209100,-1,212405,101,9,34,"40,00",1,1,0,1,40,0,0,0,"7500,00",10,0,1,202005,0,5,"7500,00"
202005,3,35,355030,J,6202300,-1,212210,101,9,38,"44,00",6,1,0,1,31,0,0,0,"8000,00",5,0,1,202005,0,5,"8000,00"
202005,3,35,355030,J,6204000,-1,212405,101,8,25,"40,00",1,1,0,1,40,0,0,0,"2190,00",6,0,1,202005,0,5,"2190,00"
202005,5,50,500270,J,6201501,-1,212405,101,9,25,"44,00",6,1,0,1,31,0,0,0,"1736,15",7,0,1,202005,0,5,"1736,15"
202005,3,35,353440,J,6201501,-1,212420,101,7,21,"40,00",3,1,0,1,31,0,0,0,"2321,92",9,0,1,202005,0,5,"2321,92"
202005,5,53,530010,J,6203100,-1,212405,101,9,33,"44,00",1,1,0,1,40,0,0,0,"12857,00",8,0,1,202005,0,5,"12857,00"
202005,3,35,355030,J,6209100,-1,212405,101,9,22,"40,00",1,1,0,1,40,0,0,0,"2007,95",4,0,1,202005,0,5,"2007,95"
202005,3,35,354990,J,6202300,-1,317110,101,9,29,"30,00",3,3,0,1,31,0,0,0,"3241,88",7,0,1,202005,0,5,"3241,88"
202005,3,31,310620,J,6203100,-1,317210,101,7,31,"44,00",3,3,0,1,31,0,0,0,"3003,24",8,0,1,202005,0,5,"3003,24"
202005,3,31,310620,J,6201501,-1,212405,101,7,45,"44,00",1,3,0,1,31,0,0,9,"4485,50",6,0,1,202005,0,5,"4485,50"
202005,4,42,420910,J,6202300,-1,212405,101,9,47,"40,00",1,1,0,1,31,0,0,0,"9522,39",6,0,1,202005,0,5,"9522,39"
202005,5,53,530010,J,6204000,-1,317210,101,8,24,"40,00",1,1,0,1,31,0,0,0,"1632,57",7,0,1,202005,0,5,"1632,57"
202005,3,35,355030,J,6311900,1,317210,101,8,21,"40,00",6,3,0,1,20,0,0,0,"1680,00",1,0,1,202005,0,5,"1680,00"
202005,4,43,430460,J,6202300,-1,317110,101,7,20,"40,00",1,1,0,1,40,0,0,0,"1635,88",7,0,1,202005,0,5,"1635,88"
202005,3,35,355030,J,6201501,-1,212405,101,9,30,"40,00",6,1,0,1,31,0,0,0,"3000,00",7,0,1,202005,0,5,"3000,00"
202005,2,23,230440,J,6204000,-1,317205,101,9,26,"31,00",3,1,0,1,31,0,0,0,"1132,93",8,0,1,202005,0,5,"1132,93"
202005,3,35,350320,J,6204000,1,212405,101,9,40,"40,00",6,1,0,1,20,0,0,0,"4907,46",8,0,1,202005,0,5,"4907,46"
202005,3,33,330455,J,6201501,-1,212405,101,7,25,"40,00",1,1,0,1,40,0,0,0,"5000,00",6,0,1,202005,0,5,"5000,00"
202005,5,50,500270,J,6203100,1,317210,101,9,47,"44,00",6,3,0,1,20,0,0,0,"3418,00",9,0,1,202005,0,5,"3418,00"
202005,3,35,353440,J,6311900,1,317210,101,7,35,"44,00",6,1,0,1,20,0,0,0,"1358,63",8,0,1,202005,0,5,"1358,63"
202005,3,35,355030,J,6204000,-1,212405,101,8,50,"40,00",6,3,0,1,40,0,0,0,"5000,00",10,0,1,202005,0,5,"5000,00"
202005,5,53,530010,J,6201501,1,212405,101,9,47,"40,00",1,1,0,1,20,0,0,0,"6800,00",10,0,1,202005,0,5,"6800,00"
202005,3,35,350950,J,6311900,1,212215,101,9,29,"40,00",3,1,0,1,20,0,0,0,"8500,00",6,0,1,202005,0,5,"8500,00"
202005,3,35,355030,J,6201501,-1,212405,101,9,25,"40,00",1,3,0,1,40,0,0,0,"7283,30",10,0,1,202005,0,5,"7283,30"
202005,4,41,410690,J,6204000,1,212405,101,80,31,"40,00",1,3,0,1,20,0,0,0,"4000,00",5,0,1,202005,0,5,"4000,00"
202005,2,26,261160,J,6202300,1,317110,101,9,26,"40,00",3,1,0,1,20,0,0,0,"4130,66",5,0,1,202005,0,5,"4130,66"
202005,4,43,430700,J,6201501,-1,317110,101,8,25,"44,00",1,1,0,1,31,0,0,0,"1969,93",7,0,1,202005,0,5,"1969,93"
202005,3,31,317150,J,6201501,-1,317210,101,9,29,"36,00",6,3,0,1,31,0,0,0,"2230,14",8,0,1,202005,0,5,"2230,14"
202005,3,35,355030,J,6204000,-1,212405,101,9,27,"44,00",1,1,0,1,31,0,0,9,"3000,00",7,0,1,202005,0,5,"3000,00"
202005,3,35,350950,J,6202300,-1,212405,101,8,32,"40,00",2,1,0,1,31,0,0,0,"2200,00",5,0,1,202005,0,5,"2200,00"
202005,2,28,280030,J,6311900,-1,317210,101,7,28,"40,00",1,1,0,1,31,0,0,0,"1931,00",4,0,1,202005,0,5,"1931,00"
202005,2,29,291072,J,6209100,-1,317210,101,6,18,"22,00",3,1,0,1,31,0,0,0,"525,00",3,0,1,202005,0,5,"525,00"
202005,3,35,355030,J,6202300,-1,212405,101,9,41,"40,00",6,3,0,1,31,0,0,0,"4215,83",5,0,1,202005,0,5,"4215,83"
202005,4,41,410480,J,6209100,1,317210,101,8,26,"40,00",3,1,0,1,20,0,0,0,"1788,90",4,0,1,202005,0,5,"1788,90"
202005,3,32,320530,J,6209100,-1,317210,101,9,38,"40,00",1,3,0,1,31,0,0,0,"1603,19",7,0,1,202005,0,5,"1603,19"
202005,4,41,410690,J,6201501,1,212405,101,9,26,"40,00",1,1,0,1,20,0,0,0,"5000,00",7,0,1,202005,0,5,"5000,00"
202005,3,35,352690,J,6202300,-1,212420,101,7,28,"40,00",1,1,0,1,40,0,0,0,"1848,00",7,0,1,202005,0,5,"1848,00"
202005,3,31,310620,J,6204000,1,212405,101,8,38,"40,00",3,1,0,1,20,0,0,0,"8000,00",7,0,1,202005,0,5,"8000,00"
202005,3,35,355030,J,6201501,1,212405,101,9,31,"40,00",1,1,0,1,20,0,0,0,"6500,00",8,0,1,202005,0,5,"6500,00"
202005,3,35,353440,J,6311900,1,317210,101,5,24,"44,00",6,3,0,1,20,0,0,0,"1164,80",8,0,1,202005,0,5,"1164,80"
202005,2,29,292740,J,6204000,-1,212420,101,7,22,"44,00",1,1,0,1,31,0,0,0,"3200,00",9,0,1,202005,0,5,"3200,00"
202005,3,31,317020,J,6201501,1,212405,101,6,23,"44,00",3,1,0,1,20,0,0,0,"3600,00",2,0,1,202005,0,5,"3600,00"
202005,4,41,410690,J,6201501,-1,317110,101,8,27,"40,00",1,1,0,1,31,0,0,0,"3200,00",9,0,1,202005,0,5,"3200,00"
202005,2,29,291920,J,6209100,-1,212420,101,8,36,"44,00",3,1,0,1,31,0,0,0,"3401,08",5,0,1,202005,0,5,"3401,08"
202005,4,42,420540,J,6203100,-1,317110,101,9,30,"44,00",1,1,0,1,40,0,0,0,"4877,00",9,0,1,202005,0,5,"4877,00"
202005,4,41,410720,J,6203100,-1,317105,101,6,16,"44,00",1,1,0,1,40,0,0,0,"1045,00",8,0,1,202005,0,5,"1045,00"
202005,3,33,330330,J,6201501,1,212405,101,9,44,"44,00",1,1,0,1,20,0,0,0,"3400,00",7,0,1,202005,0,5,"3400,00"
202005,3,35,355030,J,6203100,-1,212405,101,9,38,"40,00",1,1,0,1,31,0,0,0,"27208,00",4,0,1,202005,0,5,"27208,00"
202005,4,42,420240,J,6203100,-1,212420,101,8,21,"44,00",6,1,0,1,40,0,0,9,"1977,68",7,0,1,202005,0,5,"1977,68"
202005,3,35,355030,J,6204000,1,212405,101,9,23,"40,00",3,1,0,1,20,0,0,0,"3000,00",4,0,1,202005,0,5,"3000,00"
202005,4,42,420240,J,6202300,-1,317210,101,8,28,"40,00",6,1,0,1,31,0,0,0,"2021,07",5,0,1,202005,0,5,"2021,07"
202005,4,43,431490,J,6201501,-1,212405,101,9,47,"44,00",1,3,0,1,31,0,0,0,"5831,56",7,0,1,202005,0,5,"5831,56"
202005,4,43,431440,J,6209100,1,317110,101,7,25,"44,00",6,3,0,1,20,0,0,0,"1200,00",4,0,1,202005,0,5,"1200,00"
202005,3,35,350570,J,6201501,-1,317205,101,8,40,"40,00",2,1,0,1,31,0,0,0,"9557,13",5,0,1,202005,0,5,"9557,13"
202005,3,35,355030,J,6204000,-1,212405,101,9,38,"40,00",1,1,0,1,31,0,0,0,"2900,00",8,0,1,202005,0,5,"2900,00"
202005,3,31,313820,J,6203100,1,212405,101,9,24,"44,00",1,1,0,1,20,0,0,0,"3500,00",1,0,1,202005,0,5,"3500,00"
202005,4,42,420460,J,6204000,1,212405,101,7,32,"44,00",6,1,0,1,20,0,0,0,"3000,00",5,0,1,202005,0,5,"3000,00"
202005,3,35,350570,J,6202300,1,212215,101,9,59,"40,00",3,1,0,1,20,0,0,0,"9931,00",7,0,1,202005,0,5,"9931,00"
202005,3,35,355030,J,6209100,1,212420,101,8,28,"44,00",1,1,0,1,20,0,0,0,"1689,10",5,0,1,202005,0,5,"1689,10"
202005,3,35,355030,J,6201501,-1,317110,101,8,54,"40,00",1,1,0,1,40,0,0,0,"7045,26",10,0,1,202005,0,5,"7045,26"
202005,3,35,355030,J,6204000,1,212405,101,9,22,"40,00",3,1,0,1,20,0,0,0,"2500,00",5,0,1,202005,0,5,"2500,00"
202005,3,35,355030,J,6201501,-1,212405,101,9,37,"40,00",1,1,0,1,31,0,0,0,"4800,00",10,0,1,202005,0,5,"4800,00"
202005,3,35,355030,J,6204000,-1,142510,101,9,36,"40,00",1,3,0,1,40,0,0,0,"14662,00",10,0,1,202005,0,5,"14662,00"
202005,3,35,355030,J,6204000,1,212405,101,9,28,"44,00",1,3,0,1,20,0,0,9,"6000,00",10,0,1,202005,0,5,"6000,00"
202005,3,35,355030,J,6201501,1,212405,101,9,41,"44,00",1,1,0,1,20,0,0,9,"3047,77",7,0,1,202005,0,5,"3047,77"
202005,5,53,530010,J,6204000,-1,212420,101,9,38,"44,00",6,3,0,1,31,0,0,0,"4662,32",8,0,1,202005,0,5,"4662,32"
202005,3,35,355030,J,6311900,-1,212420,101,9,43,"40,00",1,1,0,1,40,0,0,0,"4750,00",9,0,1,202005,0,5,"4750,00"
202005,3,35,355030,J,6203100,-1,212410,101,9,32,"40,00",3,1,0,1,31,0,0,0,"6304,00",7,0,1,202005,0,5,"6304,00"
202005,3,35,355030,J,6204000,-1,212315,101,8,27,"40,00",5,1,0,1,43,0,0,0,"1808,88",6,0,1,202005,0,5,"1808,88"
202005,3,35,350570,J,6203100,1,317205,101,80,30,"40,00",1,1,0,1,20,0,0,0,"8900,00",9,0,1,202005,0,5,"8900,00"
202005,4,42,420910,J,6201501,-1,212405,101,9,28,"44,00",2,1,0,1,90,0,0,0,"2704,00",3,0,1,202005,0,5,"2704,00"
202005,3,35,352470,J,6201501,-1,317210,101,9,25,"41,00",1,1,0,1,40,0,0,0,"1587,00",10,0,1,202005,0,5,"1587,00"
202005,3,35,352690,J,6202300,-1,212420,101,9,28,"40,00",1,1,0,1,31,0,0,0,"2566,34",7,0,1,202005,0,5,"2566,34"
202005,3,35,355030,J,6201501,1,212405,101,9,28,"40,00",1,1,0,1,20,0,0,0,"9500,00",8,0,1,202005,0,5,"9500,00"
202005,2,23,230440,J,6204000,-1,317205,101,7,54,"36,00",3,1,0,1,31,0,0,0,"1300,00",8,0,1,202005,0,5,"1300,00"
202005,3,33,330455,J,6209100,-1,317210,101,7,35,"40,00",3,1,0,1,31,0,0,0,"3328,70",3,0,1,202005,0,5,"3328,70"
202005,3,35,355030,J,6201501,1,212420,101,7,33,"44,00",6,1,0,1,20,0,0,0,"2400,00",1,0,1,202005,0,5,"2400,00"
202005,3,35,350950,J,6204000,1,212405,101,9,22,"40,00",1,3,0,1,20,0,0,0,"2200,00",10,0,1,202005,0,5,"2200,00"
202005,3,33,330455,J,6204000,1,212405,101,9,38,"40,00",3,3,0,1,20,0,0,0,"9000,00",9,0,1,202005,0,5,"9000,00"
202005,2,23,230440,J,6201501,-1,212405,101,9,32,"40,00",3,1,0,1,40,0,0,0,"9000,00",6,0,1,202005,0,5,"9000,00"
202005,3,35,355030,J,6311900,1,212405,101,9,28,"44,00",2,1,0,1,20,0,0,0,"10000,00",9,0,1,202005,0,5,"10000,00"
202005,3,35,354870,J,6201501,-1,212405,101,9,47,"40,00",6,1,0,1,31,0,0,0,"7655,09",8,0,1,202005,0,5,"7655,09"
202005,3,35,355030,J,6204000,1,212405,101,9,53,"40,00",1,1,0,1,20,0,0,0,"2235,45",6,0,1,202005,0,5,"2235,45"
202005,3,35,355030,J,6204000,1,212405,101,9,31,"40,00",6,1,0,1,20,0,0,0,"7300,00",6,0,1,202005,0,5,"7300,00"
202005,3,33,330455,J,6201501,1,212405,101,9,37,"40,00",2,1,0,1,20,0,0,0,"5214,53",6,0,1,202005,0,5,"5214,53"
202005,3,31,310620,J,6204000,-1,212405,101,10,33,"40,00",3,1,0,1,40,0,0,0,"7746,00",8,0,1,202005,0,5,"7746,00"
202005,3,35,355030,J,6203100,1,212405,101,9,24,"40,00",5,1,0,1,20,0,0,0,"6400,00",10,0,1,202005,0,5,"6400,00"
202005,4,41,411915,J,6209100,-1,317110,101,9,38,"40,00",6,1,0,1,31,0,0,0,"1750,87",4,0,1,202005,0,5,"1750,87"
202005,5,53,530010,J,6203100,-1,212405,101,9,27,"44,00",1,1,0,1,40,0,0,0,"6948,00",8,0,1,202005,0,5,"6948,00"
202005,4,43,431490,J,6201501,-1,142520,101,9,53,"44,00",1,1,0,1,31,0,0,0,"9270,00",6,0,1,202005,0,5,"9270,00"
202005,5,53,530010,J,6204000,1,212410,101,80,43,"40,00",3,3,0,1,20,0,0,0,"4896,25",1,0,1,202005,0,5,"4896,25"
202005,3,35,355030,J,6202300,-1,212420,101,8,20,"44,00",1,3,0,1,40,0,0,0,"1521,43",6,0,1,202005,0,5,"1521,43"
202005,4,43,431870,J,6204000,1,212405,101,8,29,"40,00",1,1,0,1,20,0,0,0,"5265,38",10,0,1,202005,0,5,"5265,38"
202005,3,35,350570,J,6202300,-1,212405,101,9,30,"40,00",1,1,0,1,40,0,0,0,"6000,00",5,0,1,202005,0,5,"6000,00"
202005,3,35,350550,J,6202300,1,317105,101,8,19,"44,00",1,1,0,1,20,0,0,0,"1500,00",5,0,1,202005,0,5,"1500,00"
202005,4,43,430510,J,6203100,-1,317210,101,7,40,"42,48",1,3,0,1,43,0,0,0,"2700,00",4,0,1,202005,0,5,"2700,00"
202005,3,35,350570,J,6203100,1,212405,101,9,28,"40,00",1,1,0,1,20,0,0,0,"9600,00",9,0,1,202005,0,5,"9600,00"
202005,3,31,310620,J,6209100,1,212420,101,7,28,"44,00",1,1,0,1,20,0,0,0,"1796,27",4,0,1,202005,0,5,"1796,27"
202005,4,41,411370,J,6209100,1,212410,101,9,24,"44,00",6,1,0,1,20,0,0,0,"1500,00",4,0,1,202005,0,5,"1500,00"
202005,2,23,230440,J,6311900,1,212420,101,8,31,"44,00",3,1,0,1,20,0,0,0,"5700,00",5,0,1,202005,0,5,"5700,00"
202005,3,35,354730,J,6204000,-1,212405,101,9,37,"40,00",1,1,0,1,31,0,0,0,"6306,83",9,0,1,202005,0,5,"6306,83"
202005,4,41,411520,J,6209100,1,317210,101,9,25,"40,00",1,1,0,1,20,0,0,0,"1400,00",3,0,1,202005,0,5,"1400,00"
202005,3,31,310620,J,6204000,-1,317110,101,9,24,"40,00",3,1,0,1,31,0,0,0,"4257,81",10,0,1,202005,0,5,"4257,81"
202005,3,31,310620,J,6201501,-1,212405,101,9,36,"40,00",3,1,0,1,31,0,0,0,"2250,00",8,0,1,202005,0,5,"2250,00"
202005,4,42,420240,J,6201501,-1,317210,101,8,23,"40,00",1,1,0,1,31,0,0,0,"2402,61",8,0,1,202005,0,5,"2402,61"
202005,3,33,330455,J,6201501,1,212405,101,80,37,"40,00",1,1,0,1,20,0,0,0,"11500,00",7,0,1,202005,0,5,"11500,00"
202005,4,43,431490,J,6203100,1,212420,101,8,27,"40,00",1,1,0,1,20,0,0,0,"2256,00",7,0,1,202005,0,5,"2256,00"
202005,2,26,261160,J,6201501,-1,212405,101,9,26,"40,00",2,1,0,1,40,0,0,0,"7924,05",7,0,1,202005,0,5,"7924,05"
202005,3,35,350320,J,6204000,-1,212405,101,8,25,"40,00",1,1,0,1,40,0,0,0,"3409,00",8,0,1,202005,0,5,"3409,00"
202005,4,43,431490,J,6202300,1,212420,101,8,28,"40,00",1,3,0,1,20,0,0,0,"1900,00",7,0,1,202005,0,5,"1900,00"
202005,3,35,355030,J,6204000,1,212405,101,9,38,"40,00",6,1,0,1,20,0,0,0,"1676,00",3,0,1,202005,0,5,"1676,00"
202005,5,53,530010,J,6209100,1,212420,101,9,35,"40,00",1,1,0,1,20,0,0,0,"2500,00",6,0,1,202005,0,5,"2500,00"
202005,5,53,530010,J,6201501,1,212205,101,9,27,"30,00",1,1,0,1,20,0,0,0,"8000,00",10,0,1,202005,0,5,"8000,00"
202005,3,35,355030,J,6311900,-1,212420,101,7,24,"40,00",6,1,0,1,31,0,0,0,"3780,78",2,0,1,202005,0,5,"3780,78"
202005,4,42,420200,J,6311900,1,212405,101,7,19,"40,00",6,1,0,1,20,0,0,0,"1390,00",1,0,1,202005,0,5,"1390,00"
202005,3,31,310620,J,6201501,-1,212405,101,9,35,"44,00",6,1,0,1,40,0,0,0,"4763,75",8,0,1,202005,0,5,"4763,75"
202005,4,41,410690,J,6204000,1,212420,101,9,33,"40,00",1,1,0,1,20,0,0,0,"2500,00",8,0,1,202005,0,5,"2500,00"
202005,5,53,530010,J,6204000,1,212410,101,9,51,"40,00",1,1,0,1,20,0,0,0,"7500,00",8,0,1,202005,0,5,"7500,00"
202005,3,35,354730,J,6204000,-1,317110,101,9,28,"40,00",1,1,0,1,31,0,0,0,"7444,18",9,0,1,202005,0,5,"7444,18"
202005,4,42,420240,J,6209100,-1,317110,101,8,23,"44,00",1,1,0,1,31,0,0,0,"3467,90",2,0,1,202005,0,5,"3467,90"
202005,3,35,354980,J,6201501,-1,212405,101,9,30,"40,00",1,1,0,1,40,0,0,0,"5614,00",5,0,1,202005,0,5,"5614,00"
202005,3,33,330330,J,6201501,-1,212405,101,8,29,"56,00",1,1,0,1,31,0,0,0,"9624,64",7,0,1,202005,0,5,"9624,64"
202005,3,35,354870,J,6204000,-1,317210,101,9,23,"40,00",1,1,0,1,40,0,0,0,"2739,64",10,0,1,202005,0,5,"2739,64"
202005,3,31,310620,J,6209100,-1,142530,101,80,34,"44,00",3,1,0,1,40,0,0,0,"7500,00",5,0,1,202005,0,5,"7500,00"
202005,3,31,317020,J,6202300,1,317210,101,9,26,"44,00",1,1,0,1,20,0,0,0,"1800,00",6,0,1,202005,0,5,"1800,00"
202005,3,35,355030,J,6201501,1,142520,101,80,58,"40,00",3,3,0,1,20,0,0,0,"16284,29",10,0,1,202005,0,5,"16284,29"
202005,4,41,410690,J,6209100,1,212420,101,80,26,"40,00",1,3,0,1,20,0,0,0,"2000,00",9,0,1,202005,0,5,"2000,00"
202005,3,35,355030,J,6202300,-1,212405,101,9,37,"40,00",1,1,0,1,31,0,0,0,"4000,00",6,0,1,202005,0,5,"4000,00"
202005,3,35,354780,J,6209100,-1,212420,101,9,30,"40,00",1,3,0,1,40,0,0,0,"2565,73",3,0,1,202005,0,5,"2565,73"
202005,2,23,230440,J,6201501,1,212405,101,8,20,"40,00",1,1,0,1,10,0,0,0,"1108,00",7,0,1,202005,0,5,"1108,00"
202005,3,33,330455,J,6201501,-1,212405,101,8,52,"40,00",1,1,0,1,31,0,0,0,"6519,00",5,0,1,202005,0,5,"6519,00"
202005,3,35,350280,J,6201501,1,212420,101,9,35,"40,00",1,1,0,1,20,0,0,0,"3185,51",7,0,1,202005,0,5,"3185,51"
202005,3,31,312230,J,6209100,1,317210,101,7,18,"44,00",2,1,0,1,20,0,0,0,"1293,29",7,0,1,202005,0,5,"1293,29"
202005,4,43,431490,J,6201501,-1,317210,101,8,20,"44,00",1,3,0,1,40,0,0,0,"1800,00",8,0,1,202005,0,5,"1800,00"
202005,3,35,355030,J,6201501,-1,212410,101,9,44,"40,00",6,3,0,1,31,0,0,0,"9168,49",10,0,1,202005,0,5,"9168,49"
202005,3,32,320530,J,6209100,-1,317210,101,7,26,"40,00",3,1,0,1,31,0,0,0,"1899,24",7,0,1,202005,0,5,"1899,24"
202005,5,53,530010,J,6203100,1,212405,101,9,28,"44,00",3,1,0,1,20,0,0,0,"6000,00",8,0,1,202005,0,5,"6000,00"
202005,3,35,354780,J,6209100,-1,142520,101,80,26,"40,00",1,1,0,1,31,0,0,0,"7213,21",6,0,1,202005,0,5,"7213,21"
202005,3,35,350320,J,6204000,-1,212305,101,80,51,"40,00",3,1,0,1,31,0,0,0,"13335,53",8,0,1,202005,0,5,"13335,53"
202005,3,35,355030,J,6201501,1,212405,101,9,31,"44,00",1,1,0,1,20,0,0,0,"7000,00",5,0,1,202005,0,5,"7000,00"
202005,3,31,310160,J,6311900,-1,317205,101,7,19,"44,00",6,1,0,1,31,0,0,0,"1155,00",4,0,1,202005,0,5,"1155,00"
202005,3,33,330330,J,6204000,-1,212405,101,9,48,"40,00",2,3,0,1,31,0,0,0,"7202,09",8,0,1,202005,0,5,"7202,09"
202005,3,35,350570,J,6202300,-1,212420,101,9,37,"40,00",1,1,0,1,40,0,0,0,"13550,84",9,0,1,202005,0,5,"13550,84"
202005,3,31,317010,J,6209100,-1,212420,101,9,30,"43,00",1,1,0,1,31,0,0,0,"3194,03",5,0,1,202005,0,5,"3194,03"
202005,3,33,330040,J,6204000,1,317210,101,7,54,"51,60",1,1,0,1,20,0,0,0,"1293,98",10,0,1,202005,0,5,"1293,98"
202005,3,35,355030,J,6204000,-1,212405,101,9,29,"40,00",6,1,0,1,31,0,0,0,"5400,00",6,0,1,202005,0,5,"5400,00"
202005,3,35,350950,J,6203100,-1,212405,101,9,37,"40,00",1,1,0,1,31,0,0,0,"7836,00",6,0,1,202005,0,5,"7836,00"
202005,3,35,352900,J,6201501,-1,317110,101,9,35,"40,00",6,1,0,1,31,0,0,0,"3000,00",7,0,1,202005,0,5,"3000,00"
202005,3,35,355030,J,6201501,-1,212405,101,8,36,"40,00",1,3,0,1,31,0,0,0,"3038,00",9,0,1,202005,0,5,"3038,00"
202005,3,35,354730,J,6204000,-1,212420,101,8,21,"40,00",3,1,0,1,31,0,0,0,"1735,55",9,0,1,202005,0,5,"1735,55"
202005,3,35,350950,J,6201501,-1,212405,101,80,42,"20,00",3,3,0,1,43,0,0,0,"2000,00",4,0,1,202005,0,5,"2000,00"
202005,3,35,355030,J,6209100,-1,212205,101,80,43,"44,00",1,1,0,1,31,0,0,0,"12773,32",5,0,1,202005,0,5,"12773,32"
202005,4,42,420750,J,6209100,1,317210,101,7,22,"44,00",6,1,0,1,20,0,0,0,"1390,00",5,0,1,202005,0,5,"1390,00"
202005,3,35,355030,J,6204000,1,142520,101,9,58,"44,00",4,3,0,1,20,0,0,9,"14000,00",10,0,1,202005,0,5,"14000,00"
202005,3,35,355030,J,6203100,-1,212420,101,9,29,"40,00",1,1,0,1,40,0,0,0,"3151,82",10,0,1,202005,0,5,"3151,82"
202005,3,35,354870,J,6311900,1,212420,101,9,28,"40,00",1,1,0,1,20,0,0,0,"2052,60",6,0,1,202005,0,5,"2052,60"
202005,3,35,355030,J,6203100,-1,142510,101,9,32,"40,00",1,1,0,1,40,0,0,0,"11156,99",7,0,1,202005,0,5,"11156,99"
202005,4,42,420540,J,6202300,-1,317210,101,7,29,"44,00",1,1,0,1,40,0,0,0,"2501,09",10,0,1,202005,0,5,"2501,09"
202005,3,35,355030,J,6201501,1,212405,101,9,35,"40,00",3,1,0,1,20,0,0,0,"8593,51",10,0,1,202005,0,5,"8593,51"
202005,3,35,355030,J,6204000,-1,212420,101,7,52,"40,00",6,1,0,1,31,0,0,0,"2650,00",10,0,1,202005,0,5,"2650,00"
202005,3,35,351880,J,6209100,-1,212405,101,80,34,"44,00",3,1,0,1,31,0,0,0,"1567,50",2,0,1,202005,0,5,"1567,50"
202005,5,50,500270,J,6202300,1,317205,101,8,24,"44,00",3,3,0,1,20,0,0,0,"1200,00",5,0,1,202005,0,5,"1200,00"
202005,3,35,355030,J,6311900,-1,212420,101,8,27,"40,00",1,1,0,1,40,0,0,0,"1944,00",9,0,1,202005,0,5,"1944,00"
202005,3,35,355030,J,6204000,-1,212420,101,9,41,"40,00",1,1,0,1,40,0,0,0,"1941,89",10,0,1,202005,0,5,"1941,89"
202005,3,35,354730,J,6204000,-1,317110,101,9,34,"40,00",1,1,0,1,31,0,0,0,"7444,18",9,0,1,202005,0,5,"7444,18"
202005,3,33,330455,J,6204000,-1,212405,101,8,24,"40,00",1,1,0,1,31,0,0,0,"2500,00",9,0,1,202005,0,5,"2500,00"
202005,3,33,330330,J,6201501,1,212405,101,9,38,"44,00",3,1,0,1,20,0,0,0,"3400,00",7,0,1,202005,0,5,"3400,00"
202005,3,35,350570,J,6202300,-1,142520,101,7,28,"40,00",1,1,0,1,40,0,0,0,"7000,01",7,0,1,202005,0,5,"7000,01"
202005,3,35,350570,J,6203100,-1,212420,101,7,34,"40,00",1,3,0,1,43,0,0,0,"2500,00",4,0,1,202005,0,5,"2500,00"
202005,3,35,355030,J,6203100,1,212420,101,9,29,"40,00",1,1,0,1,20,0,0,0,"1700,00",7,0,1,202005,0,5,"1700,00"
202005,3,35,355030,J,6203100,1,142535,101,10,37,"40,00",1,1,0,1,20,0,0,0,"23875,00",8,0,1,202005,0,5,"23875,00"
202005,2,23,230440,J,6204000,-1,317110,101,9,37,"40,00",1,1,0,1,31,0,0,0,"4815,00",7,0,1,202005,0,5,"4815,00"
202005,4,43,431870,J,6204000,1,212405,101,9,44,"40,00",1,1,0,1,20,0,0,0,"11852,00",10,0,1,202005,0,5,"11852,00"
202005,3,35,355030,J,6201501,1,317110,101,7,23,"40,00",1,1,0,1,20,0,0,0,"2500,00",9,0,1,202005,0,5,"2500,00"
202005,3,35,355030,J,6204000,-1,212405,101,9,30,"40,00",1,1,0,1,40,0,0,0,"1676,00",10,0,1,202005,0,5,"1676,00"
202005,2,23,230440,J,6204000,-1,212405,101,9,42,"44,00",3,1,0,1,31,0,0,0,"3582,29",8,0,1,202005,0,5,"3582,29"
202005,4,41,410840,J,6201501,-1,317210,101,9,25,"44,00",1,1,0,1,43,0,0,0,"1389,54",5,0,1,202005,0,5,"1389,54"
202005,3,35,355030,J,6204000,-1,212405,101,9,42,"40,00",2,3,0,1,31,0,0,0,"3000,00",10,0,1,202005,0,5,"3000,00"
202005,3,35,355030,J,6204000,-1,212405,101,7,24,"40,00",1,1,0,1,40,0,0,0,"1800,00",10,0,1,202005,0,5,"1800,00"
202005,3,35,355030,J,6209100,-1,212420,101,8,35,"44,00",1,1,0,1,31,0,0,0,"2026,00",8,0,1,202005,0,5,"2026,00"
202005,3,31,310620,J,6204000,1,212420,101,9,22,"40,00",1,1,0,1,20,0,0,0,"1546,86",7,0,1,202005,0,5,"1546,86"
202005,4,42,420540,J,6202300,1,317105,101,7,22,"30,00",6,1,0,1,20,0,0,0,"2000,00",3,0,1,202005,0,5,"2000,00"
202005,4,42,420910,J,6201501,-1,317110,101,9,25,"42,50",6,1,0,1,31,0,0,0,"3775,33",5,0,1,202005,0,5,"3775,33"
202005,3,35,355030,J,6202300,1,317105,101,7,24,"44,00",6,1,0,1,20,0,0,0,"1500,00",4,0,1,202005,0,5,"1500,00"
202005,3,35,350950,J,6204000,1,212405,101,9,22,"40,00",1,1,0,1,20,0,0,0,"2200,00",10,0,1,202005,0,5,"2200,00"
202005,3,35,355030,J,6204000,-1,212405,101,9,37,"44,00",2,1,0,1,31,0,0,9,"12150,00",10,0,1,202005,0,5,"12150,00"
202005,4,42,420540,J,6204000,-1,317110,101,8,24,"40,00",1,3,0,1,40,0,0,0,"4027,57",5,0,1,202005,0,5,"4027,57"
202005,3,35,355030,J,6202300,1,212420,101,9,37,"40,00",3,3,0,1,20,1,0,0,"4200,00",7,0,1,202005,0,5,"4200,00"
202005,3,35,350570,J,6203100,-1,317205,101,9,27,"36,00",3,1,0,1,31,0,0,0,"1304,95",7,0,1,202005,0,5,"1304,95"
202005,3,35,355030,J,6201501,1,212405,101,9,34,"40,00",1,1,0,1,20,0,0,0,"7000,00",6,0,1,202005,0,5,"7000,00"
202005,4,41,411520,J,6202300,-1,212405,101,80,40,"44,00",3,1,0,1,40,0,0,0,"10784,54",7,0,1,202005,0,5,"10784,54"
202005,3,32,320530,J,6201501,1,212405,101,9,22,"40,00",2,1,0,1,20,0,0,0,"4098,40",6,0,1,202005,0,5,"4098,40"
202005,3,35,350570,J,6204000,-1,317110,101,9,38,"40,00",3,1,0,1,31,0,0,0,"7332,53",5,0,1,202005,0,5,"7332,53"
202005,5,51,510704,J,6209100,1,212410,101,7,21,"44,00",3,1,0,1,20,0,0,0,"1055,00",2,0,1,202005,0,5,"1055,00"
202005,3,35,354870,J,6311900,1,212420,101,8,47,"40,00",1,1,0,1,20,0,0,0,"1700,00",6,0,1,202005,0,5,"1700,00"
202005,4,42,420910,J,6201501,-1,212405,101,9,26,"44,00",1,1,0,1,90,0,0,0,"2860,82",3,0,1,202005,0,5,"2860,82"
202005,3,35,355030,J,6201501,-1,142530,101,9,34,"44,00",6,3,0,1,40,0,0,0,"5313,11",1,0,1,202005,0,5,"5313,11"
202005,3,35,355030,J,6201501,-1,212405,101,9,49,"40,00",1,1,0,1,31,0,0,0,"12474,90",10,0,1,202005,0,5,"12474,90"
202005,3,33,330455,J,6311900,1,317110,101,9,28,"40,00",1,1,0,1,20,0,0,0,"2000,00",4,0,1,202005,0,5,"2000,00"
202005,3,35,355030,J,6204000,-1,212420,101,9,28,"40,00",1,3,0,1,31,0,0,0,"1668,60",10,0,1,202005,0,5,"1668,60"
202005,3,31,317020,J,6201501,1,212405,101,9,25,"44,00",1,1,0,1,20,0,0,0,"4000,00",8,0,1,202005,0,5,"4000,00"
202005,3,35,355030,J,6201501,1,212405,101,9,42,"40,00",3,1,0,1,20,0,0,0,"2400,00",6,0,1,202005,0,5,"2400,00"
202005,5,53,530010,J,6203100,-1,212415,101,11,40,"44,00",3,3,0,1,31,0,0,0,"8351,68",7,0,1,202005,0,5,"8351,68"
202005,3,35,352590,J,6209100,-1,212405,101,9,30,"40,00",1,1,0,1,40,0,0,0,"2500,00",4,0,1,202005,0,5,"2500,00"
202005,5,52,520870,J,6202300,1,317210,101,8,22,"44,00",6,1,0,1,20,0,0,0,"1100,00",5,0,1,202005,0,5,"1100,00"
202005,3,35,354870,J,6201501,-1,212420,101,9,38,"40,00",3,1,0,1,31,0,0,0,"3953,17",9,0,1,202005,0,5,"3953,17"
202005,3,35,350950,J,6209100,-1,212405,101,9,31,"40,00",1,1,0,1,40,0,0,0,"7000,00",8,0,1,202005,0,5,"7000,00"
202005,3,35,354600,J,6204000,-1,212420,101,8,31,"40,00",1,1,0,1,90,0,0,0,"2327,18",2,0,1,202005,0,5,"2327,18"
202005,3,33,330455,J,6202300,-1,317110,101,80,35,"40,00",1,1,0,1,40,0,0,0,"7954,20",7,0,1,202005,0,5,"7954,20"
202005,5,53,530010,J,6201501,1,212405,101,11,45,"40,00",1,1,0,1,20,0,0,0,"7600,00",10,0,1,202005,0,5,"7600,00"
202005,3,33,330455,J,6201501,-1,317210,101,7,51,"40,00",2,1,0,1,31,0,0,0,"1381,45",9,0,1,202005,0,5,"1381,45"
202005,5,52,520110,J,6209100,-1,212420,101,9,24,"44,00",2,1,0,1,40,0,0,0,"1275,64",2,0,1,202005,0,5,"1275,64"
202005,3,35,355030,J,6203100,1,212420,101,8,28,"40,00",1,1,0,1,20,0,0,0,"2900,00",6,0,1,202005,0,5,"2900,00"
202005,3,31,310620,J,6204000,1,212405,101,7,37,"40,00",3,1,0,1,20,0,0,0,"7900,00",7,0,1,202005,0,5,"7900,00"
202005,3,35,350570,J,6201501,-1,212210,101,9,25,"40,00",1,1,0,1,40,0,0,0,"8626,93",9,0,1,202005,0,5,"8626,93"
202005,3,31,317020,J,6204000,1,317110,101,9,31,"40,00",1,1,0,1,20,0,0,0,"8700,00",8,0,1,202005,0,5,"8700,00"
202005,3,35,350320,J,6204000,1,212405,101,9,34,"40,00",3,1,0,1,20,0,0,0,"8406,82",8,0,1,202005,0,5,"8406,82"
202005,4,43,431490,J,6201501,1,212405,101,8,20,"44,00",1,1,0,1,20,0,0,9,"2500,00",3,0,1,202005,0,5,"2500,00"
202005,4,43,431490,J,6311900,1,317110,101,9,29,"40,00",1,1,0,1,20,0,0,0,"5780,00",7,0,1,202005,0,5,"5780,00"
202005,3,35,355030,J,6204000,-1,317110,101,9,39,"40,00",1,1,0,1,31,0,0,0,"9500,00",7,0,1,202005,0,5,"9500,00"
202005,3,33,330455,J,6204000,-1,212405,101,9,31,"40,00",1,1,0,1,40,0,0,0,"7426,80",5,0,1,202005,0,5,"7426,80"
202005,3,35,355030,J,6201501,1,212405,101,9,35,"40,00",3,1,0,1,20,0,0,0,"8094,22",10,0,1,202005,0,5,"8094,22"
202005,3,35,355030,J,6204000,-1,212420,101,8,24,"40,00",6,1,0,1,90,0,0,0,"6037,92",4,0,1,202005,0,5,"6037,92"
202005,3,35,355030,J,6204000,-1,212420,101,9,29,"40,00",1,1,0,1,31,0,0,0,"6938,00",4,0,1,202005,0,5,"6938,00"
202005,3,35,355030,J,6201501,1,212405,101,9,40,"40,00",3,1,0,1,20,0,0,0,"7000,00",10,0,1,202005,0,5,"7000,00"
202005,3,35,350950,J,6204000,1,317210,101,9,29,"40,00",1,1,0,1,20,0,0,0,"1678,00",10,0,1,202005,0,5,"1678,00"
202005,3,35,352470,J,6201501,-1,212405,101,8,34,"36,00",1,1,0,1,31,0,0,0,"1620,03",10,0,1,202005,0,5,"1620,03"
202005,3,35,355030,J,6204000,1,212215,101,8,27,"40,00",1,1,0,1,10,0,0,0,"3830,00",3,0,1,202005,0,5,"3830,00"
202005,3,33,330580,J,6209100,1,317110,101,9,36,"44,00",1,1,0,1,20,0,0,9,"5309,00",10,0,1,202005,0,5,"5309,00"
202005,3,31,317020,J,6204000,-1,212405,101,1,32,"40,00",1,1,0,1,40,0,0,0,"4678,91",8,0,1,202005,0,5,"4678,91"
202005,3,35,355030,J,6201501,-1,212405,101,9,26,"40,00",6,1,0,1,40,0,0,0,"4000,00",2,0,1,202005,0,5,"4000,00"
202005,3,35,350950,J,6311900,-1,212420,101,9,24,"40,00",6,1,0,1,31,0,0,0,"1750,00",2,0,1,202005,0,5,"1750,00"
202005,3,35,355030,J,6201501,1,212405,101,9,33,"40,00",1,1,0,1,20,0,0,0,"6000,00",10,0,1,202005,0,5,"6000,00"
202005,3,35,355220,J,6209100,-1,212420,101,8,34,"40,00",6,1,0,1,31,0,0,0,"1675,56",1,0,1,202005,0,5,"1675,56"
202005,4,41,411370,J,6209100,-1,212405,101,9,34,"44,00",3,3,0,1,40,0,0,0,"6500,00",8,0,1,202005,0,5,"6500,00"
202005,3,35,355030,J,6203100,1,212405,101,9,35,"40,00",2,1,0,1,20,0,0,0,"8386,00",6,0,1,202005,0,5,"8386,00"
202005,3,35,355030,J,6201501,1,212405,101,9,30,"40,00",3,3,0,1,20,0,0,0,"8000,00",8,0,1,202005,0,5,"8000,00"
202005,5,53,530010,J,6204000,1,212410,101,80,32,"40,00",1,1,0,1,20,0,0,0,"6500,00",1,0,1,202005,0,5,"6500,00"
202005,3,35,355030,J,6201501,1,212420,101,8,35,"40,00",2,3,0,1,20,0,0,0,"4094,35",7,0,1,202005,0,5,"4094,35"
202005,3,35,355030,J,6204000,-1,212405,101,9,28,"40,00",6,3,0,1,31,0,0,0,"1800,00",6,0,1,202005,0,5,"1800,00"
202005,4,43,431490,J,6311900,1,317205,101,6,33,"40,00",1,1,0,1,20,0,0,0,"1500,00",6,0,1,202005,0,5,"1500,00"
202005,5,51,510792,J,6209100,-1,212410,101,8,28,"44,00",3,1,0,1,31,0,0,0,"2800,00",3,0,1,202005,0,5,"2800,00"
202005,3,35,355030,J,6311900,1,212405,101,8,22,"40,00",1,1,0,1,20,0,0,0,"3100,00",6,0,1,202005,0,5,"3100,00"
202005,3,35,354730,J,6209100,1,212405,101,9,33,"40,00",3,1,0,1,20,0,0,0,"8000,00",10,0,1,202005,0,5,"8000,00"
202005,5,53,530010,J,6201501,1,212405,101,80,43,"40,00",1,3,0,1,20,0,0,0,"5500,00",7,0,1,202005,0,5,"5500,00"
202005,3,35,355030,J,6204000,1,212410,101,8,26,"40,00",3,1,0,1,10,0,0,0,"5397,00",9,0,1,202005,0,5,"5397,00"
202005,3,35,355030,J,6203100,1,212405,101,9,23,"44,00",4,1,0,1,20,0,0,0,"5000,00",9,0,1,202005,0,5,"5000,00"
202005,3,35,355030,J,6204000,1,212405,101,9,28,"40,00",4,3,0,1,20,0,0,0,"9500,00",10,0,1,202005,0,5,"9500,00"
202005,3,33,330455,J,6204000,-1,212405,101,9,25,"40,00",1,1,0,1,40,0,0,0,"5500,00",6,0,1,202005,0,5,"5500,00"
202005,3,35,354340,J,6209100,-1,212405,101,9,48,"44,00",1,1,0,1,31,0,0,0,"1620,00",2,0,1,202005,0,5,"1620,00"
202005,3,32,320520,J,6209100,1,212420,101,5,34,"40,00",2,1,0,1,20,0,0,0,"1875,50",5,0,1,202005,0,5,"1875,50"
202005,3,35,355030,J,6204000,-1,212420,101,9,55,"40,00",4,1,0,1,31,0,0,0,"1381,45",10,0,1,202005,0,5,"1381,45"
202005,3,35,355030,J,6204000,1,317210,101,8,39,"40,00",1,1,0,1,20,0,0,0,"1850,00",8,0,1,202005,0,5,"1850,00"
202005,3,35,355030,J,6202300,-1,212405,101,9,29,"40,00",1,3,0,1,31,0,0,0,"3821,38",4,0,1,202005,0,5,"3821,38"
202005,3,35,355030,J,6204000,1,212415,101,9,52,"40,00",1,1,0,1,20,0,0,0,"8500,00",10,0,1,202005,0,5,"8500,00"
202005,3,33,330330,J,6209100,-1,212420,101,9,36,"40,00",1,1,0,1,31,0,0,0,"3376,36",5,0,1,202005,0,5,"3376,36"
202005,3,33,330455,J,6201501,-1,212405,101,9,24,"40,00",1,1,0,1,40,0,0,0,"2578,75",6,0,1,202005,0,5,"2578,75"
202005,4,41,411370,J,6203100,1,212420,101,9,26,"44,00",1,1,0,1,20,0,0,0,"1629,63",6,0,1,202005,0,5,"1629,63"
202005,2,29,292740,J,6204000,-1,212405,101,9,40,"44,00",2,1,0,1,31,0,0,0,"3953,04",9,0,1,202005,0,5,"3953,04"
202005,3,35,350950,J,6204000,1,212320,101,9,21,"40,00",1,1,0,1,20,0,0,0,"3000,00",10,0,1,202005,0,5,"3000,00"
202005,3,31,310620,J,6201501,1,212410,101,9,39,"44,00",1,1,0,1,20,0,0,0,"13000,00",7,0,1,202005,0,5,"13000,00"
202005,3,31,310620,J,6209100,1,212405,101,9,45,"37,50",6,1,0,1,20,0,0,0,"5718,63",9,0,1,202005,0,5,"5718,63"
202005,3,35,355030,J,6201501,1,142515,101,9,52,"40,00",1,3,0,1,20,0,0,0,"17260,00",8,0,1,202005,0,5,"17260,00"
202005,3,35,355030,J,6201501,-1,212405,101,9,50,"40,00",3,1,0,1,31,0,0,0,"6600,00",8,0,1,202005,0,5,"6600,00"
202005,3,32,320530,J,6201501,-1,212405,101,8,27,"40,00",3,1,0,1,31,0,0,0,"2990,00",7,0,1,202005,0,5,"2990,00"
202005,4,41,410690,J,6201501,-1,212405,101,9,22,"40,00",1,3,0,1,40,0,0,0,"4948,71",9,0,1,202005,0,5,"4948,71"
202005,3,35,352470,J,6201501,1,317110,101,9,40,"40,00",1,1,0,1,20,0,0,0,"9300,00",10,0,1,202005,0,5,"9300,00"
202005,3,35,350320,J,6204000,1,212405,101,9,38,"40,00",1,1,0,1,20,0,0,0,"4907,46",8,0,1,202005,0,5,"4907,46"
202005,4,41,410690,J,6202300,-1,212410,101,9,30,"40,00",1,1,0,1,31,0,0,0,"2500,00",3,0,1,202005,0,5,"2500,00"
202005,3,35,355030,J,6204000,-1,212420,101,9,32,"40,00",3,1,0,1,31,0,0,0,"11082,50",7,0,1,202005,0,5,"11082,50"
202005,4,42,420460,J,6202300,1,212405,101,7,19,"44,00",1,1,0,1,20,0,0,0,"2770,00",2,0,1,202005,0,5,"2770,00"
202005,2,26,261160,J,6201501,-1,212405,101,9,29,"40,00",1,1,0,1,40,0,0,0,"7198,67",7,0,1,202005,0,5,"7198,67"
202005,3,31,310620,J,6202300,1,212405,101,9,24,"40,00",1,3,0,1,20,0,0,0,"6792,59",7,0,1,202005,0,5,"6792,59"
202005,3,35,355030,J,6201501,1,317110,101,7,48,"40,00",3,1,0,1,20,0,0,0,"10490,82",10,0,1,202005,0,5,"10490,82"
202005,2,25,250750,J,6203100,-1,212415,101,9,31,"40,00",1,1,0,1,40,0,0,0,"5680,00",8,0,1,202005,0,5,"5680,00"
202005,4,41,412550,J,6203100,1,317110,101,9,28,"40,00",1,1,0,1,20,0,0,0,"5500,00",7,0,1,202005,0,5,"5500,00"
202005,3,35,355030,J,6204000,-1,212420,101,8,31,"40,00",3,1,0,1,31,0,0,0,"1834,35",10,0,1,202005,0,5,"1834,35"
202005,4,41,411915,J,6202300,-1,212415,101,9,65,"40,00",1,1,0,1,31,0,0,0,"8550,22",6,0,1,202005,0,5,"8550,22"
202005,2,27,270430,J,6201501,1,317110,101,8,20,"44,00",3,1,0,1,20,0,0,0,"2400,00",5,0,1,202005,0,5,"2400,00"
202005,4,41,411520,J,6201501,-1,317110,101,9,34,"44,00",1,1,0,1,40,2,0,0,"7500,00",8,0,1,202005,0,5,"7500,00"
202005,3,32,320520,J,6209100,1,212420,101,9,36,"40,00",1,1,0,1,20,0,0,0,"1705,00",5,0,1,202005,0,5,"1705,00"
202005,3,31,310620,J,6201501,-1,212405,101,9,23,"40,00",3,1,0,1,40,0,0,0,"5444,40",8,0,1,202005,0,5,"5444,40"
202005,3,35,354730,J,6209100,-1,317205,101,7,45,"32,00",3,1,0,1,31,0,0,0,"1407,30",10,0,1,202005,0,5,"1407,30"
202005,3,35,354850,J,6202300,-1,212405,101,9,28,"40,00",1,3,0,1,31,0,0,0,"2154,69",6,0,1,202005,0,5,"2154,69"
202005,3,35,355030,J,6201501,-1,212415,101,9,38,"40,00",6,1,0,1,31,0,0,0,"2200,00",7,0,1,202005,0,5,"2200,00"
202005,3,35,355030,J,6204000,-1,212410,101,7,21,"40,00",1,1,0,1,40,0,0,0,"2500,00",3,0,1,202005,0,5,"2500,00"
202005,3,31,310620,J,6204000,-1,212405,101,9,48,"40,00",1,1,0,1,31,0,0,0,"4693,71",10,0,1,202005,0,5,"4693,71"
202005,2,24,240810,J,6209100,-1,317110,101,9,23,"44,00",1,1,0,1,31,0,0,0,"1215,95",5,0,1,202005,0,5,"1215,95"
202005,3,31,317020,J,6203100,-1,212405,101,9,25,"30,00",1,3,0,1,40,0,0,0,"1226,28",6,0,1,202005,0,5,"1226,28"
202005,3,33,330455,J,6201501,-1,317110,101,8,36,"40,00",3,1,0,1,31,0,0,0,"6083,00",7,0,1,202005,0,5,"6083,00"
202005,3,35,355030,J,6204000,-1,212405,101,9,38,"40,00",6,3,0,1,40,0,0,0,"8708,05",8,0,1,202005,0,5,"8708,05"
202005,3,31,310620,J,6202300,-1,317210,101,8,21,"44,00",3,1,0,1,31,0,0,0,"1239,36",5,0,1,202005,0,5,"1239,36"
202005,3,35,355030,J,6202300,1,212305,101,9,23,"40,00",1,1,0,1,20,0,0,0,"2600,00",3,0,1,202005,0,5,"2600,00"
202005,4,43,431140,J,6202300,-1,317210,101,9,25,"30,00",1,1,0,1,31,0,0,0,"1365,00",5,0,1,202005,0,5,"1365,00"
202005,3,35,350570,J,6203100,1,212205,101,80,54,"40,00",1,1,0,1,20,0,0,0,"13000,00",9,0,1,202005,0,5,"13000,00"
202005,3,33,330455,J,6204000,-1,317110,101,9,26,"40,00",1,1,0,1,40,0,0,0,"2400,00",5,0,1,202005,0,5,"2400,00"
202005,3,31,310620,J,6201501,1,212420,101,7,36,"40,00",1,3,0,1,20,0,0,0,"1693,27",9,0,1,202005,0,5,"1693,27"
202005,4,41,410690,J,6201501,-1,212405,101,80,37,"40,00",1,1,0,1,31,0,0,0,"7268,00",9,0,1,202005,0,5,"7268,00"
202005,3,31,317020,J,6209100,-1,212420,101,7,28,"44,00",6,1,0,1,31,0,0,0,"1498,59",2,0,1,202005,0,5,"1498,59"
202005,3,31,310620,J,6201501,-1,212405,101,7,28,"40,00",3,1,0,1,40,0,0,0,"4033,84",6,0,1,202005,0,5,"4033,84"
202005,3,35,355030,J,6311900,-1,212420,101,9,38,"40,00",1,1,0,1,40,0,0,0,"9530,84",9,0,1,202005,0,5,"9530,84"
202005,3,35,355030,J,6311900,-1,212215,101,9,34,"40,00",3,1,0,1,40,0,0,0,"13919,00",7,0,1,202005,0,5,"13919,00"
202005,4,42,420910,J,6202300,-1,212420,101,7,31,"36,00",6,1,0,1,31,0,0,0,"1633,27",6,0,1,202005,0,5,"1633,27"
202005,3,35,350950,J,6209100,-1,212420,101,9,32,"40,00",1,3,0,1,31,0,0,0,"2045,80",5,0,1,202005,0,5,"2045,80"
202005,3,35,355030,J,6204000,-1,212420,101,9,44,"40,00",1,3,0,1,40,0,0,0,"14879,44",5,0,1,202005,0,5,"14879,44"
202005,3,35,355030,J,6202300,-1,212405,101,9,53,"40,00",6,3,0,1,31,0,0,0,"3558,45",5,0,1,202005,0,5,"3558,45"
202005,3,35,355670,J,6201501,-1,212405,101,9,34,"44,00",6,1,0,1,40,0,0,0,"8000,00",5,0,1,202005,0,5,"8000,00"
202005,4,42,420540,J,6203100,1,317110,101,7,24,"40,00",6,1,0,1,20,0,0,0,"2300,00",2,0,1,202005,0,5,"2300,00"
202005,2,28,280030,J,6209100,-1,317110,101,9,26,"44,00",1,1,0,1,43,0,0,0,"1078,87",6,0,1,202005,0,5,"1078,87"
202005,3,35,350570,J,6209100,1,317110,101,9,41,"40,00",6,1,0,1,20,0,0,0,"9000,00",10,0,1,202005,0,5,"9000,00"
202005,4,43,431490,J,6201501,-1,142535,101,9,43,"44,00",1,1,0,1,31,0,0,0,"8294,41",8,0,1,202005,0,5,"8294,41"
202005,3,33,330455,J,6209100,-1,212405,101,8,24,"40,00",1,1,0,1,31,0,0,0,"2110,00",2,0,1,202005,0,5,"2110,00"
202005,5,53,530010,J,6209100,1,317110,101,8,32,"40,00",1,1,0,1,20,0,0,0,"6500,00",6,0,1,202005,0,5,"6500,00"
202005,3,35,355030,J,6201501,1,212405,101,80,37,"40,00",1,3,0,1,20,0,0,0,"9600,00",10,0,1,202005,0,5,"9600,00"
202005,3,35,355030,J,6201501,-1,317210,101,7,21,"40,00",3,1,0,1,31,3,0,0,"1713,09",7,0,1,202005,0,5,"1713,09"
202005,3,35,355030,J,6203100,1,212405,101,9,34,"40,00",2,1,0,1,20,0,0,0,"4000,00",5,0,1,202005,0,5,"4000,00"
202005,3,35,355030,J,6201501,-1,317210,101,9,32,"40,00",1,1,0,1,31,0,0,0,"3385,24",6,0,1,202005,0,5,"3385,24"
202005,3,35,352900,J,6204000,-1,317110,101,8,25,"40,00",1,1,0,1,43,0,0,0,"1750,63",5,0,1,202005,0,5,"1750,63"
202005,3,35,355030,J,6311900,-1,212405,101,9,25,"40,00",6,1,0,1,31,0,0,0,"5131,00",1,0,1,202005,0,5,"5131,00"
202005,3,35,350570,J,6202300,1,212405,101,9,30,"40,00",1,1,0,1,20,0,0,0,"13200,00",7,0,1,202005,0,5,"13200,00"
202005,3,35,350570,J,6204000,-1,212405,101,9,25,"40,00",1,1,0,1,40,0,0,0,"6300,00",9,0,1,202005,0,5,"6300,00"
202005,3,35,355030,J,6204000,-1,212405,101,9,26,"40,00",6,3,0,1,40,0,0,0,"5000,00",6,0,1,202005,0,5,"5000,00"
202005,3,31,310620,J,6202300,1,212405,101,9,26,"40,00",1,1,0,1,20,0,0,0,"3350,00",7,0,1,202005,0,5,"3350,00"
202005,3,35,355030,J,6201501,1,317110,101,9,40,"40,00",3,3,0,1,20,0,0,0,"7677,97",9,0,1,202005,0,5,"7677,97"
202005,3,35,355030,J,6203100,-1,212405,101,9,36,"40,00",1,1,0,1,31,0,0,0,"8045,60",10,0,1,202005,0,5,"8045,60"
202005,3,35,355030,J,6201501,-1,212405,101,8,31,"40,00",1,1,0,1,40,0,0,0,"2490,00",6,0,1,202005,0,5,"2490,00"
202005,3,35,355030,J,6201501,1,212405,101,9,36,"40,00",1,3,0,1,20,0,0,0,"3500,00",5,0,1,202005,0,5,"3500,00"
202005,3,35,355030,J,6204000,1,317105,101,80,38,"40,00",1,1,0,1,20,0,0,0,"8500,00",8,0,1,202005,0,5,"8500,00"
202005,3,35,350570,J,6204000,1,212410,101,9,43,"40,00",6,3,0,1,20,0,0,0,"9000,00",9,0,1,202005,0,5,"9000,00"
202005,3,35,355030,J,6204000,1,212405,101,8,42,"44,00",1,1,0,1,20,0,0,9,"6500,00",10,0,1,202005,0,5,"6500,00"
202005,3,33,330455,J,6204000,-1,212405,101,9,81,"40,00",1,1,0,1,90,0,0,0,"14788,16",10,0,1,202005,0,5,"14788,16"
202005,3,32,320520,J,6201501,1,317110,101,9,26,"44,00",1,3,0,1,20,0,0,0,"2368,00",7,0,1,202005,0,5,"2368,00"
202005,4,42,420910,J,6201501,-1,317110,101,9,28,"40,00",1,1,0,1,31,0,0,0,"3600,00",2,0,1,202005,0,5,"3600,00"
202005,5,51,510340,J,6201501,-1,317210,101,7,29,"44,00",3,1,0,1,31,0,0,0,"5692,50",1,0,1,202005,0,5,"5692,50"
202005,3,35,355030,J,6201501,-1,212310,101,9,33,"40,00",1,1,0,1,40,0,0,0,"10120,00",3,0,1,202005,0,5,"10120,00"
202005,3,33,330455,J,6204000,1,212405,101,80,37,"40,00",1,1,0,1,20,0,0,0,"6700,00",9,0,1,202005,0,5,"6700,00"
202005,4,41,411370,J,6209100,1,317110,101,9,31,"44,00",6,1,0,1,20,0,0,0,"5200,00",8,0,1,202005,0,5,"5200,00"
202005,2,23,230440,J,6204000,1,317210,101,9,41,"36,00",3,1,0,1,20,0,0,0,"1650,00",9,0,1,202005,0,5,"1650,00"
202005,3,35,355030,J,6204000,-1,212420,101,8,23,"40,00",3,3,0,1,40,0,0,0,"1675,56",10,0,1,202005,0,5,"1675,56"
202005,3,35,355030,J,6201501,-1,317110,101,9,28,"40,00",6,1,0,1,31,3,0,0,"2551,75",8,0,1,202005,0,5,"2551,75"
202005,4,43,431410,J,6204000,-1,317110,101,9,27,"40,00",1,1,0,1,40,0,0,0,"5500,00",4,0,1,202005,0,5,"5500,00"
202005,3,35,355030,J,6202300,-1,212420,101,9,32,"40,00",1,3,0,1,40,0,0,0,"4500,00",2,0,1,202005,0,5,"4500,00"
202005,3,35,355030,J,6201501,1,212405,101,9,36,"40,00",3,1,0,1,20,0,0,0,"7000,00",3,0,1,202005,0,5,"7000,00"
202005,4,41,411850,J,6203100,1,317210,101,8,23,"44,00",1,3,0,1,20,0,0,0,"2425,00",8,0,1,202005,0,5,"2425,00"
202005,3,35,355030,J,6204000,-1,212415,101,8,20,"40,00",1,1,0,1,40,0,0,0,"2045,00",10,0,1,202005,0,5,"2045,00"
202005,4,42,420540,J,6202300,1,317110,101,8,24,"41,50",1,1,0,1,20,0,0,0,"2500,00",4,0,1,202005,0,5,"2500,00"
202005,3,35,350570,J,6204000,-1,212405,101,9,29,"40,00",1,1,0,1,40,0,0,0,"6200,00",9,0,1,202005,0,5,"6200,00"
202005,4,41,410690,J,6209100,-1,212205,101,80,28,"40,00",1,1,0,1,31,0,0,0,"5085,25",9,0,1,202005,0,5,"5085,25"
202005,3,35,350570,J,6202300,1,212405,101,7,34,"40,00",3,1,0,1,20,0,0,0,"3000,00",7,0,1,202005,0,5,"3000,00"
202005,3,31,317020,J,6201501,1,212405,101,9,31,"44,00",3,1,0,1,20,0,0,0,"7000,00",8,0,1,202005,0,5,"7000,00"
202005,3,35,354730,J,6209100,-1,317205,101,9,23,"40,00",1,3,0,1,90,0,0,0,"1409,09",10,0,1,202005,0,5,"1409,09"
202005,3,35,355030,J,6201501,-1,212420,101,9,31,"40,00",1,3,0,1,40,0,0,0,"6722,95",7,0,1,202005,0,5,"6722,95"
202005,3,33,330340,J,6209100,-1,317210,101,9,29,"40,00",1,3,0,1,90,0,0,0,"1381,44",6,0,1,202005,0,5,"1381,44"
202005,3,33,330455,J,6203100,1,212405,101,8,22,"40,00",2,1,0,1,20,0,0,0,"3000,00",6,0,1,202005,0,5,"3000,00"
202005,3,35,350570,J,6204000,-1,212405,101,10,27,"40,00",1,1,0,1,31,0,0,0,"3925,00",5,0,1,202005,0,5,"3925,00"
202005,3,31,310620,J,6203100,1,212420,101,9,22,"40,00",3,1,0,1,20,0,0,0,"4257,54",5,0,1,202005,0,5,"4257,54"
202005,3,31,311940,J,6209100,-1,212405,101,9,30,"40,00",6,1,0,1,40,0,0,0,"2500,00",3,0,1,202005,0,5,"2500,00"
202005,4,43,430460,J,6209100,1,212410,101,9,33,"44,00",1,1,0,1,20,0,0,0,"4000,00",5,0,1,202005,0,5,"4000,00"
202005,4,41,410690,J,6202300,1,317110,101,80,32,"40,00",6,1,0,1,20,0,0,0,"5000,00",3,0,1,202005,0,5,"5000,00"
202005,4,42,420540,J,6202300,1,317110,101,9,40,"44,00",6,1,0,1,20,0,0,0,"8808,30",10,0,1,202005,0,5,"8808,30"
202005,3,35,355030,J,6209100,-1,212405,101,9,39,"40,00",1,1,0,1,40,0,0,0,"5000,00",7,0,1,202005,0,5,"5000,00"
202005,3,35,355030,J,6203100,1,212405,101,10,23,"44,00",1,3,0,1,20,0,0,0,"5000,00",9,0,1,202005,0,5,"5000,00"
202005,5,53,530010,J,6204000,1,212410,101,80,46,"40,00",3,1,0,1,20,0,0,0,"8000,00",1,0,1,202005,0,5,"8000,00"
202005,2,23,230440,J,6204000,1,317210,101,9,38,"44,00",3,1,0,1,20,0,0,9,"3065,00",9,0,1,202005,0,5,"3065,00"
202005,3,31,314080,J,6204000,1,212405,101,9,56,"40,00",1,1,0,1,20,0,0,0,"2200,00",7,0,1,202005,0,5,"2200,00"
202005,3,35,354780,J,6311900,-1,317210,101,9,27,"40,00",1,3,0,1,31,0,0,0,"1850,00",2,0,1,202005,0,5,"1850,00"
202005,3,35,350760,J,6202300,-1,212405,101,9,27,"40,00",1,1,0,1,31,0,0,0,"9150,00",4,0,1,202005,0,5,"9150,00"
202005,3,35,355030,J,6201501,-1,212405,101,9,47,"40,00",3,3,0,1,31,0,0,0,"4999,08",10,0,1,202005,0,5,"4999,08"
202005,4,43,430810,J,6203100,-1,317210,101,7,20,"44,00",1,3,0,1,31,0,0,0,"1800,00",6,0,1,202005,0,5,"1800,00"
202005,4,41,410690,J,6201501,-1,317110,101,9,26,"40,00",1,1,0,1,40,0,0,0,"3311,82",7,0,1,202005,0,5,"3311,82"
202005,3,35,355030,J,6204000,-1,212405,101,9,29,"40,00",3,1,0,1,40,0,0,0,"5018,67",6,0,1,202005,0,5,"5018,67"
202005,3,35,355030,J,6201501,1,212405,101,7,31,"40,00",3,3,0,1,20,0,0,0,"6820,04",10,0,1,202005,0,5,"6820,04"
202005,3,35,355030,J,6201501,1,212405,101,9,26,"40,00",1,1,0,1,20,0,0,0,"9000,00",8,0,1,202005,0,5,"9000,00"
202005,5,53,530010,J,6203100,-1,212405,101,9,43,"44,00",1,3,0,1,31,0,0,0,"5038,00",8,0,1,202005,0,5,"5038,00"
202005,3,35,355030,J,6201501,-1,317110,101,8,30,"40,00",1,1,0,1,40,0,0,0,"2225,74",10,0,1,202005,0,5,"2225,74"
202005,3,35,354980,J,6201501,1,212405,101,9,30,"40,00",1,1,0,1,20,0,0,0,"4369,00",5,0,1,202005,0,5,"4369,00"
202005,3,35,350600,J,6202300,-1,212405,101,9,25,"40,00",6,1,0,1,31,0,0,0,"2400,00",1,0,1,202005,0,5,"2400,00"
202005,3,35,355030,J,6204000,1,212420,101,9,27,"40,00",3,1,0,1,20,0,0,0,"3953,74",6,0,1,202005,0,5,"3953,74"
202005,3,35,350570,J,6209100,-1,212410,101,8,55,"44,00",1,1,0,1,31,0,0,0,"2791,74",2,0,1,202005,0,5,"2791,74"
202005,5,53,530010,J,6204000,-1,212420,101,9,33,"40,00",1,1,0,1,40,0,0,0,"10200,00",7,0,1,202005,0,5,"10200,00"
202005,3,35,355030,J,6204000,1,212420,101,8,24,"40,00",3,1,0,1,20,0,0,0,"3500,00",7,0,1,202005,0,5,"3500,00"
202005,3,31,310620,J,6204000,-1,212405,101,9,30,"40,00",3,1,0,1,31,0,0,0,"4693,71",10,0,1,202005,0,5,"4693,71"
202005,3,31,317020,J,6311900,-1,212405,101,9,29,"40,00",3,1,0,1,40,0,0,0,"3320,00",4,0,1,202005,0,5,"3320,00"
202005,3,35,355030,J,6201501,1,212405,101,7,28,"40,00",1,3,0,1,20,0,0,0,"2462,00",6,0,1,202005,0,5,"2462,00"
202005,2,29,292740,J,6202300,-1,212420,101,8,27,"44,00",3,1,0,1,31,0,0,0,"2341,17",5,0,1,202005,0,5,"2341,17"
202005,3,35,350570,J,6201501,-1,212420,101,9,38,"40,00",1,1,0,1,31,0,0,0,"10264,75",5,0,1,202005,0,5,"10264,75"
202005,3,35,354850,J,6202300,-1,317110,101,8,25,"40,00",6,3,0,1,31,0,0,0,"4000,00",3,0,1,202005,0,5,"4000,00"
202005,4,41,410690,J,6204000,-1,212405,101,80,39,"40,00",4,3,0,1,31,0,0,0,"5275,31",7,0,1,202005,0,5,"5275,31"
202005,3,35,355030,J,6204000,-1,317110,101,9,25,"44,00",1,1,0,1,40,0,0,9,"4573,68",10,0,1,202005,0,5,"4573,68"
202005,3,35,354870,J,6311900,-1,212420,101,9,30,"40,00",1,1,0,1,31,0,0,0,"1727,88",6,0,1,202005,0,5,"1727,88"
202005,3,35,355030,J,6311900,1,212420,101,9,37,"40,00",1,1,0,1,20,0,0,0,"4360,97",9,0,1,202005,0,5,"4360,97"
202005,3,35,354730,J,6209100,1,212405,101,80,39,"40,00",6,1,0,1,20,0,0,0,"7000,00",10,0,1,202005,0,5,"7000,00"
202005,3,35,350570,J,6203100,1,212405,101,9,33,"40,00",1,1,0,1,20,0,0,0,"10700,00",9,0,1,202005,0,5,"10700,00"
202005,3,35,350950,J,6204000,-1,212405,101,9,30,"40,00",1,3,0,1,40,0,0,0,"1480,16",10,0,1,202005,0,5,"1480,16"
202005,3,35,355030,J,6204000,1,212405,101,9,30,"44,00",1,1,0,1,20,0,0,9,"4500,00",10,0,1,202005,0,5,"4500,00"
202005,3,35,355030,J,6201501,-1,212405,101,9,38,"40,00",1,3,0,1,31,0,0,0,"1681,00",5,0,1,202005,0,5,"1681,00"
202005,3,33,330455,J,6204000,1,142520,101,80,44,"40,00",1,1,0,1,20,0,0,0,"2110,00",5,0,1,202005,0,5,"2110,00"
202005,5,51,510340,J,6202300,-1,212420,101,9,44,"44,00",3,1,0,1,31,0,0,0,"5363,00",8,0,1,202005,0,5,"5363,00"
202005,3,35,354730,J,6204000,-1,212405,101,9,35,"40,00",3,3,0,1,40,0,0,0,"7846,57",9,0,1,202005,0,5,"7846,57"
202005,3,35,350570,J,6209100,1,212415,101,9,34,"40,00",1,1,0,1,20,0,0,0,"9000,00",7,0,1,202005,0,5,"9000,00"
202005,3,35,355030,J,6201501,-1,212420,101,8,20,"40,00",3,1,0,1,40,0,0,0,"2350,80",9,0,1,202005,0,5,"2350,80"
202005,2,29,292740,J,6311900,-1,317210,101,7,34,"40,00",3,1,0,1,31,0,0,0,"1730,90",7,0,1,202005,0,5,"1730,90"
202005,3,35,354870,J,6311900,-1,212420,101,9,34,"40,00",6,1,0,1,43,0,0,0,"1700,00",6,0,1,202005,0,5,"1700,00"
202005,3,35,350570,J,6203100,1,317205,101,9,32,"40,00",1,1,0,1,20,0,0,0,"1717,28",7,0,1,202005,0,5,"1717,28"
202005,4,43,431490,J,6311900,1,212405,101,10,30,"40,00",1,3,0,1,20,0,0,0,"9500,00",7,0,1,202005,0,5,"9500,00"
202005,3,35,355030,J,6203100,1,212405,101,8,22,"40,00",3,1,0,1,10,0,0,0,"3516,62",6,0,1,202005,0,5,"3516,62"
202005,5,50,500270,J,6202300,1,317210,101,7,20,"44,00",6,3,0,1,20,0,0,0,"1300,00",2,0,1,202005,0,5,"1300,00"
202005,4,43,431490,J,6204000,1,212420,101,9,29,"44,00",1,1,0,1,20,0,0,0,"3100,00",7,0,1,202005,0,5,"3100,00"
202005,3,35,355030,J,6204000,-1,212420,101,9,41,"40,00",1,1,0,1,31,0,0,0,"8000,00",6,0,1,202005,0,5,"8000,00"
202005,3,35,355030,J,6201501,-1,212410,101,9,40,"40,00",6,3,0,1,31,0,0,0,"6424,35",10,0,1,202005,0,5,"6424,35"
202005,3,35,350570,J,6202300,1,212215,101,9,36,"40,00",1,1,0,1,20,0,0,0,"9931,00",7,0,1,202005,0,5,"9931,00"
202005,4,41,410690,J,6204000,-1,142510,101,9,41,"40,00",1,1,0,1,31,0,0,0,"6825,00",7,0,1,202005,0,5,"6825,00"
202005,3,31,317020,J,6203100,-1,212405,101,9,31,"44,00",2,1,0,1,40,0,0,0,"3769,74",6,0,1,202005,0,5,"3769,74"
202005,4,43,431490,J,6202300,1,212405,101,9,43,"42,50",6,1,0,1,20,0,0,0,"2800,00",5,0,1,202005,0,5,"2800,00"
202005,3,35,350570,J,6201501,1,212405,101,9,44,"40,00",1,1,0,1,20,0,0,0,"13000,00",10,0,1,202005,0,5,"13000,00"
202005,3,35,350570,J,6204000,-1,212410,101,9,56,"40,00",1,1,0,1,31,0,0,0,"10084,50",9,0,1,202005,0,5,"10084,50"
202005,3,35,355030,J,6201501,-1,212405,101,9,31,"40,00",1,3,0,1,40,0,0,0,"8029,60",10,0,1,202005,0,5,"8029,60"
202005,3,35,350570,J,6201501,-1,317205,101,8,38,"40,00",1,1,0,1,31,0,0,0,"3212,04",9,0,1,202005,0,5,"3212,04"
202005,3,33,330455,J,6201501,-1,212405,101,9,44,"40,00",1,1,0,1,31,0,0,0,"5680,00",5,0,1,202005,0,5,"5680,00"
202005,3,33,330455,J,6311900,1,317110,101,8,42,"40,00",3,1,0,1,20,0,0,0,"4000,00",4,0,1,202005,0,5,"4000,00"
202005,4,42,420290,J,6203100,1,317210,101,8,23,"44,00",1,3,0,1,20,0,0,0,"1600,00",3,0,1,202005,0,5,"1600,00"
202005,3,35,355030,J,6201501,-1,317110,101,9,36,"40,00",3,1,0,1,31,0,0,0,"10065,01",10,0,1,202005,0,5,"10065,01"
202005,3,32,320520,J,6201501,1,317110,101,8,25,"40,00",2,1,0,1,20,0,0,0,"2200,00",3,0,1,202005,0,5,"2200,00"
202005,3,35,355030,J,6201501,-1,212205,101,9,25,"40,00",1,1,0,1,40,0,0,0,"4300,00",3,0,1,202005,0,5,"4300,00"
202005,2,25,250750,J,6203100,1,212320,101,9,30,"40,00",3,1,0,1,20,0,0,0,"5500,00",8,0,1,202005,0,5,"5500,00"
202005,3,35,355030,J,6202300,-1,317210,101,9,32,"40,00",2,3,0,1,31,0,0,0,"2507,15",7,0,1,202005,0,5,"2507,15"
202005,3,32,320520,J,6209100,-1,212405,101,9,39,"40,00",1,1,0,1,31,0,0,0,"3000,00",6,0,1,202005,0,5,"3000,00"
202005,4,41,410690,J,6201501,1,212405,101,9,45,"40,00",3,1,0,1,20,0,0,0,"4398,00",1,0,1,202005,0,5,"4398,00"
202005,3,35,355030,J,6204000,-1,212405,101,9,40,"44,00",3,1,0,1,31,0,0,9,"7745,13",10,0,1,202005,0,5,"7745,13"
202005,3,33,330455,J,6201501,1,212405,101,8,26,"40,00",1,3,0,1,20,0,0,0,"13500,00",7,0,1,202005,0,5,"13500,00"
202005,3,35,355030,J,6203100,-1,212305,101,9,27,"40,00",1,1,0,1,40,0,0,0,"9000,00",6,0,1,202005,0,5,"9000,00"
202005,3,33,330455,J,6201501,-1,142515,101,8,34,"40,00",3,3,0,1,40,0,0,0,"5105,00",7,0,1,202005,0,5,"5105,00"
202005,2,26,261160,J,6202300,1,142515,101,9,45,"44,00",3,1,0,1,20,0,0,0,"5000,00",4,0,1,202005,0,5,"5000,00"
202005,3,35,350950,J,6201501,1,212405,101,9,27,"40,00",1,1,0,1,20,0,0,0,"7800,00",7,0,1,202005,0,5,"7800,00"
202005,3,35,350950,J,6203100,1,212405,101,8,34,"40,00",1,1,0,1,20,0,0,0,"4721,00",7,0,1,202005,0,5,"4721,00"
202005,4,41,411520,J,6209100,1,212405,101,9,34,"40,00",1,1,0,1,20,0,0,0,"7857,00",7,0,1,202005,0,5,"7857,00"
202005,3,35,355030,J,6204000,1,212405,101,9,33,"40,00",1,3,0,1,20,0,0,0,"3000,00",2,0,1,202005,0,5,"3000,00"
202005,5,53,530010,J,6201501,-1,212405,101,9,30,"40,00",3,1,0,1,40,0,0,0,"3518,51",9,0,1,202005,0,5,"3518,51"
202005,3,35,355030,J,6209100,-1,212405,101,7,28,"44,00",6,3,0,1,31,0,0,0,"1675,56",5,0,1,202005,0,5,"1675,56"
202005,3,35,350950,J,6204000,-1,212310,101,9,32,"40,00",1,1,0,1,40,0,0,0,"5000,00",10,0,1,202005,0,5,"5000,00"
202005,3,35,355030,J,6204000,-1,212405,101,9,27,"44,00",3,1,0,1,40,0,0,9,"9618,75",10,0,1,202005,0,5,"9618,75"
202005,3,35,355030,J,6311900,1,212405,101,80,31,"40,00",6,1,0,1,20,0,0,0,"6500,00",6,0,1,202005,0,5,"6500,00"
202005,3,35,350570,J,6202300,-1,212420,101,9,56,"40,00",1,1,0,1,40,0,0,0,"11000,00",9,0,1,202005,0,5,"11000,00"
202005,3,35,352470,J,6201501,1,212405,101,11,29,"40,00",1,1,0,1,20,0,0,0,"10500,00",10,0,1,202005,0,5,"10500,00"
202005,3,35,354730,J,6204000,-1,212420,101,9,26,"40,00",1,1,0,1,31,0,0,0,"2430,00",9,0,1,202005,0,5,"2430,00"
202005,3,35,354870,J,6311900,-1,212420,101,8,33,"40,00",2,1,0,1,31,0,0,0,"1727,88",6,0,1,202005,0,5,"1727,88"
202005,3,33,330455,J,6204000,1,317210,101,7,21,"40,00",3,1,0,1,20,0,0,0,"2453,24",6,0,1,202005,0,5,"2453,24"
202005,4,42,421660,J,6201501,1,317110,101,9,28,"40,00",1,1,0,1,20,0,0,0,"4000,00",5,0,1,202005,0,5,"4000,00"
202005,3,35,355030,J,6204000,-1,142520,101,80,40,"40,00",1,1,0,1,31,0,0,0,"8289,61",7,0,1,202005,0,5,"8289,61"
202005,5,53,530010,J,6204000,1,142520,101,7,36,"40,00",6,1,0,1,20,0,0,0,"9000,00",7,0,1,202005,0,5,"9000,00"
202005,3,35,355030,J,6204000,-1,212405,101,7,30,"40,00",1,3,0,1,31,0,0,0,"2852,00",8,0,1,202005,0,5,"2852,00"
202005,4,43,431490,J,6201501,-1,212405,101,80,30,"44,00",1,1,0,1,31,0,0,0,"3200,00",5,0,1,202005,0,5,"3200,00"
202005,3,35,352470,J,6201501,-1,212405,101,8,24,"40,00",1,1,0,1,40,0,0,0,"1675,56",10,0,1,202005,0,5,"1675,56"
202005,4,43,431870,J,6204000,-1,212405,101,9,26,"40,00",1,1,0,1,40,0,0,0,"8118,77",10,0,1,202005,0,5,"8118,77"
202005,2,23,230440,J,6311900,-1,212420,101,8,30,"44,00",6,1,0,1,31,0,0,0,"2395,88",4,0,1,202005,0,5,"2395,88"
202005,5,53,530010,J,6204000,1,212410,101,80,41,"40,00",1,1,0,1,20,0,0,0,"4500,00",1,0,1,202005,0,5,"4500,00"
202005,3,35,355030,J,6209100,-1,142530,101,9,42,"40,00",1,1,0,1,31,0,0,0,"6330,00",3,0,1,202005,0,5,"6330,00"
202005,3,35,350570,J,6201501,-1,212405,101,9,34,"40,00",1,1,0,1,31,0,0,0,"7688,00",8,0,1,202005,0,5,"7688,00"
202005,4,42,420910,J,6201501,-1,212420,101,7,22,"42,50",6,1,0,1,31,0,0,0,"1800,00",7,0,1,202005,0,5,"1800,00"
202005,3,35,350950,J,6201501,1,212410,101,9,41,"40,00",1,1,0,1,20,0,0,0,"12000,00",7,0,1,202005,0,5,"12000,00"
202005,3,33,330455,J,6209100,-1,317210,101,7,40,"40,00",3,1,0,1,31,0,0,0,"1381,44",8,0,1,202005,0,5,"1381,44"
202005,5,53,530010,J,6203100,1,212405,101,8,24,"44,00",1,3,0,1,20,0,0,0,"6087,00",8,0,1,202005,0,5,"6087,00"
202005,2,26,261160,J,6311900,-1,317210,101,80,34,"40,00",1,1,0,1,31,0,0,0,"1958,60",7,0,1,202005,0,5,"1958,60"
202005,3,31,317020,J,6204000,-1,212405,101,9,28,"40,00",1,3,0,1,40,0,0,0,"2719,88",8,0,1,202005,0,5,"2719,88"
202005,3,35,354870,J,6201501,-1,212420,101,9,33,"40,00",6,1,0,1,31,0,0,0,"3047,44",9,0,1,202005,0,5,"3047,44"
202005,3,35,355030,J,6203100,-1,212405,101,9,30,"44,00",1,3,0,1,31,0,0,0,"3000,00",2,0,1,202005,0,5,"3000,00"
202005,3,35,355030,J,6311900,-1,212420,101,7,31,"40,00",1,1,0,1,31,0,0,0,"3292,00",4,0,1,202005,0,5,"3292,00"
202005,3,31,317010,J,6209100,-1,317210,101,7,34,"43,00",1,1,0,1,31,0,0,0,"2870,53",5,0,1,202005,0,5,"2870,53"
202005,3,35,355030,J,6202300,-1,212405,101,9,26,"40,00",6,1,0,1,31,0,0,0,"6000,00",1,0,1,202005,0,5,"6000,00"
202005,3,35,355670,J,6201501,-1,212405,101,9,32,"40,00",6,1,0,1,31,0,0,0,"9000,00",5,0,1,202005,0,5,"9000,00"
202005,4,43,431870,J,6201501,1,212405,101,8,34,"44,00",1,1,0,1,20,0,0,0,"7000,00",8,0,1,202005,0,5,"7000,00"
202005,2,26,261160,J,6311900,-1,317210,101,9,37,"40,00",1,1,0,1,31,0,0,0,"1626,68",7,0,1,202005,0,5,"1626,68"
202005,3,33,330580,J,6209100,1,317110,101,8,23,"40,00",1,1,0,1,20,0,0,0,"2852,00",10,0,1,202005,0,5,"2852,00"
202005,3,35,355030,J,6204000,-1,317110,101,9,22,"40,00",1,3,0,1,40,0,0,0,"4779,00",7,0,1,202005,0,5,"4779,00"
202005,3,35,354980,J,6209100,-1,212405,101,9,34,"40,00",1,1,0,1,31,0,0,0,"5327,87",5,0,1,202005,0,5,"5327,87"
202005,4,42,421870,J,6203100,1,317105,101,7,33,"25,00",6,1,0,1,20,0,0,0,"750,00",3,0,1,202005,0,5,"750,00"
202005,5,53,530010,J,6201501,-1,212405,101,9,55,"44,00",3,1,0,1,31,0,0,0,"5298,95",8,0,1,202005,0,5,"5298,95"
202005,4,42,420910,J,6202300,-1,212420,101,9,41,"44,00",6,1,0,1,31,0,0,0,"2109,20",6,0,1,202005,0,5,"2109,20"
202005,3,35,354780,J,6209100,-1,142520,101,10,35,"40,00",1,3,0,1,31,0,0,0,"7574,18",6,0,1,202005,0,5,"7574,18"
202005,4,41,410480,J,6202300,1,317110,101,9,27,"44,00",6,1,0,1,20,0,0,0,"3400,00",6,0,1,202005,0,5,"3400,00"
202005,3,31,310620,J,6203100,-1,317205,101,8,21,"42,50",3,1,0,1,31,0,0,0,"1719,80",2,0,1,202005,0,5,"1719,80"
202005,3,35,350570,J,6209100,1,317110,101,9,35,"40,00",6,1,0,1,20,0,0,0,"1730,00",7,0,1,202005,0,5,"1730,00"
202005,5,53,530010,J,6203100,-1,317110,101,8,26,"44,00",1,1,0,1,40,0,0,0,"7000,00",8,0,1,202005,0,5,"7000,00"
202005,3,35,355030,J,6201501,1,212405,101,9,24,"40,00",3,3,0,1,20,0,0,0,"3250,00",10,0,1,202005,0,5,"3250,00"
202005,3,33,330330,J,6201501,1,212405,101,80,34,"56,00",1,1,0,1,20,0,0,0,"10000,00",7,0,1,202005,0,5,"10000,00"
202005,3,35,350280,J,6202300,-1,212405,101,9,31,"44,00",1,1,0,1,40,0,0,0,"3877,89",8,0,1,202005,0,5,"3877,89"
202005,3,35,355030,J,6204000,1,212405,101,9,42,"40,00",1,1,0,1,20,0,0,0,"10000,00",10,0,1,202005,0,5,"10000,00"
202005,4,41,410690,J,6203100,1,317210,101,7,27,"30,00",1,1,0,1,10,0,0,0,"1400,00",4,0,1,202005,0,5,"1400,00"
202005,3,35,355030,J,6209100,-1,212420,101,8,28,"44,00",1,1,0,1,40,0,0,0,"1689,10",5,0,1,202005,0,5,"1689,10"
202005,3,35,352690,J,6202300,1,212420,101,8,21,"40,00",1,1,0,1,20,0,0,0,"1800,00",7,0,1,202005,0,5,"1800,00"
202005,3,33,330455,J,6204000,1,142520,101,80,40,"40,00",1,3,0,1,20,0,0,0,"9000,00",9,0,1,202005,0,5,"9000,00"
202005,3,31,317020,J,6202300,-1,212405,101,9,31,"44,00",3,1,0,1,40,0,0,0,"2100,00",5,0,1,202005,0,5,"2100,00"
202005,3,35,350570,J,6201501,-1,317110,101,9,27,"40,00",3,1,0,1,31,0,0,0,"3534,05",9,0,1,202005,0,5,"3534,05"
202005,3,31,310620,J,6209100,1,317205,101,7,34,"44,00",1,3,0,1,20,0,0,0,"1188,57",10,0,1,202005,0,5,"1188,57"
202005,3,35,350570,J,6201501,1,212315,101,80,51,"40,00",1,1,0,1,20,0,0,0,"14000,00",7,0,1,202005,0,5,"14000,00"
202005,5,53,530010,J,6203100,1,212415,101,8,21,"40,00",6,1,0,1,20,0,0,0,"1102,81",7,0,1,202005,0,5,"1102,81"
202005,3,31,317020,J,6201501,-1,212405,101,9,25,"40,00",3,1,0,1,40,0,0,0,"5100,00",7,0,1,202005,0,5,"5100,00"
202005,3,35,355030,J,6201501,-1,317110,101,9,34,"40,00",2,1,0,1,40,0,0,0,"4082,82",7,0,1,202005,0,5,"4082,82"
202005,3,33,330455,J,6201501,-1,212405,101,9,36,"40,00",3,3,0,1,31,0,0,0,"6986,00",1,0,1,202005,0,5,"6986,00"
202005,2,25,250750,J,6201501,1,212405,101,9,31,"44,00",1,1,0,1,20,0,0,0,"7000,00",7,0,1,202005,0,5,"7000,00"
202005,5,53,530010,J,6201501,1,212405,101,8,30,"40,00",3,1,0,1,20,0,0,0,"4000,00",10,0,1,202005,0,5,"4000,00"
202005,3,35,350570,J,6201501,1,212405,101,9,26,"40,00",1,3,0,1,20,0,0,0,"8000,00",10,0,1,202005,0,5,"8000,00"
202005,5,52,520140,J,6204000,-1,212420,101,9,28,"44,00",3,1,0,1,31,0,0,0,"2663,57",7,0,1,202005,0,5,"2663,57"
202005,3,33,330330,J,6201501,1,212405,101,9,25,"56,00",3,1,0,1,20,0,0,0,"6500,00",7,0,1,202005,0,5,"6500,00"
202005,3,35,355030,J,6203100,-1,212405,101,9,34,"40,00",1,1,0,1,40,0,0,0,"5541,00",7,0,1,202005,0,5,"5541,00"
202005,3,35,355030,J,6311900,-1,212405,101,9,27,"40,00",1,1,0,1,31,0,0,0,"8151,00",1,0,1,202005,0,5,"8151,00"
202005,3,35,355030,J,6204000,-1,212305,101,80,40,"40,00",3,1,0,1,40,0,0,0,"11539,00",5,0,1,202005,0,5,"11539,00"
202005,3,35,352590,J,6209100,1,212405,101,9,22,"44,00",6,1,0,1,20,0,0,0,"8000,00",4,0,1,202005,0,5,"8000,00"
202005,2,23,230440,J,6204000,-1,317205,101,7,42,"36,00",3,3,0,1,31,0,0,0,"1300,00",8,0,1,202005,0,5,"1300,00"
202005,4,41,410690,J,6204000,-1,212405,101,9,32,"40,00",3,1,0,1,43,0,0,0,"4000,00",5,0,1,202005,0,5,"4000,00"
202005,2,24,240810,J,6201501,1,212405,101,7,22,"44,00",3,1,0,1,20,0,0,0,"1200,00",2,0,1,202005,0,5,"1200,00"
202005,3,31,310620,J,6204000,1,212420,101,80,34,"40,00",3,1,0,1,20,0,0,0,"1752,07",7,0,1,202005,0,5,"1752,07"
202005,3,35,354870,J,6204000,-1,212405,101,9,55,"40,00",1,1,0,1,31,0,0,0,"27040,75",10,0,1,202005,0,5,"27040,75"
202005,3,35,355030,J,6201501,-1,317110,101,9,25,"40,00",3,1,0,1,31,0,0,0,"10097,57",10,0,1,202005,0,5,"10097,57"
202005,3,35,350600,J,6311900,-1,317110,101,7,22,"40,00",1,1,0,1,40,0,0,0,"1490,00",3,0,1,202005,0,5,"1490,00"
202005,3,35,355030,J,6209100,1,212405,101,9,34,"44,00",4,1,0,1,20,0,0,9,"4000,00",1,0,1,202005,0,5,"4000,00"
202005,3,31,310620,J,6201501,1,212420,101,7,36,"40,00",1,3,0,1,20,0,0,0,"1693,27",9,0,1,202005,0,5,"1693,27"
202005,3,35,355030,J,6202300,1,212420,101,5,19,"40,00",1,1,0,1,20,0,0,0,"2000,00",4,0,1,202005,0,5,"2000,00"
202005,3,35,355030,J,6201501,-1,212405,101,9,31,"40,00",1,3,0,1,40,0,0,0,"6000,00",3,0,1,202005,0,5,"6000,00"
202005,3,35,350570,J,6203100,1,212405,101,8,23,"40,00",1,1,0,1,20,0,0,0,"16000,00",9,0,1,202005,0,5,"16000,00"
202005,3,35,350570,J,6201501,-1,212405,101,9,64,"40,00",1,1,0,1,31,0,0,0,"7266,01",7,0,1,202005,0,5,"7266,01"
202005,3,35,354870,J,6201501,-1,212405,101,9,51,"40,00",1,1,0,1,31,0,0,0,"11193,36",8,0,1,202005,0,5,"11193,36"
202005,3,33,330390,J,6204000,-1,212420,101,8,36,"40,00",1,3,0,1,31,0,0,0,"3919,70",4,0,1,202005,0,5,"3919,70"
202005,3,32,320500,J,6201501,1,317210,101,9,22,"44,00",3,3,0,1,20,0,0,0,",00",2,0,1,202005,0,5,",00"
202005,5,51,510340,J,6209100,-1,212405,101,7,26,"44,00",6,1,0,1,40,0,0,0,"3120,00",4,0,1,202005,0,5,"3120,00"
202005,2,26,261160,J,6311900,1,212405,101,10,38,"40,00",6,1,0,1,20,0,0,0,"6053,86",7,0,1,202005,0,5,"6053,86"
202005,3,35,350950,J,6204000,1,212420,101,9,40,"40,00",2,3,0,1,20,0,0,0,"4000,00",5,0,1,202005,0,5,"4000,00"
202005,5,53,530010,J,6203100,-1,212410,101,7,29,"44,00",6,1,0,1,31,0,0,0,"5500,00",7,0,1,202005,0,5,"5500,00"
202005,3,35,355030,J,6204000,1,212405,101,9,55,"44,00",1,1,0,1,20,0,0,9,"8200,00",10,0,1,202005,0,5,"8200,00"
202005,2,29,292740,J,6311900,-1,317210,101,9,38,"40,00",3,1,0,1,31,0,0,0,"1182,46",7,0,1,202005,0,5,"1182,46"
202005,3,35,350950,J,6201501,-1,212405,101,80,35,"40,00",1,1,0,1,40,0,0,0,"5018,50",6,0,1,202005,0,5,"5018,50"
202005,4,41,411850,J,6311900,1,212420,101,8,28,"40,00",3,1,0,1,20,0,0,0,"1500,00",2,0,1,202005,0,5,"1500,00"
202005,4,42,420910,J,6201501,-1,212405,101,9,23,"42,50",2,3,0,1,31,0,0,0,"3070,00",7,0,1,202005,0,5,"3070,00"
202005,3,35,350570,J,6203100,1,212405,101,80,36,"40,00",1,1,0,1,20,0,0,0,"13000,00",9,0,1,202005,0,5,"13000,00"
202005,3,35,350570,J,6203100,1,212405,101,8,35,"40,00",2,1,0,1,20,0,0,0,"12500,00",9,0,1,202005,0,5,"12500,00"
202005,5,51,510340,J,6202300,1,317110,101,9,28,"44,00",3,3,0,1,10,0,0,0,"1514,69",5,0,1,202005,0,5,"1514,69"
202005,3,35,355030,J,6201501,-1,212405,101,9,32,"40,00",3,1,0,1,40,0,0,0,"8500,00",4,0,1,202005,0,5,"8500,00"
202005,3,31,314480,J,6209100,-1,212405,101,9,59,"40,00",3,1,0,1,31,0,0,0,"6612,00",9,0,1,202005,0,5,"6612,00"
202005,3,35,355030,J,6204000,-1,212420,101,9,33,"40,00",3,1,0,1,31,0,0,0,"1381,44",10,0,1,202005,0,5,"1381,44"
202005,3,35,355030,J,6201501,1,212405,101,9,51,"40,00",1,1,0,1,20,0,0,0,"12800,00",10,0,1,202005,0,5,"12800,00"
202005,3,35,353440,J,6201501,-1,212420,101,9,47,"40,00",3,1,0,1,40,0,0,0,"3340,70",9,0,1,202005,0,5,"3340,70"
202005,4,43,431490,J,6209100,-1,142530,101,7,32,"44,00",3,3,0,1,40,0,0,0,"4500,00",8,0,1,202005,0,5,"4500,00"
202005,3,32,320530,J,6201501,-1,212405,101,9,47,"40,00",3,1,0,1,31,0,0,0,"7220,50",7,0,1,202005,0,5,"7220,50"
202005,4,41,410690,J,6201501,-1,317110,101,80,35,"40,00",1,1,0,1,31,0,0,0,"3200,00",9,0,1,202005,0,5,"3200,00"
202005,3,35,355030,J,6201501,-1,212410,101,9,25,"40,00",6,1,0,1,31,0,0,0,"2343,75",10,0,1,202005,0,5,"2343,75"
202005,3,35,355030,J,6311900,1,212405,101,9,29,"40,00",1,1,0,1,20,0,0,0,"5131,00",1,0,1,202005,0,5,"5131,00"
202005,3,35,355030,J,6201501,-1,317110,101,9,32,"40,00",3,1,0,1,40,0,0,0,"7020,30",10,0,1,202005,0,5,"7020,30"
202005,3,31,310620,J,6201501,1,212405,101,9,31,"40,00",3,1,0,1,20,0,0,0,"7400,00",7,0,1,202005,0,5,"7400,00"
202005,3,35,355030,J,6201501,1,317110,101,9,33,"40,00",3,1,0,1,20,0,0,0,"10500,00",9,0,1,202005,0,5,"10500,00"
202005,2,29,292740,J,6204000,1,317110,101,9,27,"40,00",3,1,0,1,20,0,0,0,"2450,40",6,0,1,202005,0,5,"2450,40"
202005,5,53,530010,J,6203100,-1,212405,101,8,36,"44,00",3,3,0,1,40,0,0,0,"11048,31",7,0,1,202005,0,5,"11048,31"
202005,2,26,261160,J,6311900,-1,317210,101,7,40,"40,00",3,1,0,1,31,0,0,0,"1346,53",7,0,1,202005,0,5,"1346,53"
202005,2,26,261160,J,6201501,-1,212405,101,9,27,"40,00",2,1,0,1,40,0,0,0,"5462,88",6,0,1,202005,0,5,"5462,88"
202005,3,35,350570,J,6209100,-1,212405,101,80,58,"40,00",1,1,0,1,40,0,0,0,"11788,46",10,0,1,202005,0,5,"11788,46"
202005,3,31,310620,J,6202300,1,212320,101,9,36,"40,00",1,1,0,1,20,0,0,0,"7966,85",7,0,1,202005,0,5,"7966,85"
202005,5,53,530010,J,6201501,1,317110,101,9,26,"40,00",3,1,0,1,20,0,0,0,"6200,00",7,0,1,202005,0,5,"6200,00"
202005,3,35,353440,J,6201501,-1,212405,101,9,41,"40,00",2,1,0,1,31,0,0,0,"7000,00",9,0,1,202005,0,5,"7000,00"
202005,3,35,352900,J,6201501,1,317110,101,9,31,"40,00",1,1,0,1,20,0,0,0,"5000,00",7,0,1,202005,0,5,"5000,00"
202005,3,35,350320,J,6204000,1,212405,101,8,26,"40,00",1,1,0,1,20,0,0,0,"2106,18",8,0,1,202005,0,5,"2106,18"
202005,4,43,430510,J,6202300,-1,317205,101,7,36,"44,00",6,1,0,1,31,0,0,0,"1689,10",6,0,1,202005,0,5,"1689,10"
202005,3,35,350320,J,6204000,1,212405,101,9,31,"40,00",1,1,0,1,20,0,0,0,"5299,72",8,0,1,202005,0,5,"5299,72"
202005,4,43,431490,J,6204000,-1,212410,101,8,36,"40,00",1,3,0,1,31,0,0,0,"1700,00",4,0,1,202005,0,5,"1700,00"
202005,3,35,355030,J,6204000,1,212420,101,9,32,"40,00",1,1,0,1,20,0,0,0,"4500,00",7,0,1,202005,0,5,"4500,00"
202005,3,32,320520,J,6209100,1,212420,101,9,33,"40,00",1,1,0,1,20,0,0,0,"1705,00",5,0,1,202005,0,5,"1705,00"
202005,3,33,330330,J,6204000,1,212405,101,9,52,"40,00",3,1,0,1,20,0,0,0,"6000,00",8,0,1,202005,0,5,"6000,00"
202005,4,42,420910,J,6201501,-1,212405,101,7,38,"44,00",1,1,0,1,31,0,0,0,"7050,00",6,0,1,202005,0,5,"7050,00"
202005,3,35,354870,J,6204000,1,212405,101,9,28,"40,00",1,1,0,1,20,0,0,0,"5800,00",10,0,1,202005,0,5,"5800,00"
202005,4,42,420910,J,6202300,-1,317210,101,7,22,"44,00",1,1,0,1,31,0,0,0,"1594,79",6,0,1,202005,0,5,"1594,79"
202005,3,35,355030,J,6311900,-1,212405,101,9,41,"40,00",1,1,0,1,31,0,0,0,"5161,61",2,0,1,202005,0,5,"5161,61"
202005,4,41,410690,J,6204000,-1,317110,101,7,27,"40,00",1,1,0,1,40,0,0,0,"5000,00",4,0,1,202005,0,5,"5000,00"
202005,3,35,350280,J,6202300,-1,212405,101,9,40,"40,00",1,1,0,1,31,0,0,0,"8846,05",7,0,1,202005,0,5,"8846,05"
202005,3,33,330455,J,6201501,-1,317210,101,7,33,"40,00",3,1,0,1,31,0,0,0,"1381,45",9,0,1,202005,0,5,"1381,45"
202005,3,35,354780,J,6209100,-1,317210,101,8,28,"40,00",3,1,0,1,31,0,0,0,"1828,40",4,0,1,202005,0,5,"1828,40"
202005,3,35,355030,J,6203100,1,212205,101,9,37,"44,00",1,1,0,1,20,0,0,9,"22000,00",1,0,1,202005,0,5,"22000,00"
202005,3,35,350320,J,6204000,1,212405,101,9,29,"40,00",3,1,0,1,20,0,0,0,"7784,58",8,0,1,202005,0,5,"7784,58"
202005,2,23,230440,J,6203100,-1,212415,101,8,36,"44,00",3,1,0,1,31,0,0,0,"2256,06",7,0,1,202005,0,5,"2256,06"
202005,4,42,420540,J,6203100,1,317210,101,9,31,"44,00",1,1,0,1,20,0,0,0,"3350,00",4,0,1,202005,0,5,"3350,00"
202005,2,21,211130,J,6209100,1,142520,101,9,32,"44,00",4,1,0,1,20,0,0,0,"1800,00",4,0,1,202005,0,5,"1800,00"
202005,3,31,317020,J,6201501,1,212405,101,80,39,"40,00",1,1,0,1,20,0,0,0,"3300,00",7,0,1,202005,0,5,"3300,00"
202005,3,35,354870,J,6201501,-1,212205,101,9,27,"40,00",1,1,0,1,31,0,0,0,"4963,52",8,0,1,202005,0,5,"4963,52"
202005,4,43,431680,J,6203100,-1,317210,101,7,25,"44,00",1,1,0,1,40,0,0,0,"1320,00",3,0,1,202005,0,5,"1320,00"
202005,3,35,352470,J,6201501,-1,317210,101,80,27,"40,00",1,1,0,1,31,0,0,0,"1539,43",10,0,1,202005,0,5,"1539,43"
202005,3,35,355030,J,6202300,1,142535,101,9,33,"40,00",6,1,0,1,20,0,0,0,"2500,00",2,0,1,202005,0,5,"2500,00"
202005,4,41,411370,J,6201501,1,212405,101,9,22,"44,00",6,1,0,1,20,0,0,0,"1400,00",5,0,1,202005,0,5,"1400,00"
202005,3,35,355030,J,6204000,-1,212315,101,7,26,"40,00",6,1,0,1,31,0,0,0,"1808,88",6,0,1,202005,0,5,"1808,88"
202005,4,43,431870,J,6204000,-1,212405,101,8,32,"40,00",1,1,0,1,40,0,0,0,"5837,46",10,0,1,202005,0,5,"5837,46"
202005,3,35,355030,J,6209100,-1,317110,101,8,36,"40,00",1,1,0,1,31,0,0,0,"7500,00",8,0,1,202005,0,5,"7500,00"
202005,3,35,355030,J,6201501,-1,212405,101,80,38,"44,00",1,1,0,1,40,0,0,9,"2847,24",7,0,1,202005,0,5,"2847,24"
202005,3,31,310620,J,6204000,1,317205,101,7,25,"40,00",1,1,0,1,20,0,0,0,"2823,50",8,0,1,202005,0,5,"2823,50"
202005,5,52,521000,J,6202300,-1,317210,101,7,27,"44,00",3,1,0,1,40,0,0,0,"1250,00",5,0,1,202005,0,5,"1250,00"
202005,3,35,355030,J,6209100,-1,317210,101,7,20,"36,00",3,1,0,1,40,0,0,0,"1512,57",9,0,1,202005,0,5,"1512,57"
202005,3,31,310620,J,6201501,-1,142520,101,9,43,"40,00",1,3,0,1,31,0,0,0,"5540,00",8,0,1,202005,0,5,"5540,00"
202005,4,42,420540,J,6202300,1,317110,101,8,23,"44,00",6,3,0,1,10,0,0,0,"2500,00",7,0,1,202005,0,5,"2500,00"
202005,5,51,510340,J,6202300,-1,212405,101,7,32,"44,00",3,1,0,1,40,0,0,0,"4500,00",7,0,1,202005,0,5,"4500,00"
202005,4,43,431870,J,6204000,1,212405,101,8,21,"40,00",1,1,0,1,20,0,0,0,"6758,00",10,0,1,202005,0,5,"6758,00"
202005,4,43,431490,J,6204000,1,212420,101,8,26,"44,00",1,1,0,1,20,0,0,0,"5845,00",7,0,1,202005,0,5,"5845,00"
202005,3,35,355030,J,6204000,1,317110,101,9,28,"40,00",1,3,0,1,20,0,0,0,"3500,00",7,0,1,202005,0,5,"3500,00"
202005,3,35,355030,J,6209100,1,212405,101,9,37,"40,00",1,1,0,1,20,0,0,0,"9000,00",5,0,1,202005,0,5,"9000,00"
202005,4,42,420910,J,6201501,1,317110,101,8,22,"42,50",1,1,0,1,20,0,0,0,"3500,00",8,0,1,202005,0,5,"3500,00"
202005,3,33,330455,J,6203100,-1,317110,101,9,35,"40,00",2,1,0,1,31,0,0,0,"2606,80",1,0,1,202005,0,5,"2606,80"
202005,4,41,411850,J,6203100,1,317210,101,8,26,"44,00",3,1,0,1,20,0,0,0,"2425,00",8,0,1,202005,0,5,"2425,00"
202005,3,35,350570,J,6209100,-1,212405,101,7,35,"40,00",1,1,0,1,31,0,0,0,"16000,00",10,0,1,202005,0,5,"16000,00"
202005,3,35,355030,J,6209100,-1,212410,101,9,31,"40,00",3,1,0,1,40,0,0,0,"10000,00",7,0,1,202005,0,5,"10000,00"
202005,2,29,292740,J,6311900,-1,317210,101,7,36,"40,00",3,1,0,1,31,0,0,0,"2040,86",7,0,1,202005,0,5,"2040,86"
202005,3,35,350950,J,6209100,-1,212410,101,9,32,"40,00",1,1,0,1,40,0,0,0,"7350,00",4,0,1,202005,0,5,"7350,00"
202005,3,35,350950,J,6201501,-1,212405,101,9,49,"40,00",3,1,0,1,31,0,0,0,"10515,00",10,0,1,202005,0,5,"10515,00"
202005,3,35,355030,J,6204000,1,317110,101,8,24,"44,00",3,1,0,1,20,0,0,9,"3200,00",10,0,1,202005,0,5,"3200,00"
202005,3,35,355030,J,6204000,-1,212405,101,9,25,"44,00",1,3,0,1,43,0,0,9,"8000,00",10,0,1,202005,0,5,"8000,00"
202005,4,43,431490,J,6204000,1,212405,101,8,32,"44,00",1,1,0,1,20,0,0,0,"7300,00",1,0,1,202005,0,5,"7300,00"
202005,4,42,420540,J,6203100,-1,212405,101,9,23,"40,00",1,1,0,1,40,0,0,0,"3000,00",4,0,1,202005,0,5,"3000,00"
202005,3,35,350570,J,6202300,1,212405,101,9,38,"40,00",1,3,0,1,20,0,0,0,"9500,00",9,0,1,202005,0,5,"9500,00"
202005,4,41,410690,J,6203100,-1,212405,101,9,43,"40,00",1,1,0,1,31,0,0,0,"6342,15",3,0,1,202005,0,5,"6342,15"
202005,3,35,355030,J,6201501,-1,212405,101,9,25,"40,00",3,1,0,1,40,0,0,0,"7672,64",9,0,1,202005,0,5,"7672,64"
202005,5,51,510340,J,6209100,1,212405,101,7,31,"44,00",3,1,0,1,20,0,0,0,"1631,97",6,0,1,202005,0,5,"1631,97"
202005,3,31,310620,J,6209100,-1,212420,101,7,24,"44,00",6,1,0,1,31,3,0,0,"2161,18",10,0,1,202005,0,5,"2161,18"
202005,3,35,353440,J,6311900,1,317210,101,7,29,"36,00",6,3,0,1,20,0,0,0,"1211,39",8,0,1,202005,0,5,"1211,39"
202005,3,33,330455,J,6201501,-1,212420,101,9,24,"40,00",1,1,0,1,31,0,0,0,"1088,18",9,0,1,202005,0,5,"1088,18"
202005,5,53,530010,J,6201501,-1,212405,101,9,55,"40,00",1,1,0,1,31,0,0,0,"7449,25",10,0,1,202005,0,5,"7449,25"
202005,4,43,431140,J,6209100,1,212420,101,7,30,"44,00",1,3,0,1,20,0,0,0,"1200,00",1,0,1,202005,0,5,"1200,00"
202005,3,35,355030,J,6201501,-1,212405,101,9,35,"40,00",6,1,0,1,40,0,0,0,"10500,00",5,0,1,202005,0,5,"10500,00"
202005,3,35,350950,J,6201501,-1,212405,101,8,29,"40,00",1,3,0,1,31,0,0,0,"4074,80",6,0,1,202005,0,5,"4074,80"
202005,3,35,355030,J,6201501,-1,142515,101,9,49,"44,00",1,3,0,1,31,0,0,0,"18432,11",1,0,1,202005,0,5,"18432,11"
202005,2,26,261160,J,6311900,-1,317210,101,7,42,"40,00",1,1,0,1,31,0,0,0,"1346,53",7,0,1,202005,0,5,"1346,53"
202005,3,35,350570,J,6201501,-1,212405,101,8,29,"40,00",1,1,0,1,31,0,0,0,"3800,00",7,0,1,202005,0,5,"3800,00"
202005,3,35,355030,J,6209100,1,317210,101,7,27,"40,00",1,1,0,1,20,0,0,0,"5000,00",6,0,1,202005,0,5,"5000,00"
202005,4,43,431490,J,6203100,1,212420,101,8,25,"40,00",1,3,0,1,20,0,0,0,"1880,00",7,0,1,202005,0,5,"1880,00"
202005,3,31,310620,J,6209100,1,317205,101,7,30,"44,00",1,1,0,1,20,0,0,0,"1188,57",10,0,1,202005,0,5,"1188,57"
202005,4,43,431490,J,6201501,-1,317110,101,8,27,"44,00",6,1,0,1,40,0,0,0,"2500,00",5,0,1,202005,0,5,"2500,00"
202005,3,35,355030,J,6201501,-1,212410,101,9,40,"40,00",2,3,0,1,31,0,0,0,"10169,00",9,0,1,202005,0,5,"10169,00"
202005,3,35,350570,J,6202300,-1,317110,101,9,26,"40,00",1,1,0,1,40,0,0,0,"4020,00",7,0,1,202005,0,5,"4020,00"
202005,3,31,317020,J,6203100,-1,212405,101,9,25,"44,00",3,1,0,1,40,0,0,0,"2003,21",6,0,1,202005,0,5,"2003,21"
202005,5,50,500270,J,6201501,1,317110,101,8,27,"44,00",6,1,0,1,20,0,0,0,"2439,06",7,0,1,202005,0,5,"2439,06"
202005,4,43,431490,J,6204000,-1,212420,101,7,22,"44,00",1,1,0,1,43,0,0,0,"8000,00",5,0,1,202005,0,5,"8000,00"
202005,3,35,355030,J,6201501,-1,212420,101,9,48,"40,00",1,1,0,1,31,0,0,0,"11463,16",7,0,1,202005,0,5,"11463,16"
202005,3,35,355030,J,6201501,-1,317110,101,9,22,"40,00",1,1,0,1,43,0,0,0,"2270,00",10,0,1,202005,0,5,"2270,00"
202005,3,31,310620,J,6311900,-1,212205,101,9,28,"48,00",1,3,0,1,40,0,0,0,"18590,40",7,0,1,202005,0,5,"18590,40"
202005,3,35,355030,J,6201501,-1,142510,101,80,34,"40,00",1,1,0,1,40,0,0,0,"13319,47",8,0,1,202005,0,5,"13319,47"
202005,3,35,355030,J,6204000,-1,142510,101,9,41,"40,00",1,1,0,1,40,0,0,0,"7917,83",10,0,1,202005,0,5,"7917,83"
202005,3,35,350570,J,6201501,1,317110,101,8,23,"40,00",3,1,0,1,20,0,0,0,"3000,00",8,0,1,202005,0,5,"3000,00"
202005,4,42,420540,J,6202300,1,317110,101,7,26,"44,00",6,1,0,1,20,0,0,0,"8000,00",10,0,1,202005,0,5,"8000,00"
202005,3,35,355220,J,6204000,-1,212410,101,8,28,"40,00",1,1,0,1,40,0,0,0,"1900,28",5,0,1,202005,0,5,"1900,28"
202005,3,35,350570,J,6202300,-1,212405,101,8,30,"33,00",1,1,0,1,31,0,0,0,"3750,00",5,0,1,202005,0,5,"3750,00"
202005,5,50,500270,J,6311900,1,212420,101,7,32,"44,00",6,3,0,1,20,0,0,0,"1409,89",6,0,1,202005,0,5,"1409,89"
202005,3,35,355030,J,6204000,1,212405,101,9,27,"40,00",3,1,0,1,20,0,0,0,"6000,00",10,0,1,202005,0,5,"6000,00"
202005,3,35,355030,J,6311900,1,317110,101,7,25,"40,00",3,1,0,1,20,0,0,0,"2500,00",4,0,1,202005,0,5,"2500,00"
202005,3,35,355030,J,6204000,-1,212420,101,7,26,"40,00",1,1,0,1,40,0,0,0,"2859,40",5,0,1,202005,0,5,"2859,40"
202005,4,43,430460,J,6311900,1,317205,101,7,27,"44,00",1,1,0,1,20,0,0,0,"2222,61",6,0,1,202005,0,5,"2222,61"
202005,5,53,530010,J,6201501,1,317110,101,9,22,"40,00",1,1,0,1,20,0,0,0,"6200,00",7,0,1,202005,0,5,"6200,00"
202005,3,35,355030,J,6311900,1,212415,101,9,26,"40,00",1,1,0,1,20,0,0,0,"8000,00",6,0,1,202005,0,5,"8000,00"
202005,3,35,354730,J,6204000,-1,212405,101,9,49,"40,00",1,1,0,1,31,0,0,0,"7623,00",9,0,1,202005,0,5,"7623,00"
202005,3,35,352050,J,6202300,-1,317110,101,8,25,"40,00",6,1,0,1,40,0,0,0,"3040,56",6,0,1,202005,0,5,"3040,56"
202005,3,35,355030,J,6201501,1,212420,101,9,28,"44,00",1,1,0,1,20,0,0,0,"8000,00",5,0,1,202005,0,5,"8000,00"
202005,3,33,330455,J,6201501,-1,317210,101,9,26,"40,00",3,1,0,1,31,0,0,0,"1600,00",10,0,1,202005,0,5,"1600,00"
202005,3,31,317020,J,6202300,1,212405,101,80,44,"44,00",1,3,0,1,20,0,0,0,"3500,00",6,0,1,202005,0,5,"3500,00"
202005,3,35,355030,J,6201501,-1,212405,101,9,33,"40,00",3,1,0,1,40,0,0,0,"5459,55",10,0,1,202005,0,5,"5459,55"
202005,3,35,355030,J,6204000,1,317110,101,9,37,"44,00",4,1,0,1,20,0,0,9,"4000,00",10,0,1,202005,0,5,"4000,00"
202005,3,35,355030,J,6203100,-1,212405,101,80,30,"40,00",1,1,0,1,40,0,0,0,"10100,00",9,0,1,202005,0,5,"10100,00"
202005,3,35,355030,J,6201501,-1,212405,101,9,38,"44,00",1,1,0,1,31,0,0,9,"13440,00",5,0,1,202005,0,5,"13440,00"
202005,3,35,355220,J,6203100,1,212405,101,80,29,"40,00",1,1,0,1,20,0,0,0,"6500,00",7,0,1,202005,0,5,"6500,00"
202005,3,35,352470,J,6201501,-1,212405,101,9,66,"35,00",1,1,0,1,31,0,0,0,"7048,42",10,0,1,202005,0,5,"7048,42"
202005,3,32,320530,J,6201501,-1,212405,101,9,30,"40,00",1,1,0,1,31,0,0,0,"2770,50",6,0,1,202005,0,5,"2770,50"
202005,5,52,520870,J,6201501,-1,212420,101,7,19,"43,75",1,1,0,1,31,0,0,0,"1050,00",4,0,1,202005,0,5,"1050,00"
202005,3,35,354340,J,6202300,-1,317110,101,8,19,"40,00",1,3,0,1,40,0,0,0,"2811,47",8,0,1,202005,0,5,"2811,47"
202005,3,35,355030,J,6201501,-1,212405,101,80,39,"40,00",3,1,0,1,40,0,0,0,"9650,00",8,0,1,202005,0,5,"9650,00"
202005,3,33,330455,J,6201501,1,317110,101,9,34,"40,00",1,3,0,1,20,0,0,0,"8000,00",6,0,1,202005,0,5,"8000,00"
202005,3,35,355030,J,6209100,-1,212420,101,7,26,"40,00",1,1,0,1,31,0,0,0,"2120,00",5,0,1,202005,0,5,"2120,00"
202005,5,53,530010,J,6204000,1,212410,101,80,36,"40,00",1,1,0,1,20,0,0,0,"3000,00",1,0,1,202005,0,5,"3000,00"
202005,4,41,410690,J,6209100,1,212305,101,8,22,"40,00",1,1,0,1,20,0,0,0,"2712,00",9,0,1,202005,0,5,"2712,00"
202005,4,42,420420,J,6203100,1,212405,101,9,33,"44,00",1,1,0,1,20,0,0,9,"4770,58",7,0,1,202005,0,5,"4770,58"
202005,4,43,431490,J,6204000,1,317110,101,8,22,"44,00",1,1,0,1,20,0,0,0,"2000,00",5,0,1,202005,0,5,"2000,00"
202005,5,53,530010,J,6202300,1,212405,101,8,23,"44,00",1,1,0,1,20,0,0,0,"4274,67",1,0,1,202005,0,5,"4274,67"
202005,3,35,355030,J,6203100,-1,212420,101,9,53,"44,00",3,3,0,1,31,0,0,0,"4105,00",6,0,1,202005,0,5,"4105,00"
202005,3,35,355030,J,6311900,1,212405,101,9,32,"44,00",2,1,0,1,20,0,0,0,"9000,00",5,0,1,202005,0,5,"9000,00"
202005,3,35,355030,J,6204000,1,212405,101,9,39,"44,00",1,1,0,1,20,0,0,9,"8500,00",10,0,1,202005,0,5,"8500,00"
202005,3,35,355030,J,6201501,-1,212405,101,9,25,"44,00",6,1,0,1,40,0,0,0,"2257,75",5,0,1,202005,0,5,"2257,75"
202005,4,41,411520,J,6202300,-1,317110,101,8,43,"40,00",1,1,0,1,31,0,0,0,"4523,70",5,0,1,202005,0,5,"4523,70"
202005,3,35,355030,J,6202300,1,212410,101,9,22,"40,00",4,3,0,1,20,0,0,0,"2200,00",5,0,1,202005,0,5,"2200,00"
202005,3,35,355030,J,6209100,1,212410,101,9,33,"40,00",4,3,0,1,20,0,0,0,"3056,39",8,0,1,202005,0,5,"3056,39"
202005,3,35,350570,J,6204000,1,212405,101,9,26,"40,00",1,1,0,1,20,0,0,0,"4000,00",6,0,1,202005,0,5,"4000,00"
202005,3,35,353870,J,6204000,-1,212405,101,9,21,"44,00",1,1,0,1,31,0,0,0,"1650,00",5,0,1,202005,0,5,"1650,00"
202005,3,35,355030,J,6201501,1,212405,101,9,29,"40,00",3,1,0,1,20,0,0,0,"8000,00",8,0,1,202005,0,5,"8000,00"
202005,1,13,130260,J,6202300,1,212410,101,9,26,"40,00",1,1,0,1,20,0,0,0,"3100,00",1,0,1,202005,0,5,"3100,00"
202005,3,35,355030,J,6204000,1,212405,101,9,23,"44,00",1,1,0,1,20,0,0,9,"3500,00",10,0,1,202005,0,5,"3500,00"
202005,3,35,355030,J,6202300,1,212405,101,9,32,"40,00",1,1,0,1,20,0,0,0,"10096,00",6,0,1,202005,0,5,"10096,00"
202005,3,33,330455,J,6209100,-1,212420,101,80,31,"40,00",2,1,0,1,40,0,0,0,"4500,00",8,0,1,202005,0,5,"4500,00"
202005,3,31,310620,J,6203100,1,317110,101,9,35,"44,00",3,1,0,1,20,0,0,0,"3184,52",7,0,1,202005,0,5,"3184,52"
202005,4,42,420700,J,6204000,-1,212310,101,9,24,"44,00",1,1,0,1,40,0,0,0,"1800,00",2,0,1,202005,0,5,"1800,00"
202005,4,41,410690,J,6209100,1,212415,101,9,24,"40,00",1,1,0,1,20,0,0,0,"6500,00",7,0,1,202005,0,5,"6500,00"
202005,3,31,316870,J,6209100,-1,212410,101,7,37,"44,00",3,1,0,1,40,0,0,0,"1812,22",2,0,1,202005,0,5,"1812,22"
202005,3,35,350950,J,6204000,-1,212405,101,9,36,"40,00",3,1,0,1,40,0,0,0,"4520,42",10,0,1,202005,0,5,"4520,42"
202005,3,35,350570,J,6209100,-1,212405,101,8,27,"40,00",1,1,0,1,40,0,0,0,"4955,42",7,0,1,202005,0,5,"4955,42"
202005,5,53,530010,J,6203100,-1,212405,101,8,25,"44,00",3,1,0,1,40,0,0,0,"3838,78",7,0,1,202005,0,5,"3838,78"
202005,3,35,355030,J,6204000,-1,212420,101,9,22,"36,00",1,1,0,1,31,0,0,0,"1240,67",10,0,1,202005,0,5,"1240,67"
202005,3,35,350570,J,6203100,1,317205,101,7,27,"36,00",1,1,0,1,20,0,0,0,"2192,00",7,0,1,202005,0,5,"2192,00"
202005,2,29,291920,J,6201501,-1,212405,101,7,44,"44,00",3,1,0,1,31,0,0,0,"3073,50",7,0,1,202005,0,5,"3073,50"
202005,3,35,350320,J,6204000,1,142520,101,80,35,"40,00",1,1,0,1,20,0,0,0,"7784,58",8,0,1,202005,0,5,"7784,58"
202005,3,35,355030,J,6201501,-1,212405,101,9,29,"40,00",3,1,0,1,31,0,0,0,"8000,00",7,0,1,202005,0,5,"8000,00"
202005,5,53,530010,J,6209100,-1,212405,101,9,29,"44,00",3,1,0,1,40,0,0,0,"4536,90",6,0,1,202005,0,5,"4536,90"
202005,3,35,355030,J,6201501,-1,212420,101,9,24,"40,00",3,1,0,1,40,0,0,0,"4233,92",7,0,1,202005,0,5,"4233,92"
202005,3,31,316040,J,6201501,-1,317210,101,9,28,"40,00",1,3,0,1,31,0,0,0,"1451,46",3,0,1,202005,0,5,"1451,46"
202005,3,35,355030,J,6201501,-1,212405,101,9,29,"40,00",1,3,0,1,40,0,0,0,"5593,00",6,0,1,202005,0,5,"5593,00"
202005,2,29,292740,J,6204000,-1,317110,101,9,27,"44,00",3,3,0,1,31,0,0,0,"2023,10",9,0,1,202005,0,5,"2023,10"
202005,3,31,310620,J,6204000,1,212420,101,9,34,"40,00",2,1,0,1,10,0,0,0,"2400,00",7,0,1,202005,0,5,"2400,00"
202005,3,31,310620,J,6311900,-1,212405,101,8,21,"20,00",6,1,0,1,43,0,0,0,"1216,44",5,0,1,202005,0,5,"1216,44"
202005,3,35,355030,J,6201501,-1,317110,101,9,24,"40,00",1,1,0,1,43,0,0,0,"2270,00",10,0,1,202005,0,5,"2270,00"
202005,2,29,292740,J,6201501,-1,212420,101,8,35,"43,00",3,1,0,1,31,0,0,0,"1162,04",4,0,1,202005,0,5,"1162,04"
202005,3,33,330330,J,6201501,1,212405,101,80,46,"40,00",1,1,0,1,20,0,0,0,"9297,81",1,0,1,202005,0,5,"9297,81"
202005,3,35,350950,J,6202300,1,212405,101,9,29,"40,00",1,1,0,1,20,0,0,0,"4500,00",7,0,1,202005,0,5,"4500,00"
202005,3,31,317020,J,6203100,1,212215,101,9,30,"40,00",3,1,0,1,20,0,0,0,"3800,00",8,0,1,202005,0,5,"3800,00"
202005,2,26,261160,J,6202300,-1,317210,101,9,26,"44,00",6,1,0,1,40,0,0,0,"1248,60",4,0,1,202005,0,5,"1248,60"
202005,3,35,350570,J,6204000,-1,212410,101,8,30,"40,00",3,1,0,1,31,0,0,0,"5000,00",6,0,1,202005,0,5,"5000,00"
202005,3,32,320530,J,6201501,-1,212405,101,8,31,"40,00",1,1,0,1,43,0,0,0,"2250,00",7,0,1,202005,0,5,"2250,00"
202005,5,53,530010,J,6201501,-1,317210,101,9,42,"40,00",3,1,0,1,40,0,0,0,"1592,34",10,0,1,202005,0,5,"1592,34"
202005,3,35,355670,J,6201501,1,142510,101,9,46,"40,00",2,1,0,1,20,0,0,0,"1675,56",5,0,1,202005,0,5,"1675,56"
202005,5,53,530010,J,6204000,-1,212405,101,9,34,"40,00",3,1,0,1,40,0,0,0,"7000,00",8,0,1,202005,0,5,"7000,00"
202005,3,35,350950,J,6204000,-1,212310,101,9,34,"40,00",1,3,0,1,31,0,0,0,"3731,73",10,0,1,202005,0,5,"3731,73"
202005,3,35,355030,J,6201501,1,317110,101,8,20,"40,00",3,1,0,1,20,0,0,0,"3741,71",9,0,1,202005,0,5,"3741,71"
202005,3,35,355030,J,6209100,-1,317210,101,9,22,"40,00",3,1,0,1,40,0,0,0,"1810,03",7,0,1,202005,0,5,"1810,03"
202005,3,31,313670,J,6209100,-1,317205,101,8,28,"43,75",1,1,0,1,31,0,0,0,"1943,79",6,0,1,202005,0,5,"1943,79"
202005,3,31,310620,J,6311900,1,212205,101,9,25,"48,00",1,3,0,1,20,0,0,0,"11307,69",7,0,1,202005,0,5,"11307,69"
202005,5,53,530010,J,6204000,1,317210,101,9,31,"40,00",1,1,0,1,20,0,0,0,"1678,00",8,0,1,202005,0,5,"1678,00"
202005,3,31,317020,J,6204000,1,317110,101,9,28,"40,00",3,3,0,1,20,0,0,0,"2500,00",8,0,1,202005,0,5,"2500,00"
202005,3,33,330455,J,6311900,1,212410,101,9,25,"40,00",1,1,0,1,20,0,0,0,"4000,00",8,0,1,202005,0,5,"4000,00"
202005,3,31,310620,J,6201501,-1,212420,101,9,25,"36,00",1,3,0,1,40,0,0,0,"4000,00",7,0,1,202005,0,5,"4000,00"
202005,3,31,310620,J,6204000,-1,212405,101,9,33,"40,00",1,1,0,1,31,0,0,0,"2798,26",6,0,1,202005,0,5,"2798,26"
202005,3,35,355030,J,6209100,1,212405,101,8,24,"40,00",1,1,0,1,20,0,0,0,"11000,00",5,0,1,202005,0,5,"11000,00"
202005,3,35,355030,J,6204000,-1,212405,101,9,35,"40,00",5,1,0,1,40,0,0,0,"11492,80",6,0,1,202005,0,5,"11492,80"
202005,3,33,330455,J,6201501,-1,212405,101,9,46,"40,00",1,1,0,1,43,0,0,0,"5902,00",7,0,1,202005,0,5,"5902,00"
202005,3,35,355030,J,6202300,-1,212405,101,8,25,"40,00",1,1,0,1,31,0,0,0,"4137,20",9,0,1,202005,0,5,"4137,20"
202005,3,31,310620,J,6209100,1,317210,101,8,41,"44,00",3,1,0,1,20,0,0,0,"1269,52",7,0,1,202005,0,5,"1269,52"
202005,2,24,240810,J,6209100,-1,317210,101,7,22,"44,00",6,1,0,1,31,0,0,0,"1225,38",5,0,1,202005,0,5,"1225,38"
202005,3,35,355030,J,6209100,-1,212420,101,7,32,"40,00",1,1,0,1,31,0,0,0,"3537,05",3,0,1,202005,0,5,"3537,05"
202005,3,35,350950,J,6202300,-1,212405,101,8,25,"40,00",1,1,0,1,40,0,0,0,"6120,00",5,0,1,202005,0,5,"6120,00"
202005,3,35,355030,J,6209100,-1,317110,101,7,62,"44,00",1,1,0,1,31,0,0,0,"2780,00",4,0,1,202005,0,5,"2780,00"
202005,3,35,352470,J,6201501,1,317110,101,9,60,"40,00",4,3,0,1,20,0,0,0,"5100,00",10,0,1,202005,0,5,"5100,00"
202005,3,35,355030,J,6202300,-1,212405,101,7,34,"40,00",1,1,0,1,40,0,0,0,"11176,00",8,0,1,202005,0,5,"11176,00"
202005,3,31,314610,J,6311900,1,142520,101,80,35,"40,00",3,1,0,1,20,0,0,0,"8369,00",6,0,1,202005,0,5,"8369,00"
202005,3,31,310620,J,6201501,1,317110,101,9,29,"44,00",6,1,0,1,20,0,0,0,"3000,00",4,0,1,202005,0,5,"3000,00"
202005,5,50,500270,J,6201501,1,317110,101,8,21,"44,00",6,1,0,1,20,0,0,0,"2175,09",7,0,1,202005,0,5,"2175,09"
202005,2,25,250750,J,6202300,-1,317110,101,8,26,"44,00",3,1,0,1,31,0,0,0,"1550,00",3,0,1,202005,0,5,"1550,00"
202005,3,35,350950,J,6204000,-1,212420,101,9,38,"36,00",1,1,0,1,31,0,0,0,"2163,00",10,0,1,202005,0,5,"2163,00"
202005,5,51,510340,J,6201501,-1,212405,101,9,22,"36,00",6,3,0,1,31,0,0,0,"1300,00",4,0,1,202005,0,5,"1300,00"
202005,3,35,355030,J,6201501,-1,317210,101,9,46,"40,00",3,1,0,1,31,0,0,0,"8772,28",6,0,1,202005,0,5,"8772,28"
202005,3,32,320530,J,6201501,-1,212405,101,9,45,"40,00",3,1,0,1,40,0,0,0,"5183,29",7,0,1,202005,0,5,"5183,29"
202005,3,35,355030,J,6204000,1,212420,101,9,26,"40,00",1,1,0,1,20,0,0,0,"3500,00",10,0,1,202005,0,5,"3500,00"
202005,5,53,530010,J,6204000,-1,212405,101,9,36,"40,00",3,1,0,1,31,0,0,0,"6403,43",7,0,1,202005,0,5,"6403,43"
202005,3,35,355030,J,6201501,1,212405,101,9,39,"40,00",3,1,0,1,20,0,0,0,"9000,00",5,0,1,202005,0,5,"9000,00"
202005,3,32,320530,J,6209100,-1,212405,101,9,33,"40,00",3,1,0,1,31,0,0,0,"2427,12",9,0,1,202005,0,5,"2427,12"
202005,3,35,355030,J,6204000,1,212405,101,9,27,"40,00",1,1,0,1,20,0,0,0,"4750,00",3,0,1,202005,0,5,"4750,00"
202005,4,43,431490,J,6201501,-1,317110,101,9,32,"44,00",1,1,0,1,31,0,0,0,"4589,02",6,0,1,202005,0,5,"4589,02"
202005,4,42,420240,J,6203100,1,317210,101,7,21,"44,00",1,3,0,1,20,0,0,0,"1900,00",9,0,1,202005,0,5,"1900,00"
202005,3,35,355030,J,6204000,-1,212420,101,8,42,"40,00",3,1,0,1,31,0,0,0,"1920,00",10,0,1,202005,0,5,"1920,00"
202005,3,35,355030,J,6311900,1,212205,101,9,33,"48,00",1,1,0,1,20,0,0,0,"28307,69",7,0,1,202005,0,5,"28307,69"
202005,3,35,354730,J,6209100,-1,212410,101,9,42,"40,00",1,1,0,1,31,0,0,0,"5711,83",5,0,1,202005,0,5,"5711,83"
202005,2,29,292740,J,6204000,1,212405,101,9,30,"44,00",3,1,0,1,20,0,0,0,"1896,54",5,0,1,202005,0,5,"1896,54"
202005,3,35,355030,J,6201501,-1,317110,101,6,23,"44,00",3,1,0,1,40,0,0,0,"1620,00",8,0,1,202005,0,5,"1620,00"
202005,3,35,355030,J,6202300,1,142520,101,80,37,"40,00",3,1,0,1,20,0,0,0,"25485,24",7,0,1,202005,0,5,"25485,24"
202005,3,31,310620,J,6209100,1,212420,101,7,33,"44,00",2,1,0,1,20,0,0,0,"1336,35",6,0,1,202005,0,5,"1336,35"
202005,4,41,412480,J,6209100,1,212205,101,9,33,"44,00",6,1,0,1,20,0,0,0,"6000,00",2,0,1,202005,0,5,"6000,00"
202005,4,43,431490,J,6201501,-1,212405,101,9,26,"44,00",1,1,0,1,43,0,0,0,"4453,38",6,0,1,202005,0,5,"4453,38"
202005,4,42,420540,J,6202300,1,317210,101,8,22,"44,00",6,3,0,1,20,0,0,0,"2465,00",10,0,1,202005,0,5,"2465,00"
202005,5,53,530010,J,6201501,1,212405,101,9,65,"40,00",2,1,0,1,20,0,0,0,"8000,00",10,0,1,202005,0,5,"8000,00"
202005,3,31,310620,J,6204000,-1,212420,101,9,30,"40,00",3,3,0,1,31,0,0,0,"4428,12",10,0,1,202005,0,5,"4428,12"
202005,3,31,310620,J,6204000,-1,212420,101,7,27,"40,00",3,1,0,1,40,0,0,0,"1913,46",7,0,1,202005,0,5,"1913,46"
202005,3,35,355030,J,6311900,-1,212420,101,9,34,"40,00",2,1,0,1,40,0,0,0,"2025,11",9,0,1,202005,0,5,"2025,11"
202005,4,43,431490,J,6202300,-1,142520,101,80,41,"44,00",1,3,0,1,31,0,0,0,"5000,00",3,0,1,202005,0,5,"5000,00"
202005,4,41,410690,J,6204000,-1,317110,101,9,49,"40,00",1,1,0,1,31,0,0,0,"4500,00",7,0,1,202005,0,5,"4500,00"
202005,3,31,310620,J,6201501,1,212405,101,9,28,"44,00",3,1,0,1,20,0,0,0,"6500,00",7,0,1,202005,0,5,"6500,00"
202005,3,35,355030,J,6204000,1,212305,101,8,32,"40,00",3,3,0,1,20,0,0,0,"7000,00",10,0,1,202005,0,5,"7000,00"
202005,5,51,510340,J,6202300,-1,317205,101,7,30,"44,00",6,1,0,1,31,0,0,0,"2032,18",3,0,1,202005,0,5,"2032,18"
202005,2,29,292740,J,6311900,-1,317210,101,7,34,"40,00",1,1,0,1,31,0,0,0,"1800,41",7,0,1,202005,0,5,"1800,41"
202005,2,27,270430,J,6204000,-1,212405,101,9,26,"44,00",6,1,0,1,40,0,0,0,"3259,41",6,0,1,202005,0,5,"3259,41"
202005,5,53,530010,J,6201501,1,212405,101,9,41,"40,00",3,1,0,1,20,0,0,0,"7440,00",10,0,1,202005,0,5,"7440,00"
202005,3,35,353440,J,6201501,-1,212420,101,9,28,"40,00",1,1,0,1,40,0,0,0,"2771,17",9,0,1,202005,0,5,"2771,17"
202005,3,35,355030,J,6201501,1,212320,101,9,26,"40,00",1,3,0,1,20,0,0,0,"8000,00",10,0,1,202005,0,5,"8000,00"
202005,3,35,355030,J,6201501,-1,212410,101,8,21,"44,00",6,3,0,1,40,0,0,0,"1500,00",2,0,1,202005,0,5,"1500,00"
202005,4,42,420910,J,6201501,-1,212405,101,8,24,"44,00",6,1,0,1,31,0,0,9,"1900,00",3,0,1,202005,0,5,"1900,00"
202005,5,53,530010,J,6201501,1,212205,101,80,31,"40,00",1,1,0,1,20,0,0,0,"11500,00",10,0,1,202005,0,5,"11500,00"
202005,5,53,530010,J,6201501,-1,212420,101,9,38,"44,00",1,1,0,1,40,0,0,0,"4500,00",9,0,1,202005,0,5,"4500,00"
202005,3,33,330455,J,6204000,1,142520,101,9,49,"40,00",1,3,0,1,20,0,0,0,"8000,00",9,0,1,202005,0,5,"8000,00"
202005,2,26,261160,J,6311900,-1,212405,101,8,35,"40,00",1,1,0,1,31,0,0,0,"2890,85",7,0,1,202005,0,5,"2890,85"
202005,3,35,354730,J,6209100,1,212405,101,9,35,"40,00",6,1,0,1,20,0,0,0,"4500,00",10,0,1,202005,0,5,"4500,00"
202005,4,42,420910,J,6203100,1,317110,101,7,19,"42,00",3,1,0,1,20,0,0,0,"2736,00",9,0,1,202005,0,5,"2736,00"
202005,3,35,355030,J,6203100,-1,317210,101,8,20,"40,00",1,1,0,1,31,0,0,0,"2200,00",10,0,1,202005,0,5,"2200,00"
202005,3,35,355030,J,6201501,1,212420,101,8,20,"40,00",1,1,0,1,20,0,0,0,"1993,00",5,0,1,202005,0,5,"1993,00"
202005,3,35,350570,J,6204000,1,212410,101,9,54,"40,00",6,1,0,1,20,0,0,0,"9000,00",9,0,1,202005,0,5,"9000,00"
202005,3,32,320530,J,6209100,-1,212405,101,9,44,"40,00",6,1,0,1,31,0,0,0,"8246,45",9,0,1,202005,0,5,"8246,45"
202005,3,35,355030,J,6202300,-1,212320,101,80,35,"40,00",1,1,0,1,31,0,0,0,"5500,00",7,0,1,202005,0,5,"5500,00"
202005,4,41,410690,J,6203100,1,317110,101,80,35,"40,00",1,1,0,1,20,0,0,0,"6000,00",8,0,1,202005,0,5,"6000,00"
202005,2,27,270430,J,6209100,-1,317110,101,9,24,"44,00",6,1,0,1,31,0,0,0,"1561,50",4,0,1,202005,0,5,"1561,50"
202005,3,35,355030,J,6209100,1,212420,101,7,53,"40,00",1,1,0,1,20,0,0,0,"1688,00",8,0,1,202005,0,5,"1688,00"
202005,3,31,310620,J,6201501,1,212405,101,9,28,"40,00",3,1,0,1,20,0,0,0,"4800,00",6,0,1,202005,0,5,"4800,00"
202005,3,31,317020,J,6201501,1,212405,101,8,23,"44,00",3,1,0,1,20,0,0,0,"1800,00",2,0,1,202005,0,5,"1800,00"
202005,4,42,420900,J,6209100,-1,317110,101,9,30,"44,00",1,1,0,1,40,0,0,0,"3640,00",6,0,1,202005,0,5,"3640,00"
202005,3,33,330350,J,6209100,-1,317210,101,7,33,"40,00",1,1,0,1,31,0,0,0,"1381,45",4,0,1,202005,0,5,"1381,45"
202005,5,52,520870,J,6203100,1,212405,101,8,21,"44,00",3,1,0,1,20,0,0,0,"1500,00",5,0,1,202005,0,5,"1500,00"
202005,3,35,355030,J,6201501,-1,142520,101,80,41,"40,00",1,3,0,1,40,0,0,0,"9200,00",4,0,1,202005,0,5,"9200,00"
202005,4,43,431490,J,6204000,1,317110,101,8,21,"42,50",1,3,0,1,10,0,0,0,"1982,00",7,0,1,202005,0,5,"1982,00"
202005,3,35,355030,J,6202300,1,212405,101,8,25,"40,00",6,3,0,1,20,0,0,0,"1694,33",5,0,1,202005,0,5,"1694,33"
202005,3,35,355030,J,6201501,-1,317110,101,9,29,"40,00",1,3,0,1,40,0,0,0,"3076,26",7,0,1,202005,0,5,"3076,26"
202005,3,35,350950,J,6203100,1,212405,101,9,40,"40,00",1,1,0,1,20,0,0,0,"4437,00",7,0,1,202005,0,5,"4437,00"
202005,5,53,530010,J,6204000,1,212410,101,80,42,"40,00",3,1,0,1,20,0,0,0,"7000,00",1,0,1,202005,0,5,"7000,00"
202005,3,35,355030,J,6201501,1,142515,101,9,41,"40,00",4,1,0,1,20,0,0,0,"9000,00",7,0,1,202005,0,5,"9000,00"
202005,3,35,355030,J,6201501,-1,212405,101,9,37,"40,00",3,1,0,1,43,0,0,0,"6000,00",10,0,1,202005,0,5,"6000,00"
202005,3,35,355030,J,6204000,1,212405,101,9,24,"44,00",2,1,0,1,20,0,0,9,"2800,00",10,0,1,202005,0,5,"2800,00"
202005,2,29,292740,J,6204000,1,212405,101,9,43,"40,00",3,3,0,1,20,0,0,0,"5030,00",6,0,1,202005,0,5,"5030,00"
202005,3,35,355030,J,6209100,-1,212405,101,9,49,"40,00",2,1,0,1,31,0,0,0,"5095,00",4,0,1,202005,0,5,"5095,00"
202005,3,35,355030,J,6203100,-1,212405,101,8,28,"40,00",3,3,0,1,40,0,0,0,"4410,00",7,0,1,202005,0,5,"4410,00"
202005,4,42,420900,J,6209100,1,317205,101,6,25,"44,00",1,1,0,1,20,0,0,0,"2000,00",6,0,1,202005,0,5,"2000,00"
202005,5,53,530010,J,6204000,1,317110,101,8,22,"50,23",1,1,0,1,20,0,0,0,"1807,22",6,0,1,202005,0,5,"1807,22"
202005,3,35,354730,J,6204000,-1,142515,101,9,42,"40,00",1,1,0,1,31,0,0,0,"14493,07",9,0,1,202005,0,5,"14493,07"
202005,4,41,410690,J,6204000,-1,212405,101,80,48,"40,00",1,1,0,1,31,0,0,0,"3247,36",7,0,1,202005,0,5,"3247,36"
202005,3,31,310620,J,6209100,-1,317210,101,7,36,"40,00",1,1,0,1,31,0,0,0,"1750,63",7,0,1,202005,0,5,"1750,63"
202005,3,32,320530,J,6209100,-1,212420,101,7,33,"40,00",3,1,0,1,31,0,0,0,"2538,02",7,0,1,202005,0,5,"2538,02"
202005,3,35,355030,J,6311900,-1,212420,101,8,30,"40,00",1,1,0,1,40,0,0,0,"2566,99",9,0,1,202005,0,5,"2566,99"
202005,2,26,261160,J,6202300,1,212405,101,9,30,"44,00",3,3,0,1,20,0,0,0,"7000,00",4,0,1,202005,0,5,"7000,00"
202005,4,41,411520,J,6201501,-1,142520,101,9,42,"44,00",1,1,0,1,31,0,0,0,"5800,00",8,0,1,202005,0,5,"5800,00"
202005,3,35,355030,J,6204000,-1,212405,101,8,42,"40,00",1,1,0,1,40,0,0,0,"5078,00",10,0,1,202005,0,5,"5078,00"
202005,4,41,411520,J,6201501,-1,212405,101,9,22,"44,00",6,1,0,1,40,0,0,0,"1360,00",6,0,1,202005,0,5,"1360,00"
202005,3,31,314480,J,6209100,-1,212405,101,9,47,"40,00",3,1,0,1,31,0,0,0,"8191,00",9,0,1,202005,0,5,"8191,00"
202005,3,32,320520,J,6209100,-1,212405,101,9,62,"40,00",1,1,0,1,31,0,0,0,"3417,10",6,0,1,202005,0,5,"3417,10"
202005,3,35,355030,J,6202300,-1,212405,101,9,42,"40,00",3,1,0,1,43,0,0,0,"1620,00",3,0,1,202005,0,5,"1620,00"
202005,3,35,355030,J,6201501,1,317110,101,8,24,"40,00",6,3,0,1,20,0,0,0,"2500,00",9,0,1,202005,0,5,"2500,00"
202005,2,29,292740,J,6202300,-1,212420,101,9,40,"44,00",2,3,0,1,31,0,0,0,"2766,83",5,0,1,202005,0,5,"2766,83"
202005,3,31,310620,J,6204000,-1,212405,101,9,31,"40,00",3,1,0,1,31,0,0,0,"5000,00",10,0,1,202005,0,5,"5000,00"
202005,3,35,355030,J,6204000,1,212405,101,9,29,"44,00",1,1,0,1,20,0,0,9,"11000,00",10,0,1,202005,0,5,"11000,00"
202005,3,35,355030,J,6201501,-1,212420,101,9,33,"40,00",1,1,0,1,40,0,0,0,"10074,69",1,0,1,202005,0,5,"10074,69"
202005,3,35,355030,J,6204000,1,212405,101,80,39,"40,00",1,3,0,1,20,0,0,0,"8000,00",7,0,1,202005,0,5,"8000,00"
202005,3,35,355030,J,6202300,1,317210,101,9,38,"40,00",2,1,0,1,20,0,0,0,"3000,00",9,0,1,202005,0,5,"3000,00"
202005,4,43,431490,J,6311900,1,317110,101,7,20,"40,00",1,3,0,1,20,0,0,0,"3850,00",7,0,1,202005,0,5,"3850,00"
202005,3,35,355030,J,6201501,-1,212420,101,9,25,"40,00",1,1,0,1,40,0,0,0,"2500,00",3,0,1,202005,0,5,"2500,00"
202005,5,53,530010,J,6204000,-1,142510,101,7,26,"40,00",6,1,0,1,31,0,0,0,"9000,00",7,0,1,202005,0,5,"9000,00"
202005,3,35,355030,J,6201501,-1,212405,101,9,36,"40,00",1,1,0,1,40,0,0,0,"6500,00",8,0,1,202005,0,5,"6500,00"
202005,3,35,355030,J,6311900,1,142520,101,80,38,"48,00",1,3,0,1,20,0,0,0,"26769,23",7,0,1,202005,0,5,"26769,23"
202005,3,35,355030,J,6201501,1,212405,101,9,49,"40,00",1,1,0,1,20,0,0,0,"11500,00",10,0,1,202005,0,5,"11500,00"
202005,3,35,355030,J,6204000,1,212405,101,8,24,"44,00",1,1,0,1,20,0,0,9,"3500,00",10,0,1,202005,0,5,"3500,00"
202005,3,35,355030,J,6201501,1,142530,101,80,35,"40,00",1,1,0,1,20,0,0,0,"16000,00",10,0,1,202005,0,5,"16000,00"
202005,3,33,330455,J,6209100,-1,317110,101,8,38,"40,00",1,1,0,1,43,0,0,0,"10482,00",2,0,1,202005,0,5,"10482,00"
202005,2,29,292740,J,6209100,1,317110,101,80,24,"44,00",3,3,0,1,20,0,0,0,"3000,00",5,0,1,202005,0,5,"3000,00"
202005,3,35,355030,J,6204000,1,317110,101,8,21,"44,00",3,1,0,1,20,0,0,9,"4500,00",10,0,1,202005,0,5,"4500,00"
202005,3,35,350160,J,6203100,1,212405,101,8,30,"44,00",1,1,0,1,20,0,0,9,"5500,00",2,0,1,202005,0,5,"5500,00"
202005,2,29,292740,J,6204000,-1,212420,101,9,41,"44,00",6,1,0,1,31,0,0,0,"2964,50",6,0,1,202005,0,5,"2964,50"
202005,2,29,291920,J,6203100,-1,212405,101,9,31,"33,00",1,1,0,1,40,0,0,0,"3804,65",7,0,1,202005,0,5,"3804,65"
202005,4,42,420280,J,6203100,1,317210,101,8,23,"44,00",1,1,0,1,20,0,0,0,"1900,00",4,0,1,202005,0,5,"1900,00"
202005,5,53,530010,J,6202300,1,212420,101,8,25,"44,00",6,3,0,1,20,0,0,0,"1791,20",4,0,1,202005,0,5,"1791,20"
202005,3,31,310620,J,6203100,-1,212420,101,7,29,"42,50",6,1,0,1,31,0,0,0,"3498,26",2,0,1,202005,0,5,"3498,26"
202005,4,41,410690,J,6204000,-1,212405,101,9,27,"40,00",1,3,0,1,31,0,0,0,"4800,00",5,0,1,202005,0,5,"4800,00"
202005,4,41,411850,J,6203100,1,317110,101,9,21,"44,00",1,1,0,1,20,0,0,0,"2500,00",8,0,1,202005,0,5,"2500,00"
202005,2,25,250400,J,6311900,-1,317210,101,8,27,"40,00",3,3,0,1,31,0,0,0,"1163,02",7,0,1,202005,0,5,"1163,02"
202005,3,35,355030,J,6203100,-1,212420,101,9,30,"40,00",3,3,0,1,31,0,0,0,"2637,49",8,0,1,202005,0,5,"2637,49"
202005,3,35,352470,J,6201501,1,317210,101,7,22,"40,00",3,1,0,1,20,0,0,0,"1313,48",10,0,1,202005,0,5,"1313,48"
202005,5,53,530010,J,6201501,-1,317110,101,7,27,"40,00",1,1,0,1,31,0,0,0,"1220,99",2,0,1,202005,0,5,"1220,99"
202005,5,53,530010,J,6209100,-1,212405,101,9,36,"40,00",1,1,0,1,40,0,0,0,"8741,00",6,0,1,202005,0,5,"8741,00"
202005,3,35,355030,J,6202300,1,212405,101,9,29,"40,00",1,1,0,1,20,0,0,0,"9000,00",9,0,1,202005,0,5,"9000,00"
202005,3,35,354880,J,6203100,-1,212405,101,9,29,"40,00",6,1,0,1,40,0,0,0,"5000,00",7,0,1,202005,0,5,"5000,00"
202005,3,35,350320,J,6204000,1,212405,101,8,23,"40,00",1,1,0,1,20,0,0,0,"2106,18",8,0,1,202005,0,5,"2106,18"
202005,3,35,354990,J,6202300,-1,317110,101,9,39,"30,00",1,3,0,1,40,0,0,0,"2389,97",7,0,1,202005,0,5,"2389,97"
202005,3,35,355030,J,6201501,-1,212405,101,9,21,"40,00",3,1,0,1,40,0,0,0,"4049,45",9,0,1,202005,0,5,"4049,45"
202005,3,35,355030,J,6201501,-1,212405,101,9,33,"40,00",1,1,0,1,40,0,0,0,"11000,00",10,0,1,202005,0,5,"11000,00"
202005,3,35,355670,J,6311900,-1,212420,101,7,36,"40,00",6,3,0,1,31,0,0,0,"1944,18",7,0,1,202005,0,5,"1944,18"
202005,3,31,310620,J,6204000,1,212420,101,7,33,"40,00",1,1,0,1,20,0,0,0,"1741,38",7,0,1,202005,0,5,"1741,38"
202005,5,50,500270,J,6203100,1,317205,101,7,40,"44,00",6,1,0,1,20,0,0,0,"1180,00",9,0,1,202005,0,5,"1180,00"
202005,3,35,355030,J,6201501,-1,212405,101,9,49,"40,00",1,1,0,1,31,0,0,0,"10000,00",10,0,1,202005,0,5,"10000,00"
202005,3,33,330455,J,6201501,1,212405,101,9,30,"40,00",1,3,0,1,20,0,0,0,"6750,00",5,0,1,202005,0,5,"6750,00"
202005,3,35,355030,J,6201501,-1,317110,101,9,44,"40,00",4,1,0,1,40,0,0,0,"8716,64",10,0,1,202005,0,5,"8716,64"
202005,3,35,355030,J,6201501,1,212405,101,9,51,"40,00",1,1,0,1,20,0,0,0,"4482,30",6,0,1,202005,0,5,"4482,30"
202005,3,35,352720,J,6209100,-1,317110,101,9,36,"40,00",1,1,0,1,40,0,0,0,"1870,00",5,0,1,202005,0,5,"1870,00"
202005,3,35,355030,J,6202300,1,212405,101,9,65,"40,00",1,1,0,1,20,0,0,0,"6200,00",6,0,1,202005,0,5,"6200,00"
202005,2,26,261160,J,6202300,-1,212420,101,7,38,"44,00",3,1,0,1,31,0,0,0,"1856,06",3,0,1,202005,0,5,"1856,06"
202005,4,43,431870,J,6201501,1,317110,101,9,30,"44,00",1,1,0,1,20,0,0,0,"8500,00",8,0,1,202005,0,5,"8500,00"
202005,2,29,292740,J,6204000,1,317110,101,8,32,"40,00",3,1,0,1,20,0,0,0,"3600,00",6,0,1,202005,0,5,"3600,00"
202005,4,41,410690,J,6203100,-1,212405,101,7,31,"40,00",1,1,0,1,31,0,0,0,"1502,00",5,0,1,202005,0,5,"1502,00"
202005,5,53,530010,J,6201501,-1,317110,101,80,50,"44,00",3,1,0,1,31,0,0,0,"4049,60",8,0,1,202005,0,5,"4049,60"
202005,2,26,260960,J,6202300,-1,212405,101,9,35,"40,00",3,1,0,1,40,0,0,0,"4500,00",4,0,1,202005,0,5,"4500,00"
202005,3,35,355030,J,6204000,-1,212405,101,9,34,"40,00",1,1,0,1,40,0,0,0,"4168,26",8,0,1,202005,0,5,"4168,26"
202005,5,50,500270,J,6203100,-1,317205,101,7,21,"40,00",6,1,0,1,31,0,0,0,"1180,00",9,0,1,202005,0,5,"1180,00"
202005,3,35,355030,J,6202300,1,212405,101,9,25,"40,00",4,3,0,1,20,0,0,0,"5500,00",7,0,1,202005,0,5,"5500,00"
202005,3,35,355030,J,6204000,-1,212420,101,7,30,"44,00",1,1,0,1,31,0,0,0,"2247,00",5,0,1,202005,0,5,"2247,00"
202005,3,35,355030,J,6201501,-1,212405,101,9,30,"40,00",2,1,0,1,31,0,0,0,"1224,00",8,0,1,202005,0,5,"1224,00"
202005,3,31,317020,J,6201501,1,212405,101,9,38,"44,00",3,1,0,1,20,0,0,0,"5500,00",8,0,1,202005,0,5,"5500,00"
202005,3,35,355030,J,6209100,-1,212205,101,9,33,"44,00",1,1,0,1,40,0,0,0,"8437,11",8,0,1,202005,0,5,"8437,11"
202005,3,35,354990,J,6204000,1,212405,101,80,41,"44,00",1,1,0,1,20,0,0,0,"3000,00",6,0,1,202005,0,5,"3000,00"
202005,2,23,230440,J,6204000,-1,317205,101,7,44,"36,00",3,3,0,1,31,0,0,0,"1300,00",8,0,1,202005,0,5,"1300,00"
202005,3,31,317020,J,6204000,1,142520,101,9,40,"44,00",1,1,0,1,20,0,0,9,"5000,00",8,0,1,202005,0,5,"5000,00"
202005,3,35,355030,J,6311900,-1,317110,101,9,31,"40,00",3,1,0,1,40,0,0,0,"4931,68",5,0,1,202005,0,5,"4931,68"
202005,3,31,317020,J,6204000,1,317110,101,8,25,"40,00",3,1,0,1,20,0,0,0,"4000,00",8,0,1,202005,0,5,"4000,00"
202005,3,35,350950,J,6201501,-1,212315,101,9,29,"40,00",1,1,0,1,31,0,0,0,"3289,00",6,0,1,202005,0,5,"3289,00"
202005,4,42,420240,J,6201501,-1,317110,101,8,22,"42,50",1,1,0,1,31,0,0,0,"2502,00",6,0,1,202005,0,5,"2502,00"
202005,2,25,250750,J,6209100,-1,317110,101,9,24,"44,00",2,1,0,1,40,0,0,0,"1800,00",5,0,1,202005,0,5,"1800,00"
202005,3,35,355030,J,6204000,1,212405,101,9,26,"44,00",1,1,0,1,20,0,0,9,"4000,00",10,0,1,202005,0,5,"4000,00"
202005,5,52,520870,J,6209100,1,142525,101,9,26,"44,00",3,3,0,1,20,0,0,0,"3000,00",4,0,1,202005,0,5,"3000,00"
202005,3,35,355030,J,6201501,1,212405,101,9,36,"40,00",3,1,0,1,20,0,0,0,"11500,01",10,0,1,202005,0,5,"11500,01"
202005,3,35,355030,J,6204000,1,317110,101,9,26,"40,00",1,1,0,1,20,0,0,0,"4000,00",3,0,1,202005,0,5,"4000,00"
202005,3,35,355030,J,6201501,1,212405,101,9,56,"40,00",1,1,0,1,20,0,0,0,"2200,00",8,0,1,202005,0,5,"2200,00"
202005,3,31,310620,J,6204000,1,212420,101,8,29,"42,00",1,1,0,1,20,0,0,0,"2500,00",7,0,1,202005,0,5,"2500,00"
202005,3,35,354730,J,6204000,-1,142535,101,9,47,"40,00",1,1,0,1,31,0,0,0,"9549,70",9,0,1,202005,0,5,"9549,70"
202005,4,42,421870,J,6203100,1,212420,101,80,39,"44,00",1,1,0,1,20,0,0,0,"3500,00",5,0,1,202005,0,5,"3500,00"
202005,3,35,353060,J,6209100,-1,317110,101,7,37,"40,00",1,1,0,1,31,0,0,0,"5475,00",3,0,1,202005,0,5,"5475,00"
202005,3,35,350950,J,6204000,-1,212315,101,9,25,"40,00",1,1,0,1,40,0,0,0,"4940,00",5,0,1,202005,0,5,"4940,00"
202005,4,41,410480,J,6202300,1,212420,101,8,22,"44,00",6,1,0,1,20,0,0,0,"1300,00",1,0,1,202005,0,5,"1300,00"
202005,3,35,352470,J,6201501,-1,212405,101,9,21,"40,00",1,1,0,1,40,0,0,0,"7000,00",10,0,1,202005,0,5,"7000,00"
202005,3,31,310620,J,6209100,1,212405,101,9,28,"44,00",1,1,0,1,20,0,0,0,"3700,00",5,0,1,202005,0,5,"3700,00"
202005,3,35,355030,J,6311900,-1,212420,101,9,32,"40,00",3,1,0,1,31,0,0,0,"2883,75",5,0,1,202005,0,5,"2883,75"
202005,3,35,350570,J,6209100,-1,212405,101,9,40,"44,00",1,1,0,1,31,0,0,0,"5529,41",2,0,1,202005,0,5,"5529,41"
202005,3,35,355030,J,6204000,-1,212405,101,9,22,"40,00",1,1,0,1,31,0,0,0,"4908,93",5,0,1,202005,0,5,"4908,93"
202005,4,42,420540,J,6202300,1,212405,101,9,36,"44,00",1,1,0,1,20,0,0,0,"3753,34",5,0,1,202005,0,5,"3753,34"
202005,4,43,431990,J,6202300,-1,317210,101,8,20,"42,00",1,3,0,1,31,0,0,0,"1612,32",2,0,1,202005,0,5,"1612,32"
202005,3,35,355030,J,6204000,-1,212405,101,9,30,"40,00",3,1,0,1,40,0,0,0,"12000,00",6,0,1,202005,0,5,"12000,00"
202005,3,32,320520,J,6204000,-1,212405,101,8,29,"46,50",3,1,0,1,31,0,0,0,"1260,84",3,0,1,202005,0,5,"1260,84"
202005,4,43,431140,J,6203100,-1,317110,101,8,32,"42,50",1,3,0,1,31,0,0,0,"1440,29",6,0,1,202005,0,5,"1440,29"
202005,3,35,355030,J,6201501,-1,212405,101,9,33,"40,00",2,1,0,1,40,0,0,0,"10833,17",10,0,1,202005,0,5,"10833,17"
202005,4,41,411370,J,6209100,1,317110,101,9,26,"44,00",6,1,0,1,20,0,0,0,"4500,00",8,0,1,202005,0,5,"4500,00"
202005,3,35,350950,J,6202300,1,212405,101,9,29,"40,00",3,1,0,1,20,0,0,0,"8160,00",8,0,1,202005,0,5,"8160,00"
202005,4,41,411520,J,6311900,1,317205,101,8,24,"44,00",6,1,0,1,20,0,0,0,"1355,20",2,0,1,202005,0,5,"1355,20"
202005,3,35,355030,J,6201501,1,212420,101,80,25,"40,00",1,1,0,1,20,0,0,0,"9200,01",10,0,1,202005,0,5,"9200,01"
202005,3,33,330330,J,6204000,1,212405,101,9,20,"40,00",3,3,0,1,20,0,0,0,"5000,00",8,0,1,202005,0,5,"5000,00"
202005,3,35,355030,J,6204000,-1,212405,101,9,40,"44,00",1,1,0,1,40,0,0,9,"5568,75",10,0,1,202005,0,5,"5568,75"
202005,5,53,530010,J,6201501,1,212405,101,9,31,"40,00",3,1,0,1,20,0,0,0,"4600,00",10,0,1,202005,0,5,"4600,00"
202005,3,35,355030,J,6209100,1,212405,101,9,30,"40,00",6,1,0,1,20,0,0,0,"7580,30",4,0,1,202005,0,5,"7580,30"
202005,3,35,350950,J,6204000,1,212410,101,80,44,"40,00",1,1,0,1,20,0,0,0,"8500,00",10,0,1,202005,0,5,"8500,00"
202005,3,35,355030,J,6204000,-1,212405,101,10,39,"44,00",3,1,0,1,40,0,0,9,"7070,00",10,0,1,202005,0,5,"7070,00"
202005,3,35,352690,J,6202300,-1,317110,101,9,25,"40,00",1,3,0,1,31,0,0,0,"2443,45",7,0,1,202005,0,5,"2443,45"
202005,3,35,355030,J,6209100,1,212420,101,8,22,"40,00",3,1,0,1,20,0,0,0,"4300,00",4,0,1,202005,0,5,"4300,00"
202005,4,43,431410,J,6201501,-1,317110,101,8,21,"44,00",1,1,0,1,40,0,0,0,"1969,93",9,0,1,202005,0,5,"1969,93"
202005,3,35,355030,J,6201501,-1,212405,101,80,31,"40,00",1,1,0,1,40,0,0,0,"5784,87",6,0,1,202005,0,5,"5784,87"
202005,3,35,355030,J,6204000,1,212405,101,80,33,"40,00",1,1,0,1,20,0,0,0,"10000,00",7,0,1,202005,0,5,"10000,00"
202005,5,52,521880,J,6209100,-1,317105,101,9,32,"42,30",1,1,0,1,40,0,0,0,"3283,90",3,0,1,202005,0,5,"3283,90"
202005,3,35,354980,J,6202300,-1,212405,101,10,44,"40,00",6,1,0,1,43,0,0,0,"4000,00",6,0,1,202005,0,5,"4000,00"
202005,3,35,355030,J,6204000,1,212405,101,8,27,"44,00",3,1,0,1,20,0,0,9,"3000,00",10,0,1,202005,0,5,"3000,00"
202005,3,31,310620,J,6209100,1,317205,101,9,26,"44,00",1,3,0,1,20,0,0,0,"1188,57",10,0,1,202005,0,5,"1188,57"
202005,5,53,530010,J,6204000,1,212405,101,9,24,"40,00",1,1,0,1,20,0,0,0,"2500,00",8,0,1,202005,0,5,"2500,00"
202005,4,43,431490,J,6204000,1,317110,101,9,35,"40,00",1,1,0,1,20,0,0,0,"4700,00",7,0,1,202005,0,5,"4700,00"
202005,3,35,355030,J,6204000,-1,212420,101,9,26,"40,00",3,1,0,1,40,0,0,0,"2200,00",6,0,1,202005,0,5,"2200,00"
202005,3,31,314480,J,6201501,1,212405,101,9,30,"44,00",3,1,0,1,20,0,0,0,"5000,00",7,0,1,202005,0,5,"5000,00"
202005,2,29,292740,J,6204000,-1,212405,101,9,32,"44,00",3,1,0,1,31,0,0,0,"3585,52",9,0,1,202005,0,5,"3585,52"
202005,3,35,350950,J,6202300,-1,317210,101,7,22,"44,00",6,1,0,1,31,0,0,0,"1800,00",4,0,1,202005,0,5,"1800,00"
202005,4,43,431490,J,6201501,-1,212405,101,8,24,"40,00",6,1,0,1,31,0,0,0,"2000,00",6,0,1,202005,0,5,"2000,00"
202005,3,35,355030,J,6204000,1,317110,101,9,33,"44,00",2,1,0,1,20,0,0,9,"2800,00",10,0,1,202005,0,5,"2800,00"
202005,3,35,352670,J,6202300,-1,212405,101,9,25,"40,00",1,1,0,1,40,0,0,0,"1927,00",6,0,1,202005,0,5,"1927,00"
202005,3,35,353440,J,6201501,-1,212420,101,7,25,"40,00",1,1,0,1,40,0,0,0,"4500,00",9,0,1,202005,0,5,"4500,00"
202005,3,35,354870,J,6204000,-1,142520,101,9,42,"40,00",1,1,0,1,31,0,0,0,"29351,00",1,0,1,202005,0,5,"29351,00"
202005,3,31,317020,J,6201501,1,212405,101,9,32,"44,00",1,1,0,1,20,0,0,0,"6000,00",8,0,1,202005,0,5,"6000,00"
202005,3,35,355030,J,6204000,-1,212405,101,80,42,"40,00",1,1,0,1,40,0,0,0,"7200,00",10,0,1,202005,0,5,"7200,00"
202005,3,35,350320,J,6209100,1,212305,101,80,29,"40,00",1,1,0,1,20,0,0,0,"5250,00",1,0,1,202005,0,5,"5250,00"
202005,3,35,355030,J,6201501,-1,212405,101,9,35,"40,00",1,1,0,1,31,0,0,0,"11094,33",7,0,1,202005,0,5,"11094,33"
202005,5,50,500270,J,6311900,1,317210,101,7,25,"44,00",6,3,0,1,20,0,0,0,"1861,55",6,0,1,202005,0,5,"1861,55"
202005,3,31,310620,J,6204000,-1,212405,101,9,37,"36,00",3,1,0,1,31,0,0,0,"2888,05",10,0,1,202005,0,5,"2888,05"
202005,3,31,310620,J,6201501,-1,212420,101,80,47,"44,00",1,1,0,1,31,0,0,0,"8220,00",5,0,1,202005,0,5,"8220,00"
202005,4,41,412550,J,6311900,-1,212405,101,9,31,"40,00",1,1,0,1,40,0,0,0,"5016,00",2,0,1,202005,0,5,"5016,00"
202005,3,35,355030,J,6204000,-1,212405,101,9,25,"44,00",6,1,0,1,40,0,0,9,"3658,72",10,0,1,202005,0,5,"3658,72"
202005,3,35,355030,J,6201501,1,142520,101,9,41,"40,00",1,3,0,1,20,0,0,0,"14963,00",7,0,1,202005,0,5,"14963,00"
202005,4,43,431870,J,6203100,-1,212415,101,9,27,"44,00",6,1,0,1,40,0,0,9,"1525,50",5,0,1,202005,0,5,"1525,50"
202005,1,15,150553,J,6209100,-1,212310,101,9,26,"40,00",3,1,0,1,40,0,0,0,"5162,76",4,0,1,202005,0,5,"5162,76"
202005,3,35,355030,J,6203100,-1,212405,101,9,28,"44,00",6,3,0,1,31,0,0,9,"6371,65",10,0,1,202005,0,5,"6371,65"
202005,3,33,330455,J,6204000,-1,212405,101,9,38,"40,00",1,1,0,1,31,0,0,0,"10400,00",4,0,1,202005,0,5,"10400,00"
202005,3,35,355030,J,6201501,1,317110,101,8,30,"40,00",3,1,0,1,20,0,0,0,"9000,00",9,0,1,202005,0,5,"9000,00"
202005,5,53,530010,J,6203100,1,317110,101,9,56,"44,00",3,1,0,1,20,0,0,0,"7200,00",8,0,1,202005,0,5,"7200,00"
202005,3,35,355030,J,6311900,-1,212405,101,9,39,"40,00",3,1,0,1,31,0,0,0,"6986,00",1,0,1,202005,0,5,"6986,00"
202005,3,31,317020,J,6204000,1,142520,101,9,59,"40,00",2,1,0,1,20,0,0,0,"4500,00",8,0,1,202005,0,5,"4500,00"
202005,3,35,350570,J,6209100,-1,212410,101,8,39,"44,00",1,1,0,1,31,0,0,0,"3146,47",2,0,1,202005,0,5,"3146,47"
202005,3,33,330330,J,6203100,1,317210,101,7,29,"36,00",3,1,0,1,20,0,0,0,"1381,46",5,0,1,202005,0,5,"1381,46"
202005,4,43,431870,J,6201501,1,317110,101,8,35,"44,00",1,1,0,1,20,0,0,0,"5300,00",8,0,1,202005,0,5,"5300,00"
202005,4,41,410690,J,6204000,-1,317110,101,9,43,"40,00",1,1,0,1,40,0,0,0,"3800,00",7,0,1,202005,0,5,"3800,00"
202005,3,35,355030,J,6203100,1,212420,101,9,43,"40,00",1,1,0,1,20,0,0,0,"1700,00",7,0,1,202005,0,5,"1700,00"
202005,3,35,355030,J,6202300,1,212310,101,8,29,"40,00",6,1,0,1,20,0,0,0,"2000,00",5,0,1,202005,0,5,"2000,00"
202005,4,42,420460,J,6202300,1,212405,101,6,31,"44,00",1,1,0,1,20,0,0,0,"2881,86",6,0,1,202005,0,5,"2881,86"
202005,3,35,350320,J,6204000,1,212405,101,8,20,"40,00",1,1,0,1,20,0,0,0,"2106,18",8,0,1,202005,0,5,"2106,18"
202005,3,31,317020,J,6202300,-1,212405,101,9,22,"44,00",3,1,0,1,40,0,0,0,"1800,00",2,0,1,202005,0,5,"1800,00"
202005,3,33,330455,J,6202300,1,212420,101,9,33,"40,00",1,1,0,1,20,0,0,0,"4900,00",5,0,1,202005,0,5,"4900,00"
202005,3,35,350950,J,6204000,-1,212410,101,9,37,"40,00",1,1,0,1,31,0,0,0,"2079,63",10,0,1,202005,0,5,"2079,63"
202005,5,53,530010,J,6203100,1,212405,101,9,55,"44,00",3,1,0,1,20,0,0,0,"9000,00",8,0,1,202005,0,5,"9000,00"
202005,2,23,230440,J,6201501,-1,212405,101,9,27,"40,00",1,1,0,1,40,0,0,0,"4600,00",6,0,1,202005,0,5,"4600,00"
202005,4,42,420540,J,6204000,1,317210,101,7,21,"44,00",3,1,0,1,20,0,0,0,"1511,82",6,0,1,202005,0,5,"1511,82"
202005,3,33,330455,J,6201501,1,212405,101,9,23,"40,00",1,1,0,1,20,0,0,0,"4411,00",7,0,1,202005,0,5,"4411,00"
202005,3,35,355030,J,6311900,-1,212420,101,9,37,"40,00",1,1,0,1,40,0,0,0,"6073,17",9,0,1,202005,0,5,"6073,17"
202005,3,35,355030,J,6204000,1,212405,101,9,21,"40,00",6,1,0,1,20,0,0,0,"2200,00",3,0,1,202005,0,5,"2200,00"
202005,3,35,355030,J,6204000,1,212405,101,9,30,"40,00",1,1,0,1,20,0,0,0,"6360,29",6,0,1,202005,0,5,"6360,29"
202005,3,33,330455,J,6201501,1,212405,101,9,29,"40,00",1,1,0,1,20,0,0,0,"6362,34",6,0,1,202005,0,5,"6362,34"
202005,4,42,420910,J,6201501,-1,317110,101,8,30,"42,50",6,1,0,1,31,0,0,0,"5096,00",7,0,1,202005,0,5,"5096,00"
202005,4,41,410690,J,6202300,-1,212420,101,9,32,"40,00",1,1,0,1,31,0,0,0,"1500,00",5,0,1,202005,0,5,"1500,00"
202005,3,31,310620,J,6209100,1,317205,101,9,40,"44,00",3,1,0,1,20,0,0,0,"1188,57",10,0,1,202005,0,5,"1188,57"
202005,5,51,510340,J,6202300,-1,212405,101,9,65,"44,00",3,1,0,1,31,0,0,0,"7802,00",8,0,1,202005,0,5,"7802,00"
202005,3,35,355030,J,6201501,-1,212315,101,9,38,"40,00",4,1,0,1,31,0,0,0,"12837,00",8,0,1,202005,0,5,"12837,00"
202005,3,35,355030,J,6204000,1,212420,101,9,27,"44,00",6,1,0,1,20,0,0,0,"2750,00",4,0,1,202005,0,5,"2750,00"
202005,3,35,354870,J,6204000,1,212205,101,9,31,"40,00",1,1,0,1,20,0,0,0,"12000,00",10,0,1,202005,0,5,"12000,00"
202005,3,35,355030,J,6201501,-1,212405,101,9,46,"40,00",1,1,0,1,31,0,0,0,"2200,00",8,0,1,202005,0,5,"2200,00"
202005,5,53,530010,J,6204000,1,317110,101,7,27,"40,00",6,1,0,1,20,0,0,0,"3500,00",7,0,1,202005,0,5,"3500,00"
202005,3,35,355030,J,6204000,1,212415,101,9,26,"40,00",1,1,0,1,20,0,0,0,"8000,00",10,0,1,202005,0,5,"8000,00"
202005,1,15,150553,J,6209100,-1,212405,101,9,29,"40,00",3,3,0,1,40,0,0,0,"6000,00",4,0,1,202005,0,5,"6000,00"
202005,3,31,317020,J,6202300,-1,212405,101,80,31,"44,00",1,1,0,1,40,0,0,0,"5511,81",6,0,1,202005,0,5,"5511,81"
202005,3,32,320530,J,6209100,1,212405,101,9,41,"40,00",1,1,0,1,20,0,0,0,"5800,00",9,0,1,202005,0,5,"5800,00"
202005,3,35,355030,J,6201501,-1,212405,101,9,28,"40,00",1,1,0,1,40,0,0,0,"10000,00",8,0,1,202005,0,5,"10000,00"
202005,3,33,330455,J,6204000,-1,212405,101,9,49,"40,00",1,1,0,1,40,0,0,0,"2072,86",2,0,1,202005,0,5,"2072,86"
202005,2,25,250750,J,6209100,1,317110,101,9,22,"44,00",6,1,0,1,10,0,0,0,"1800,00",5,0,1,202005,0,5,"1800,00"
202005,3,35,355030,J,6203100,-1,212410,101,9,28,"30,00",6,1,0,1,40,0,0,0,"4125,00",10,0,1,202005,0,5,"4125,00"
202005,4,42,420460,J,6202300,1,212420,101,7,32,"44,00",6,1,0,1,20,0,0,0,"1800,00",7,0,1,202005,0,5,"1800,00"
202005,1,17,170210,J,6201501,1,317110,101,7,19,"44,00",6,1,0,1,20,0,0,0,"1045,00",1,0,1,202005,0,5,"1045,00"
202005,3,35,355030,J,6204000,-1,212405,101,8,25,"40,00",1,1,0,1,40,0,0,0,"1676,00",10,0,1,202005,0,5,"1676,00"
202005,4,42,420910,J,6204000,-1,212420,101,8,22,"44,00",1,1,0,1,31,0,0,0,"2006,80",6,0,1,202005,0,5,"2006,80"
202005,3,35,355030,J,6311900,-1,212405,101,9,48,"40,00",1,3,0,1,31,0,0,0,"9900,00",7,0,1,202005,0,5,"9900,00"
202005,5,53,530010,J,6204000,-1,142520,101,80,45,"44,00",1,3,0,1,31,0,0,0,"10088,93",8,0,1,202005,0,5,"10088,93"
202005,4,43,431490,J,6202300,-1,212420,101,80,36,"42,50",1,3,0,1,31,0,0,0,"2655,12",4,0,1,202005,0,5,"2655,12"
202005,3,35,354340,J,6203100,-1,317110,101,8,30,"30,00",1,1,0,1,40,0,0,0,"7000,00",5,0,1,202005,0,5,"7000,00"
202005,3,31,317020,J,6202300,-1,317110,101,8,39,"44,00",1,1,0,1,31,0,0,0,"2346,98",3,0,1,202005,0,5,"2346,98"
202005,3,35,352050,J,6204000,-1,212405,101,80,49,"40,00",1,1,0,1,31,0,0,0,"13376,13",5,0,1,202005,0,5,"13376,13"
202005,5,53,530010,J,6201501,-1,317210,101,9,41,"40,00",3,1,0,1,31,0,0,0,"1218,00",10,0,1,202005,0,5,"1218,00"
202005,3,35,350160,J,6209100,-1,317210,101,7,33,"40,00",1,3,0,1,43,0,0,0,"1700,00",3,0,1,202005,0,5,"1700,00"
202005,5,53,530010,J,6203100,-1,212405,101,9,32,"44,00",3,1,0,1,43,0,0,0,"5300,00",8,0,1,202005,0,5,"5300,00"
202005,3,35,355030,J,6202300,-1,212405,101,8,26,"40,00",1,3,0,1,31,0,0,0,"2069,63",7,0,1,202005,0,5,"2069,63"
202005,3,31,310620,J,6201501,1,212420,101,7,38,"40,00",3,3,0,1,20,0,0,0,"1693,27",9,0,1,202005,0,5,"1693,27"
202005,3,32,320530,J,6209100,-1,212405,101,9,27,"40,00",6,1,0,1,31,0,0,0,"2900,00",5,0,1,202005,0,5,"2900,00"
202005,3,35,350950,J,6201501,-1,212320,101,10,29,"40,00",1,3,0,1,31,0,0,0,"3218,30",6,0,1,202005,0,5,"3218,30"
202005,4,41,410690,J,6203100,-1,212405,101,9,41,"40,00",6,1,0,1,31,0,0,0,"5000,00",8,0,1,202005,0,5,"5000,00"
202005,3,35,355030,J,6311900,-1,212420,101,9,26,"40,00",1,1,0,1,40,0,0,0,"3954,30",9,0,1,202005,0,5,"3954,30"
202005,3,35,354990,J,6209100,-1,212420,101,9,33,"40,00",6,3,0,1,31,0,0,0,"1900,00",3,0,1,202005,0,5,"1900,00"
202005,3,31,317020,J,6203100,1,212410,101,9,26,"40,00",1,1,0,1,20,0,0,0,"4000,00",7,0,1,202005,0,5,"4000,00"
202005,3,31,317020,J,6201501,1,212405,101,8,26,"40,00",1,1,0,1,20,0,0,0,"7000,00",8,0,1,202005,0,5,"7000,00"
202005,5,53,530010,J,6204000,1,212410,101,7,61,"40,00",3,1,0,1,20,0,0,0,"6000,00",1,0,1,202005,0,5,"6000,00"
202005,3,35,355030,J,6201501,1,317110,101,8,23,"40,00",3,1,0,1,20,0,0,0,"1840,38",6,0,1,202005,0,5,"1840,38"
202005,4,41,411520,J,6203100,-1,317105,101,8,25,"44,00",1,1,0,1,40,0,0,0,"1200,00",5,0,1,202005,0,5,"1200,00"
202005,3,35,355030,J,6311900,-1,317110,101,9,23,"44,00",1,1,0,1,40,0,0,0,"7000,00",4,0,1,202005,0,5,"7000,00"
202005,4,43,431490,J,6202300,-1,212405,101,9,45,"42,50",1,3,0,1,31,0,0,0,"3398,55",4,0,1,202005,0,5,"3398,55"
202005,4,43,431870,J,6204000,-1,212405,101,9,31,"40,00",1,3,0,1,31,0,0,0,"5000,00",8,0,1,202005,0,5,"5000,00"
202005,3,35,354730,J,6204000,-1,212420,101,8,41,"40,00",3,1,0,1,31,0,0,0,"1668,60",9,0,1,202005,0,5,"1668,60"
202005,3,35,355030,J,6201501,-1,212405,101,9,38,"40,00",1,1,0,1,31,0,0,0,"1681,00",5,0,1,202005,0,5,"1681,00"
202005,4,43,430510,J,6203100,-1,317110,101,9,30,"44,00",1,3,0,1,31,0,0,0,"2975,22",3,0,1,202005,0,5,"2975,22"
202005,5,53,530010,J,6204000,1,317110,101,7,20,"40,00",6,1,0,1,20,0,0,0,"4500,00",7,0,1,202005,0,5,"4500,00"
202005,2,29,292740,J,6204000,1,212405,101,9,34,"40,00",3,3,0,1,20,0,0,0,"3400,00",6,0,1,202005,0,5,"3400,00"
202005,3,35,350570,J,6202300,1,212420,101,9,54,"40,00",3,1,0,1,20,0,0,0,"7500,00",9,0,1,202005,0,5,"7500,00"
202005,3,31,310620,J,6202300,-1,212420,101,9,26,"40,00",3,1,0,1,31,0,0,0,"5370,56",5,0,1,202005,0,5,"5370,56"
202005,3,35,355030,J,6204000,-1,142535,101,11,43,"40,00",3,1,0,1,40,0,0,0,"3100,00",6,0,1,202005,0,5,"3100,00"
202005,4,41,411420,J,6209100,1,317110,101,7,17,"44,00",3,1,0,1,20,0,0,0,"1045,00",4,0,1,202005,0,5,"1045,00"
202005,5,53,530010,J,6201501,1,212405,101,8,22,"40,00",3,3,0,1,20,0,0,0,"2748,85",10,0,1,202005,0,5,"2748,85"
202005,4,41,411370,J,6209100,-1,212405,101,80,23,"44,00",4,3,0,1,40,0,0,0,"1400,00",4,0,1,202005,0,5,"1400,00"
202005,3,35,350570,J,6202300,-1,317110,101,7,39,"40,00",2,1,0,1,40,0,0,0,"6000,00",7,0,1,202005,0,5,"6000,00"
202005,2,24,240810,J,6209100,-1,317210,101,7,23,"44,00",6,1,0,1,31,0,0,0,"1576,41",5,0,1,202005,0,5,"1576,41"
202005,3,35,355030,J,6209100,-1,317210,101,7,27,"36,00",3,1,0,1,31,0,0,0,"1462,41",9,0,1,202005,0,5,"1462,41"
202005,3,35,354980,J,6203100,-1,212405,101,7,27,"40,00",1,1,0,1,40,0,0,0,"4671,00",6,0,1,202005,0,5,"4671,00"
202005,3,35,355030,J,6209100,-1,317210,101,8,31,"40,00",6,1,0,1,40,0,0,0,"2701,59",7,0,1,202005,0,5,"2701,59"
202005,3,33,330455,J,6204000,1,142520,101,80,46,"40,00",1,1,0,1,20,0,0,0,"7500,00",9,0,1,202005,0,5,"7500,00"
202005,2,29,292740,J,6202300,-1,212420,101,9,30,"44,00",6,3,0,1,31,0,0,0,"2000,00",5,0,1,202005,0,5,"2000,00"
202005,3,35,355030,J,6204000,1,212405,101,10,33,"40,00",1,1,0,1,20,0,0,0,"7000,00",3,0,1,202005,0,5,"7000,00"
202005,3,35,355030,J,6311900,1,212405,101,9,26,"40,00",1,1,0,1,20,0,0,0,"6986,00",1,0,1,202005,0,5,"6986,00"
202005,3,35,355030,J,6201501,-1,317110,101,9,30,"40,00",6,1,0,1,40,0,0,0,"7442,97",10,0,1,202005,0,5,"7442,97"
202005,3,35,355030,J,6311900,-1,317110,101,9,20,"44,00",6,1,0,1,40,0,0,0,"3280,00",2,0,1,202005,0,5,"3280,00"
202005,3,35,355030,J,6202300,-1,317110,101,9,25,"40,00",1,1,0,1,31,0,0,0,"2300,00",7,0,1,202005,0,5,"2300,00"
202005,3,31,310620,J,6209100,1,317205,101,7,28,"44,00",3,1,0,1,20,0,0,0,"1489,76",10,0,1,202005,0,5,"1489,76"
202005,3,35,355030,J,6201501,-1,142510,101,9,47,"40,00",3,1,0,1,40,0,0,0,"13582,40",5,0,1,202005,0,5,"13582,40"
202005,5,53,530010,J,6203100,-1,212305,101,80,31,"44,00",3,1,0,1,31,0,0,0,"8523,31",7,0,1,202005,0,5,"8523,31"
202005,3,35,355030,J,6203100,1,317110,101,9,33,"40,00",3,1,0,1,20,0,0,0,"10004,10",6,0,1,202005,0,5,"10004,10"
202005,3,35,350160,J,6203100,-1,212415,101,9,49,"44,00",6,1,0,1,31,0,0,9,"5866,96",6,0,1,202005,0,5,"5866,96"
202005,3,33,330455,J,6201501,1,212405,101,9,28,"40,00",1,1,0,1,20,0,0,0,"9500,00",7,0,1,202005,0,5,"9500,00"
202005,3,33,330455,J,6201501,1,212405,101,9,59,"40,00",1,1,0,1,20,0,0,0,"6500,00",5,0,1,202005,0,5,"6500,00"
202005,3,35,355030,J,6209100,1,212405,101,9,32,"40,00",1,1,0,1,20,0,0,0,"8000,00",7,0,1,202005,0,5,"8000,00"
202005,3,31,310620,J,6202300,1,212405,101,9,41,"40,00",6,1,0,1,20,0,0,0,"8471,70",7,0,1,202005,0,5,"8471,70"
202005,3,33,330455,J,6209100,-1,212215,101,9,41,"40,00",1,1,0,1,43,0,0,0,"5000,00",6,0,1,202005,0,5,"5000,00"
202005,3,35,350950,J,6204000,-1,142520,101,80,47,"40,00",1,1,0,1,31,0,0,0,"7000,00",10,0,1,202005,0,5,"7000,00"
202005,4,42,420240,J,6204000,-1,317110,101,9,21,"44,00",6,1,0,1,43,0,0,0,"3632,58",5,0,1,202005,0,5,"3632,58"
202005,3,33,330455,J,6201501,1,212405,101,8,31,"40,00",1,1,0,1,20,0,0,0,"6550,00",7,0,1,202005,0,5,"6550,00"
202005,3,35,354870,J,6311900,1,212420,101,8,33,"40,00",1,3,0,1,20,0,0,0,"1700,00",6,0,1,202005,0,5,"1700,00"
202005,3,35,355030,J,6311900,-1,212405,101,9,57,"40,00",1,1,0,1,40,0,0,0,"10688,31",9,0,1,202005,0,5,"10688,31"
202005,3,35,355030,J,6204000,1,212405,101,9,34,"44,00",1,1,0,1,20,0,0,9,"6750,00",10,0,1,202005,0,5,"6750,00"
202005,3,33,330455,J,6204000,1,212420,101,9,26,"40,00",1,1,0,1,20,0,0,0,"2421,96",6,0,1,202005,0,5,"2421,96"
202005,3,35,355030,J,6201501,-1,212405,101,9,42,"40,00",2,3,0,1,40,0,0,0,"4526,10",10,0,1,202005,0,5,"4526,10"
202005,3,35,350950,J,6204000,-1,317210,101,9,27,"40,00",1,1,0,1,31,0,0,0,"1620,00",10,0,1,202005,0,5,"1620,00"
202005,4,41,410690,J,6204000,-1,212405,101,9,40,"40,00",6,1,0,1,31,0,0,0,"5000,00",7,0,1,202005,0,5,"5000,00"
202005,4,43,431870,J,6202300,1,212405,101,7,28,"44,00",6,1,0,1,20,0,0,0,"1700,00",8,0,1,202005,0,5,"1700,00"
202005,3,35,354870,J,6209100,-1,212420,101,8,29,"40,00",1,3,0,1,40,0,0,0,"1750,63",4,0,1,202005,0,5,"1750,63"
202005,2,29,292740,J,6204000,-1,212420,101,9,26,"44,00",1,3,0,1,40,0,0,0,"4200,00",3,0,1,202005,0,5,"4200,00"
202005,4,41,410690,J,6204000,1,212215,101,9,35,"40,00",1,1,0,1,20,0,0,0,"7000,00",7,0,1,202005,0,5,"7000,00"
202005,3,35,352470,J,6201501,-1,317210,101,8,22,"40,00",4,1,0,1,31,0,0,0,"1675,57",10,0,1,202005,0,5,"1675,57"
202005,3,35,355030,J,6202300,1,212405,101,9,56,"40,00",1,1,0,1,20,0,0,0,"4600,00",6,0,1,202005,0,5,"4600,00"
202005,5,53,530010,J,6201501,-1,212405,101,9,25,"40,00",3,1,0,1,40,0,0,0,"5500,00",9,0,1,202005,0,5,"5500,00"
202005,3,35,350570,J,6209100,1,212405,101,8,26,"40,00",1,1,0,1,20,0,0,0,"3000,00",5,0,1,202005,0,5,"3000,00"
202005,4,41,411370,J,6203100,-1,212405,101,9,37,"40,00",6,3,0,1,40,0,0,0,"1816,96",8,0,1,202005,0,5,"1816,96"
202005,4,42,420240,J,6204000,1,317210,101,7,20,"40,00",3,3,0,1,20,0,0,0,"1559,13",6,0,1,202005,0,5,"1559,13"
202005,3,35,354340,J,6201501,1,317110,101,8,21,"40,00",1,1,0,1,20,0,0,0,"1750,63",1,0,1,202005,0,5,"1750,63"
202005,3,32,320520,J,6209100,1,317110,101,7,41,"40,00",3,1,0,1,20,0,0,0,"3000,00",4,0,1,202005,0,5,"3000,00"
202005,3,35,350950,J,6204000,-1,212405,101,80,33,"40,00",1,3,0,1,40,0,0,0,"11104,00",7,0,1,202005,0,5,"11104,00"
202005,3,31,310620,J,6202300,-1,212405,101,9,31,"40,00",6,1,0,1,31,0,0,0,"4150,00",7,0,1,202005,0,5,"4150,00"
202005,3,35,355030,J,6204000,-1,212420,101,7,31,"36,00",3,1,0,1,31,0,0,0,"1606,00",10,0,1,202005,0,5,"1606,00"
202005,4,43,431870,J,6203100,-1,212405,101,9,27,"44,00",1,1,0,1,31,0,0,0,"2750,00",5,0,1,202005,0,5,"2750,00"
202005,4,43,431490,J,6209100,1,212420,101,7,20,"44,00",1,3,0,1,20,0,0,0,"2100,00",5,0,1,202005,0,5,"2100,00"
202005,3,33,330455,J,6204000,1,317110,101,80,39,"40,00",3,3,0,1,20,0,0,0,"7000,00",9,0,1,202005,0,5,"7000,00"
202005,3,35,350570,J,6209100,1,212405,101,9,46,"40,00",6,3,0,1,20,0,0,0,"15000,00",10,0,1,202005,0,5,"15000,00"
202005,3,35,355030,J,6209100,-1,212405,101,7,21,"40,00",1,1,0,1,31,0,0,0,"2500,00",6,0,1,202005,0,5,"2500,00"
202005,2,23,230440,J,6204000,-1,212405,101,9,35,"44,00",1,3,0,1,40,0,0,0,"5467,90",8,0,1,202005,0,5,"5467,90"
202005,3,35,355030,J,6201501,-1,212405,101,9,28,"40,00",1,3,0,1,31,0,0,0,"2044,80",6,0,1,202005,0,5,"2044,80"
202005,3,35,353440,J,6311900,-1,317210,101,7,25,"44,00",1,3,0,1,31,0,0,0,"1412,96",8,0,1,202005,0,5,"1412,96"
202005,3,35,350570,J,6209100,-1,212405,101,9,35,"44,00",3,1,0,1,31,0,0,0,"5431,11",2,0,1,202005,0,5,"5431,11"
202005,3,35,355030,J,6201501,-1,212405,101,9,23,"40,00",1,3,0,1,31,0,0,0,"1445,79",8,0,1,202005,0,5,"1445,79"
202005,3,35,355030,J,6204000,1,212405,101,8,19,"44,00",1,1,0,1,20,0,0,9,"3300,00",10,0,1,202005,0,5,"3300,00"
202005,3,35,355030,J,6201501,1,212405,101,8,24,"40,00",6,1,0,1,20,0,0,0,"6000,00",10,0,1,202005,0,5,"6000,00"
202005,3,35,355030,J,6204000,-1,212405,101,9,34,"40,00",6,1,0,1,40,0,0,0,"5800,00",10,0,1,202005,0,5,"5800,00"
202005,3,31,310620,J,6311900,1,212405,101,8,22,"36,00",1,1,0,1,20,0,0,0,"2000,00",4,0,1,202005,0,5,"2000,00"
202005,3,32,320530,J,6209100,-1,317210,101,8,27,"40,00",6,1,0,1,31,0,0,0,"1733,62",7,0,1,202005,0,5,"1733,62"
202005,4,42,420540,J,6203100,-1,212420,101,9,34,"44,00",2,1,0,1,31,0,0,0,"2500,00",4,0,1,202005,0,5,"2500,00"
202005,5,53,530010,J,6203100,1,212405,101,7,35,"40,00",3,1,0,1,20,0,0,0,"7500,00",6,0,1,202005,0,5,"7500,00"
202005,4,43,431490,J,6201501,-1,212405,101,9,27,"40,00",1,1,0,1,31,0,0,0,"4639,10",8,0,1,202005,0,5,"4639,10"
202005,4,42,420750,J,6209100,-1,317210,101,7,19,"44,00",6,1,0,1,40,0,0,0,"725,00",5,0,1,202005,0,5,"725,00"
202005,3,35,355030,J,6209100,-1,212405,101,9,38,"40,00",3,3,0,1,40,0,0,0,"12068,00",5,0,1,202005,0,5,"12068,00"
202005,3,35,355030,J,6204000,1,212405,101,9,27,"40,00",1,1,0,1,20,0,0,0,"8000,00",5,0,1,202005,0,5,"8000,00"
202005,3,35,350570,J,6209100,-1,212405,101,9,53,"40,00",3,1,0,1,31,0,0,0,"4615,76",10,0,1,202005,0,5,"4615,76"
202005,3,35,352690,J,6203100,-1,317110,101,80,30,"40,00",1,1,0,1,31,0,0,0,"4376,97",3,0,1,202005,0,5,"4376,97"
202005,3,31,310620,J,6209100,1,317205,101,7,23,"44,00",1,1,0,1,20,0,0,0,"1188,57",10,0,1,202005,0,5,"1188,57"
202005,4,43,431490,J,6201501,1,317210,101,5,31,"36,00",1,1,0,1,20,0,0,0,"1400,00",8,0,1,202005,0,5,"1400,00"
202005,3,31,310620,J,6201501,-1,212405,101,80,32,"40,00",3,1,0,1,40,0,0,0,"5549,54",8,0,1,202005,0,5,"5549,54"
202005,3,31,310620,J,6202300,-1,212405,101,9,31,"40,00",3,3,0,1,31,0,0,0,"1885,41",7,0,1,202005,0,5,"1885,41"
202005,5,50,500270,J,6202300,-1,317205,101,9,25,"44,00",1,1,0,1,40,0,0,0,"1900,00",5,0,1,202005,0,5,"1900,00"
202005,3,35,355030,J,6201501,-1,317110,101,9,39,"40,00",3,1,0,1,40,0,0,0,"9000,00",9,0,1,202005,0,5,"9000,00"
202005,3,35,355030,J,6202300,1,212405,101,7,35,"40,00",3,1,0,1,20,0,0,0,"10500,00",9,0,1,202005,0,5,"10500,00"
202005,2,24,240810,J,6209100,-1,212315,101,9,39,"44,00",6,1,0,1,31,0,0,0,"2592,02",5,0,1,202005,0,5,"2592,02"
202005,3,35,350570,J,6209100,1,212405,101,9,26,"40,00",6,1,0,1,20,0,0,0,"16500,00",10,0,1,202005,0,5,"16500,00"
202005,4,41,411520,J,6202300,1,212405,101,9,22,"44,00",1,1,0,1,20,0,0,0,"4567,00",5,0,1,202005,0,5,"4567,00"
202005,3,31,317020,J,6201501,1,212405,101,9,26,"44,00",1,1,0,1,20,0,0,0,"8000,00",8,0,1,202005,0,5,"8000,00"
202005,3,35,352470,J,6201501,-1,212405,101,9,32,"40,00",1,1,0,1,40,0,0,0,"5000,00",10,0,1,202005,0,5,"5000,00"
202005,3,31,310620,J,6209100,1,317205,101,9,42,"44,00",1,1,0,1,20,0,0,0,"1188,57",10,0,1,202005,0,5,"1188,57"
202005,3,35,355030,J,6201501,-1,142520,101,9,59,"40,00",1,3,0,1,40,0,0,0,"7700,00",6,0,1,202005,0,5,"7700,00"
202005,3,35,355030,J,6204000,1,317110,101,9,42,"40,00",2,1,0,1,20,0,0,0,"8000,00",7,0,1,202005,0,5,"8000,00"
202005,2,26,261160,J,6311900,-1,317210,101,9,29,"40,00",1,1,0,1,31,0,0,0,"1652,57",7,0,1,202005,0,5,"1652,57"
202005,3,35,350280,J,6201501,1,212420,101,9,53,"40,00",4,3,0,1,20,0,0,0,"3576,18",5,0,1,202005,0,5,"3576,18"
202005,3,31,314480,J,6201501,1,212405,101,9,25,"40,00",3,1,0,1,20,0,0,0,"3000,00",5,0,1,202005,0,5,"3000,00"
202005,3,35,355030,J,6311900,1,317110,101,9,28,"40,00",4,1,0,1,20,0,0,0,"2500,00",4,0,1,202005,0,5,"2500,00"
202005,4,42,420540,J,6202300,-1,317110,101,8,20,"36,00",1,1,0,1,40,0,0,0,"3272,73",8,0,1,202005,0,5,"3272,73"
202005,3,35,355030,J,6204000,1,212405,101,8,32,"44,00",3,1,0,1,20,0,0,9,"3500,00",10,0,1,202005,0,5,"3500,00"
202005,3,35,355030,J,6204000,-1,212320,101,9,29,"44,00",3,3,0,1,40,0,0,0,"3441,53",4,0,1,202005,0,5,"3441,53"
202005,4,41,411520,J,6201501,-1,212405,101,9,22,"44,00",1,3,0,1,40,0,0,0,"1950,00",6,0,1,202005,0,5,"1950,00"
202005,3,35,355030,J,6204000,-1,212420,101,7,25,"40,00",3,1,0,1,31,0,0,0,"1900,28",10,0,1,202005,0,5,"1900,28"
202005,3,35,355030,J,6201501,1,142515,101,9,35,"40,00",3,1,0,1,20,0,0,0,"13804,82",10,0,1,202005,0,5,"13804,82"
202005,4,42,420240,J,6202300,1,212420,101,9,25,"40,00",1,1,0,1,20,0,0,0,"2500,00",5,0,1,202005,0,5,"2500,00"
202005,3,35,355030,J,6204000,-1,212405,101,7,23,"40,00",6,1,0,1,31,0,0,0,"1675,56",6,0,1,202005,0,5,"1675,56"
202005,4,42,420240,J,6202300,-1,212405,101,9,28,"40,00",1,1,0,1,40,0,0,0,"4152,00",9,0,1,202005,0,5,"4152,00"
202005,3,31,314080,J,6204000,-1,212405,101,80,53,"40,00",1,1,0,1,60,0,0,0,"2180,00",7,0,1,202005,0,5,"2180,00"
202005,3,31,313670,J,6209100,1,212420,101,8,40,"40,00",6,1,0,1,20,0,0,0,"1539,43",3,0,1,202005,0,5,"1539,43"
202005,4,43,430850,J,6201501,1,317110,101,9,32,"44,00",1,1,0,1,20,0,0,0,"3500,00",5,0,1,202005,0,5,"3500,00"
202005,4,43,430210,J,6209100,1,317210,101,7,36,"40,00",6,3,0,1,20,0,0,0,"1947,00",7,0,1,202005,0,5,"1947,00"
202005,3,35,355030,J,6202300,1,212405,101,9,35,"40,00",1,3,0,1,20,0,0,0,"3500,00",6,0,1,202005,0,5,"3500,00"
202005,4,42,420240,J,6201501,1,212415,101,9,32,"40,00",1,3,0,1,20,0,0,0,"6100,00",8,0,1,202005,0,5,"6100,00"
202005,3,33,330455,J,6204000,1,212405,101,9,26,"40,00",3,1,0,1,20,0,0,0,"5261,95",6,0,1,202005,0,5,"5261,95"
202005,3,32,320530,J,6209100,1,212405,101,9,30,"40,00",2,1,0,1,20,0,0,0,"3088,60",9,0,1,202005,0,5,"3088,60"
202005,3,35,354990,J,6209100,1,212420,101,7,20,"40,00",1,1,0,1,20,0,0,0,"1834,15",4,0,1,202005,0,5,"1834,15"
202005,4,42,420540,J,6204000,-1,212405,101,8,25,"44,00",1,1,0,1,31,0,0,0,"2082,14",6,0,1,202005,0,5,"2082,14"
202005,4,42,420290,J,6203100,-1,212215,101,9,28,"44,00",1,1,0,1,40,0,0,0,"5500,00",7,0,1,202005,0,5,"5500,00"
202005,3,31,317020,J,6204000,-1,317110,101,8,20,"40,00",1,1,0,1,40,0,0,0,"2313,58",8,0,1,202005,0,5,"2313,58"
202005,3,35,350160,J,6202300,1,317210,101,7,34,"40,00",1,3,0,1,20,0,0,0,"1800,00",2,0,1,202005,0,5,"1800,00"
202005,3,35,350570,J,6209100,1,212405,101,9,25,"40,00",6,1,0,1,20,0,0,0,"4500,00",10,0,1,202005,0,5,"4500,00"
202005,4,43,431490,J,6201501,-1,212405,101,8,25,"40,00",6,3,0,1,31,0,0,0,"1800,00",6,0,1,202005,0,5,"1800,00"
202005,5,52,520140,J,6203100,-1,317210,101,9,29,"44,00",1,1,0,1,31,0,0,0,"3454,22",6,0,1,202005,0,5,"3454,22"
202005,4,43,431490,J,6209100,1,212420,101,9,28,"44,00",1,1,0,1,20,0,0,0,"2534,00",8,0,1,202005,0,5,"2534,00"
202005,3,31,317020,J,6203100,1,212405,101,9,43,"44,00",3,3,0,1,20,0,0,0,"4033,63",6,0,1,202005,0,5,"4033,63"
202005,3,31,317020,J,6204000,1,317110,101,8,28,"40,00",3,3,0,1,20,0,0,0,"1464,19",8,0,1,202005,0,5,"1464,19"
202005,4,43,431870,J,6204000,1,212405,101,8,33,"40,00",1,1,0,1,10,0,0,0,"10425,00",10,0,1,202005,0,5,"10425,00"
202005,4,43,431720,J,6203100,1,317110,101,9,25,"40,00",1,1,0,1,20,0,0,0,"2000,00",2,0,1,202005,0,5,"2000,00"
202005,3,31,310620,J,6204000,-1,317110,101,9,25,"40,00",1,1,0,1,31,0,0,0,"4257,81",10,0,1,202005,0,5,"4257,81"
202005,4,41,410690,J,6204000,1,317110,101,7,26,"40,00",1,1,0,1,20,0,0,0,"6500,00",4,0,1,202005,0,5,"6500,00"
202005,3,35,355030,J,6201501,-1,142515,101,9,40,"44,00",6,1,0,1,31,0,0,9,"15650,55",7,0,1,202005,0,5,"15650,55"
202005,4,41,411520,J,6202300,-1,317110,101,9,23,"44,00",6,1,0,1,40,0,0,0,"1806,85",7,0,1,202005,0,5,"1806,85"
202005,3,31,317020,J,6204000,1,212405,101,9,30,"40,00",1,3,0,1,20,0,0,0,"6000,00",8,0,1,202005,0,5,"6000,00"
202005,4,41,410640,J,6202300,-1,317110,101,8,20,"44,00",1,1,0,1,40,0,0,0,"2034,00",6,0,1,202005,0,5,"2034,00"
202005,2,29,291920,J,6201501,1,212405,101,9,25,"44,00",3,1,0,1,20,0,0,0,"3300,00",7,0,1,202005,0,5,"3300,00"
202005,4,41,410690,J,6201501,-1,212405,101,9,24,"40,00",1,1,0,1,31,0,0,0,"3200,00",7,0,1,202005,0,5,"3200,00"
202005,3,35,354870,J,6311900,-1,212420,101,7,31,"40,00",2,1,0,1,31,0,0,0,"1727,88",6,0,1,202005,0,5,"1727,88"
202005,3,31,310620,J,6201501,-1,212405,101,9,37,"40,00",1,1,0,1,31,0,0,0,"5500,00",7,0,1,202005,0,5,"5500,00"
202005,3,35,355030,J,6204000,-1,212405,101,8,24,"40,00",2,1,0,1,40,0,0,0,"11492,80",6,0,1,202005,0,5,"11492,80"
202005,5,53,530010,J,6204000,1,212410,101,7,25,"40,00",3,3,0,1,20,0,0,0,"1800,00",1,0,1,202005,0,5,"1800,00"
202005,1,13,130260,J,6201501,1,212205,101,9,24,"44,00",3,1,0,1,20,0,0,0,"6824,32",5,0,1,202005,0,5,"6824,32"
202005,3,35,355030,J,6209100,1,212420,101,7,25,"40,00",1,1,0,1,20,0,0,0,"1675,00",8,0,1,202005,0,5,"1675,00"
202005,4,43,430210,J,6209100,1,317110,101,80,38,"40,00",6,3,0,1,20,0,0,0,"3470,00",7,0,1,202005,0,5,"3470,00"
202005,3,35,354340,J,6202300,1,317110,101,9,23,"40,00",6,1,0,1,20,0,0,0,"3742,05",8,0,1,202005,0,5,"3742,05"
202005,4,43,431490,J,6201501,1,212405,101,9,40,"40,00",1,1,0,1,20,0,0,0,"8200,00",7,0,1,202005,0,5,"8200,00"
202005,3,35,355030,J,6204000,-1,212405,101,9,26,"40,00",1,1,0,1,40,0,0,0,"5037,34",4,0,1,202005,0,5,"5037,34"
202005,3,35,354780,J,6201501,1,317110,101,9,43,"40,00",1,1,0,1,20,0,0,0,"1857,39",6,0,1,202005,0,5,"1857,39"
202005,3,35,355030,J,6201501,1,212405,101,8,31,"40,00",1,1,0,1,20,0,0,0,"9000,00",5,0,1,202005,0,5,"9000,00"
202005,3,35,355030,J,6311900,-1,212420,101,9,30,"40,00",1,3,0,1,40,0,0,0,"3500,00",9,0,1,202005,0,5,"3500,00"
202005,3,35,355030,J,6202300,-1,212405,101,8,39,"38,00",3,1,0,1,40,0,0,0,"7200,00",6,0,1,202005,0,5,"7200,00"
202005,3,35,355030,J,6204000,1,212405,101,9,25,"40,00",1,1,0,1,20,0,0,0,"2000,00",6,0,1,202005,0,5,"2000,00"
202005,3,35,355030,J,6201501,-1,317210,101,9,28,"40,00",3,3,0,1,40,0,0,0,"2356,64",10,0,1,202005,0,5,"2356,64"
202005,3,32,320520,J,6311900,-1,317210,101,7,33,"44,00",1,1,0,1,31,0,0,0,"1570,00",3,0,1,202005,0,5,"1570,00"
202005,3,35,354730,J,6209100,-1,212420,101,7,29,"40,00",1,1,0,1,31,0,0,0,"1735,55",7,0,1,202005,0,5,"1735,55"
202005,3,31,310620,J,6204000,1,212405,101,9,27,"40,00",2,1,0,1,20,0,0,0,"5000,00",7,0,1,202005,0,5,"5000,00"
202005,3,31,310620,J,6201501,-1,212405,101,9,62,"40,00",6,1,0,1,40,0,0,0,"7800,00",6,0,1,202005,0,5,"7800,00"
202005,3,35,355030,J,6204000,-1,212420,101,8,35,"40,00",2,1,0,1,40,0,0,0,"6500,00",6,0,1,202005,0,5,"6500,00"
202005,3,35,355030,J,6204000,-1,317110,101,9,27,"40,00",6,1,0,1,31,0,0,0,"5500,00",6,0,1,202005,0,5,"5500,00"
202005,3,35,350570,J,6209100,1,317110,101,9,23,"40,00",6,1,0,1,20,0,0,0,"10000,00",10,0,1,202005,0,5,"10000,00"
202005,2,25,250750,J,6311900,-1,212420,101,7,23,"44,00",6,1,0,1,31,0,0,0,"1348,30",5,0,1,202005,0,5,"1348,30"
202005,4,43,430510,J,6201501,-1,212420,101,9,39,"44,00",6,1,0,1,31,0,0,0,"3493,45",3,0,1,202005,0,5,"3493,45"
202005,3,31,310620,J,6204000,1,212420,101,9,31,"40,00",1,1,0,1,20,0,0,0,"1385,00",7,0,1,202005,0,5,"1385,00"
202005,3,35,350950,J,6209100,-1,212405,101,7,23,"40,00",1,1,0,1,31,0,0,0,"2171,00",4,0,1,202005,0,5,"2171,00"
202005,3,35,350950,J,6311900,1,212315,101,80,34,"44,00",1,1,0,1,10,0,0,9,"11000,00",1,0,1,202005,0,5,"11000,00"
202005,5,50,500270,J,6201501,1,212405,101,9,23,"44,00",1,1,0,1,10,0,0,0,"2176,46",7,0,1,202005,0,5,"2176,46"
202005,3,31,313670,J,6209100,1,317105,101,7,32,"44,00",6,1,0,1,20,0,0,0,"2500,00",4,0,1,202005,0,5,"2500,00"
202005,3,35,355030,J,6201501,-1,212415,101,80,26,"40,00",1,1,0,1,40,0,0,0,"7021,00",7,0,1,202005,0,5,"7021,00"
202005,3,33,330455,J,6201501,-1,212405,101,9,44,"40,00",1,1,0,1,31,0,0,0,"7006,00",5,0,1,202005,0,5,"7006,00"
202005,3,35,355030,J,6204000,1,212405,101,9,32,"40,00",1,1,0,1,20,0,0,0,"12000,00",10,0,1,202005,0,5,"12000,00"
202005,3,31,310620,J,6201501,1,212405,101,9,28,"44,00",3,3,0,1,20,0,0,0,"4000,00",7,0,1,202005,0,5,"4000,00"
202005,4,41,410690,J,6201501,-1,317210,101,7,37,"42,00",3,1,0,1,31,0,0,0,"2004,43",2,0,1,202005,0,5,"2004,43"
202005,3,35,354730,J,6209100,1,212405,101,9,38,"40,00",1,1,0,1,20,0,0,0,"7000,00",10,0,1,202005,0,5,"7000,00"
202005,3,35,352270,J,6202300,-1,317210,101,7,24,"40,00",1,3,0,1,40,0,0,0,"1461,00",4,0,1,202005,0,5,"1461,00"
202005,4,42,420540,J,6201501,-1,317105,101,8,27,"44,00",6,1,0,1,90,0,0,0,"4880,29",6,0,1,202005,0,5,"4880,29"
202005,5,53,530010,J,6204000,-1,212405,101,9,27,"44,00",3,1,0,1,40,0,0,0,"5356,67",8,0,1,202005,0,5,"5356,67"
202005,4,42,420540,J,6201501,1,317110,101,9,23,"40,00",3,1,0,1,20,0,0,0,"7000,00",3,0,1,202005,0,5,"7000,00"
202005,3,35,355030,J,6204000,-1,212405,101,8,24,"44,00",1,1,0,1,31,3,0,9,"3800,00",10,0,1,202005,0,5,"3800,00"
202005,3,35,355030,J,6204000,1,212420,101,9,25,"44,00",3,1,0,1,20,0,0,0,"3700,00",10,0,1,202005,0,5,"3700,00"
202005,3,35,350950,J,6209100,1,317110,101,9,25,"44,00",1,1,0,1,20,0,0,0,"2000,00",3,0,1,202005,0,5,"2000,00"
202005,3,31,310620,J,6204000,-1,317110,101,9,22,"44,00",6,1,0,1,31,0,0,0,"1300,00",2,0,1,202005,0,5,"1300,00"
202005,3,35,350570,J,6209100,-1,212405,101,9,65,"40,00",1,3,0,1,31,0,0,0,"4980,00",7,0,1,202005,0,5,"4980,00"
202005,5,53,530010,J,6204000,-1,317210,101,7,53,"40,00",3,1,0,1,31,0,0,0,"1615,66",8,0,1,202005,0,5,"1615,66"
202005,3,35,355030,J,6201501,-1,212405,101,9,34,"40,00",1,1,0,1,31,0,0,0,"9000,00",10,0,1,202005,0,5,"9000,00"
202005,3,35,355030,J,6311900,-1,212405,101,80,44,"40,00",1,3,0,1,31,0,0,0,"11097,00",1,0,1,202005,0,5,"11097,00"
202005,4,41,410690,J,6201501,-1,317110,101,9,25,"40,00",1,1,0,1,31,0,0,0,"3800,50",9,0,1,202005,0,5,"3800,50"
202005,3,35,350570,J,6202300,1,317110,101,8,29,"40,00",1,3,0,1,20,0,0,0,"3306,25",8,0,1,202005,0,5,"3306,25"
202005,3,35,355030,J,6201501,-1,142520,101,9,36,"40,00",6,1,0,1,40,0,0,0,"19771,00",7,0,1,202005,0,5,"19771,00"
202005,2,29,292740,J,6204000,-1,212405,101,9,25,"44,00",3,1,0,1,31,0,0,0,"3317,21",9,0,1,202005,0,5,"3317,21"
202005,3,35,354730,J,6209100,-1,212420,101,8,23,"40,00",2,1,0,1,43,0,0,0,"1675,56",9,0,1,202005,0,5,"1675,56"
202005,3,35,355030,J,6204000,1,317110,101,8,31,"44,00",1,1,0,1,20,0,0,9,"3800,00",10,0,1,202005,0,5,"3800,00"
202005,3,35,355030,J,6201501,1,212405,101,9,47,"40,00",2,1,0,1,20,0,0,0,"8500,00",10,0,1,202005,0,5,"8500,00"
202005,3,31,310620,J,6202300,-1,212405,101,9,53,"40,00",1,1,0,1,43,0,0,0,"6000,00",5,0,1,202005,0,5,"6000,00"
202005,3,35,355030,J,6209100,1,317210,101,7,21,"44,00",6,1,0,1,20,0,0,0,"1500,00",5,0,1,202005,0,5,"1500,00"
202005,4,43,430510,J,6202300,-1,212420,101,9,30,"44,00",1,1,0,1,31,0,0,0,"2511,00",3,0,1,202005,0,5,"2511,00"
202005,2,26,261160,J,6202300,1,317110,101,80,37,"40,00",3,1,0,1,20,0,0,0,"5522,93",5,0,1,202005,0,5,"5522,93"
202005,3,33,330455,J,6204000,1,212405,101,9,46,"40,00",3,1,0,1,20,0,0,0,"5261,95",6,0,1,202005,0,5,"5261,95"
202005,4,43,431490,J,6204000,1,212405,101,9,34,"40,00",1,1,0,1,20,0,0,0,"4500,00",7,0,1,202005,0,5,"4500,00"
202005,4,42,420240,J,6201501,-1,212405,101,9,34,"44,00",1,1,0,1,31,0,0,9,"8656,11",8,0,1,202005,0,5,"8656,11"
202005,3,35,355030,J,6201501,-1,212405,101,9,37,"40,00",1,1,0,1,40,0,0,0,"10000,00",10,0,1,202005,0,5,"10000,00"
202005,4,41,410690,J,6209100,-1,212405,101,9,29,"40,00",1,1,0,1,40,0,0,0,"8400,00",9,0,1,202005,0,5,"8400,00"
202005,3,31,310620,J,6204000,-1,212405,101,9,38,"30,17",1,1,0,1,31,0,0,0,"3003,57",10,0,1,202005,0,5,"3003,57"
202005,4,41,410690,J,6201501,-1,142510,101,80,41,"40,00",1,1,0,1,31,0,0,0,"6039,97",9,0,1,202005,0,5,"6039,97"
202005,3,35,355030,J,6204000,1,212405,101,9,39,"40,00",3,1,0,1,20,0,0,0,"10214,88",6,0,1,202005,0,5,"10214,88"
202005,3,35,355030,J,6204000,-1,317110,101,9,31,"48,58",1,1,0,1,31,0,0,0,"4551,45",5,0,1,202005,0,5,"4551,45"
202005,4,42,420420,J,6202300,-1,212420,101,80,40,"44,00",1,1,0,1,31,0,0,0,"3000,00",7,0,1,202005,0,5,"3000,00"
202005,3,33,330455,J,6204000,-1,212405,101,9,30,"40,00",5,1,0,1,40,0,0,0,"6020,80",8,0,1,202005,0,5,"6020,80"
202005,3,35,353870,J,6203100,-1,317210,101,8,24,"40,00",1,1,0,1,31,0,0,0,"1725,83",3,0,1,202005,0,5,"1725,83"
202005,3,35,350570,J,6201501,-1,212420,101,9,35,"40,00",3,1,0,1,31,0,0,0,"5149,33",6,0,1,202005,0,5,"5149,33"
202005,3,35,350570,J,6204000,-1,212420,101,8,22,"40,00",1,1,0,1,40,0,0,0,"2100,00",6,0,1,202005,0,5,"2100,00"
202005,3,35,355030,J,6203100,1,212420,101,9,26,"40,00",1,1,0,1,20,0,0,0,"1700,00",7,0,1,202005,0,5,"1700,00"
202005,3,35,355030,J,6204000,-1,212405,101,9,57,"40,00",1,1,0,1,31,0,0,0,"8630,15",7,0,1,202005,0,5,"8630,15"
202005,3,35,354780,J,6201501,-1,212405,101,80,53,"30,00",1,1,0,1,31,0,0,0,"3882,61",6,0,1,202005,0,5,"3882,61"
202005,5,53,530010,J,6201501,1,317110,101,80,43,"44,00",3,1,0,1,20,0,0,0,"3500,00",8,0,1,202005,0,5,"3500,00"
202005,3,31,310620,J,6204000,1,212405,101,9,36,"44,00",1,1,0,1,20,0,0,0,"4500,00",3,0,1,202005,0,5,"4500,00"
202005,3,35,355030,J,6201501,1,212405,101,8,24,"40,00",1,1,0,1,20,0,0,0,"7500,00",8,0,1,202005,0,5,"7500,00"
202005,2,29,292740,J,6204000,1,317205,101,7,28,"40,00",3,1,0,1,20,0,0,0,"2200,00",6,0,1,202005,0,5,"2200,00"
202005,3,35,350950,J,6202300,-1,212405,101,7,29,"40,00",1,1,0,1,31,0,0,0,"2500,00",4,0,1,202005,0,5,"2500,00"
202005,3,35,354990,J,6202300,1,212405,101,80,38,"40,00",1,3,0,1,20,0,0,0,"1675,56",7,0,1,202005,0,5,"1675,56"
202005,3,33,330330,J,6201501,1,212405,101,80,42,"56,00",1,3,0,1,20,0,0,0,"12000,00",7,0,1,202005,0,5,"12000,00"
202005,2,26,261160,J,6311900,-1,317210,101,7,32,"40,00",3,1,0,1,31,0,0,0,"1407,65",7,0,1,202005,0,5,"1407,65"
202005,2,23,230440,J,6209100,-1,212405,101,8,25,"30,00",3,1,0,1,40,0,0,0,"2480,63",5,0,1,202005,0,5,"2480,63"
202005,5,53,530010,J,6203100,1,212405,101,80,29,"44,00",3,1,0,1,20,0,0,0,"6087,00",8,0,1,202005,0,5,"6087,00"
202005,3,31,310620,J,6201501,1,212405,101,8,19,"40,00",1,1,0,1,10,0,0,0,"1539,43",8,0,1,202005,0,5,"1539,43"
202005,3,35,354890,J,6203100,-1,212205,101,9,25,"40,00",1,3,0,1,31,0,0,0,"2943,20",7,0,1,202005,0,5,"2943,20"
202005,4,42,420890,J,6311900,1,317205,101,7,27,"44,00",6,3,0,1,20,0,0,0,"1391,00",5,0,1,202005,0,5,"1391,00"
202005,3,35,355030,J,6209100,-1,212405,101,9,42,"40,00",3,1,0,1,31,0,0,0,"11321,00",7,0,1,202005,0,5,"11321,00"
202005,4,41,410690,J,6201501,1,317210,101,8,21,"40,00",1,1,0,1,20,0,0,0,"2000,00",7,0,1,202005,0,5,"2000,00"
202005,4,42,420420,J,6311900,1,317205,101,7,20,"44,00",6,1,0,1,20,0,0,0,"1390,00",3,0,1,202005,0,5,"1390,00"
202005,3,35,354980,J,6203100,-1,317110,101,9,26,"40,00",1,1,0,1,40,0,0,0,"2667,00",3,0,1,202005,0,5,"2667,00"
202005,3,35,355030,J,6209100,1,212405,101,80,27,"40,00",1,3,0,1,20,0,0,0,"7400,00",3,0,1,202005,0,5,"7400,00"
202005,3,35,353440,J,6311900,-1,317210,101,7,28,"44,00",1,1,0,1,31,0,0,0,"1412,96",8,0,1,202005,0,5,"1412,96"
202005,3,35,355030,J,6201501,-1,142510,101,9,53,"40,00",3,1,0,1,31,0,0,0,"11000,00",9,0,1,202005,0,5,"11000,00"
202005,3,35,354730,J,6209100,1,212405,101,9,47,"40,00",1,1,0,1,20,0,0,0,"8500,00",10,0,1,202005,0,5,"8500,00"
202005,5,53,530010,J,6201501,-1,317210,101,80,31,"40,00",1,3,0,1,31,0,0,0,"1591,89",9,0,1,202005,0,5,"1591,89"
202005,4,43,432120,J,6202300,-1,317110,101,8,38,"44,00",1,3,0,1,40,0,0,0,"2250,00",3,0,1,202005,0,5,"2250,00"
202005,5,50,500270,J,6203100,1,317205,101,7,19,"44,00",6,3,0,1,10,0,0,0,"1180,00",9,0,1,202005,0,5,"1180,00"
202005,3,35,354730,J,6209100,-1,212305,101,9,28,"40,00",3,1,0,1,40,0,0,0,"5029,85",9,0,1,202005,0,5,"5029,85"
202005,3,35,354870,J,6311900,-1,212420,101,7,23,"40,00",3,1,0,1,31,0,0,0,"1727,88",6,0,1,202005,0,5,"1727,88"
202005,2,26,261160,J,6204000,-1,212420,101,7,41,"44,00",1,1,0,1,31,0,0,0,"1793,00",6,0,1,202005,0,5,"1793,00"
202005,3,35,355030,J,6204000,1,317110,101,9,25,"44,00",1,1,0,1,20,0,0,9,"4000,00",10,0,1,202005,0,5,"4000,00"
202005,4,42,420910,J,6201501,1,317110,101,9,28,"44,00",3,1,0,1,20,0,0,0,"6000,00",5,0,1,202005,0,5,"6000,00"
202005,3,32,320530,J,6209100,1,212420,101,8,20,"40,00",1,1,0,1,20,0,0,0,"2797,87",7,0,1,202005,0,5,"2797,87"
202005,3,35,355030,J,6209100,-1,212405,101,9,52,"40,00",1,1,0,1,31,0,0,0,"3000,00",8,0,1,202005,0,5,"3000,00"
202005,3,35,350950,J,6201501,-1,212405,101,9,37,"40,00",1,1,0,1,31,0,0,0,"3033,60",6,0,1,202005,0,5,"3033,60"
202005,3,35,355030,J,6201501,1,212410,101,9,39,"40,00",2,1,0,1,20,0,0,0,"3600,00",7,0,1,202005,0,5,"3600,00"
202005,2,26,261160,J,6202300,1,142520,101,9,42,"40,00",3,1,0,1,20,0,0,0,"3701,98",6,0,1,202005,0,5,"3701,98"
202005,3,35,355030,J,6209100,-1,317210,101,9,30,"40,00",1,1,0,1,43,0,0,0,"1500,00",8,0,1,202005,0,5,"1500,00"
202005,3,35,355030,J,6201501,-1,317110,101,7,23,"40,00",3,3,0,1,40,0,0,0,"2700,00",5,0,1,202005,0,5,"2700,00"
202005,3,31,310620,J,6203100,-1,317110,101,7,26,"44,00",6,1,0,1,40,0,0,0,"1539,43",3,0,1,202005,0,5,"1539,43"
202005,3,31,310620,J,6204000,-1,212420,101,9,54,"40,00",1,1,0,1,31,0,0,0,"4685,92",10,0,1,202005,0,5,"4685,92"
202005,4,43,431490,J,6311900,-1,317110,101,9,23,"44,00",1,1,0,1,31,0,0,0,"2750,00",7,0,1,202005,0,5,"2750,00"
202005,5,51,510340,J,6202300,-1,317210,101,9,34,"44,00",1,3,0,1,40,0,0,0,"2771,35",6,0,1,202005,0,5,"2771,35"
202005,3,35,354730,J,6209100,1,212405,101,9,24,"4,00",3,1,0,1,20,0,0,0,"7500,00",10,0,1,202005,0,5,"7500,00"
202005,3,32,320520,J,6209100,1,212420,101,7,33,"40,00",1,1,0,1,20,0,0,0,"1705,00",5,0,1,202005,0,5,"1705,00"
202005,3,35,355030,J,6204000,-1,212315,101,9,25,"40,00",1,3,0,1,40,0,0,0,"2424,00",10,0,1,202005,0,5,"2424,00"
202005,4,42,421480,J,6209100,1,317210,101,7,34,"42,50",1,1,0,1,20,0,0,0,"2200,00",4,0,1,202005,0,5,"2200,00"
202005,3,35,355220,J,6204000,-1,212405,101,9,26,"40,00",1,3,0,1,31,0,0,0,"1600,00",6,0,1,202005,0,5,"1600,00"
202005,4,43,431690,J,6202300,-1,212420,101,8,32,"44,00",6,1,0,1,40,0,0,0,"5987,74",5,0,1,202005,0,5,"5987,74"
202005,3,35,355030,J,6204000,-1,212415,101,7,18,"40,00",3,3,0,1,40,0,0,0,"3500,00",10,0,1,202005,0,5,"3500,00"
202005,3,33,330330,J,6201501,1,212405,101,9,30,"44,00",1,1,0,1,20,0,0,0,"3400,00",7,0,1,202005,0,5,"3400,00"
202005,3,35,350950,J,6201501,-1,212405,101,80,50,"40,00",1,3,0,1,31,0,0,0,"2578,60",6,0,1,202005,0,5,"2578,60"
202005,5,53,530010,J,6201501,1,212405,101,9,32,"44,00",3,1,0,1,20,0,0,0,"3000,00",8,0,1,202005,0,5,"3000,00"
202005,3,33,330455,J,6201501,-1,212405,101,80,30,"40,00",3,1,0,1,31,0,0,0,"6331,00",7,0,1,202005,0,5,"6331,00"
202005,3,35,355030,J,6202300,-1,317110,101,9,38,"40,00",1,1,0,1,40,0,0,0,"13000,00",7,0,1,202005,0,5,"13000,00"
202005,5,53,530010,J,6204000,1,212405,101,9,32,"44,00",6,1,0,1,20,0,0,0,"3600,00",5,0,1,202005,0,5,"3600,00"
202005,4,43,431490,J,6204000,-1,317205,101,9,41,"44,00",2,1,0,1,31,0,0,0,"5304,40",1,0,1,202005,0,5,"5304,40"
202005,3,31,310620,J,6204000,1,212420,101,7,34,"40,00",1,3,0,1,20,0,0,0,"1675,56",7,0,1,202005,0,5,"1675,56"
202005,3,35,355030,J,6204000,1,212405,101,9,33,"44,00",3,1,0,1,20,0,0,9,"7000,00",10,0,1,202005,0,5,"7000,00"
202005,3,35,355030,J,6204000,1,212405,101,8,22,"40,00",6,1,0,1,20,0,0,0,"1675,56",6,0,1,202005,0,5,"1675,56"
202005,3,35,352470,J,6201501,-1,212405,101,9,25,"40,00",1,1,0,1,40,0,0,0,"8000,00",10,0,1,202005,0,5,"8000,00"
202005,3,35,350570,J,6209100,1,317110,101,9,34,"40,00",6,1,0,1,20,0,0,0,"6000,00",10,0,1,202005,0,5,"6000,00"
202005,3,31,313130,J,6209100,-1,212415,101,7,34,"40,00",6,1,0,1,31,0,0,0,"1563,45",5,0,1,202005,0,5,"1563,45"
202005,3,35,350950,J,6204000,-1,317110,101,9,41,"40,00",1,3,0,1,40,0,0,0,"3790,00",4,0,1,202005,0,5,"3790,00"
202005,2,24,240810,J,6209100,-1,317210,101,7,31,"44,00",1,1,0,1,31,0,0,0,"1678,88",5,0,1,202005,0,5,"1678,88"
202005,3,35,355030,J,6201501,-1,212420,101,9,51,"40,00",3,1,0,1,31,0,0,0,"6459,00",5,0,1,202005,0,5,"6459,00"
202005,3,35,353440,J,6311900,1,317210,101,7,23,"44,00",6,3,0,1,20,0,0,0,"1568,41",8,0,1,202005,0,5,"1568,41"
202005,3,31,310620,J,6311900,1,212305,101,7,19,"44,00",6,1,0,1,20,0,0,0,"4000,00",2,0,1,202005,0,5,"4000,00"
202005,3,35,355030,J,6201501,-1,212405,101,9,31,"40,00",1,1,0,1,40,0,0,0,"8000,00",4,0,1,202005,0,5,"8000,00"
202005,3,35,355030,J,6204000,-1,317110,101,9,26,"44,00",3,1,0,1,40,0,0,9,"3802,64",10,0,1,202005,0,5,"3802,64"
202005,3,31,317020,J,6204000,-1,212405,101,8,25,"40,00",1,1,0,1,31,0,0,0,"2700,00",8,0,1,202005,0,5,"2700,00"
202005,2,29,291460,J,6202300,1,317110,101,7,33,"44,00",6,1,0,1,20,0,0,0,"4500,00",3,0,1,202005,0,5,"4500,00"
202005,4,41,410690,J,6204000,-1,142520,101,80,52,"40,00",1,1,0,1,31,0,0,0,"9941,52",7,0,1,202005,0,5,"9941,52"
202005,3,35,355030,J,6203100,1,317110,101,7,23,"44,00",6,1,0,1,20,0,0,0,"1500,00",6,0,1,202005,0,5,"1500,00"
202005,3,31,310620,J,6204000,1,212405,101,9,26,"40,00",3,1,0,1,20,0,0,0,"6400,00",7,0,1,202005,0,5,"6400,00"
202005,5,53,530010,J,6201501,-1,212405,101,9,30,"44,00",3,1,0,1,40,0,0,0,"5122,25",8,0,1,202005,0,5,"5122,25"
202005,3,35,350570,J,6209100,-1,212410,101,8,53,"44,00",1,3,0,1,31,0,0,0,"2832,29",2,0,1,202005,0,5,"2832,29"
202005,4,43,431490,J,6204000,-1,317110,101,8,26,"40,00",1,1,0,1,40,0,0,0,"5000,00",6,0,1,202005,0,5,"5000,00"
202005,4,41,410690,J,6204000,-1,317110,101,9,55,"40,00",1,1,0,1,31,0,0,0,"4000,00",7,0,1,202005,0,5,"4000,00"
202005,3,31,310620,J,6204000,1,212420,101,9,31,"40,00",1,1,0,1,20,0,0,0,"1639,00",7,0,1,202005,0,5,"1639,00"
202005,3,35,355030,J,6204000,1,212405,101,8,22,"44,00",1,3,0,1,20,0,0,9,"3800,00",10,0,1,202005,0,5,"3800,00"
202005,3,35,355030,J,6204000,-1,317105,101,8,20,"40,00",1,1,0,1,40,0,0,0,"2091,00",4,0,1,202005,0,5,"2091,00"
202005,3,31,317020,J,6204000,-1,317110,101,8,23,"44,00",1,1,0,1,31,0,0,0,"1670,00",3,0,1,202005,0,5,"1670,00"
202005,3,35,355030,J,6204000,1,212405,101,9,42,"44,00",4,1,0,1,20,0,0,9,"6500,00",10,0,1,202005,0,5,"6500,00"
202005,3,32,320530,J,6209100,-1,212420,101,9,44,"40,00",6,3,0,1,31,0,0,0,"7164,64",7,0,1,202005,0,5,"7164,64"
202005,3,31,310620,J,6209100,1,317205,101,7,22,"44,00",3,3,0,1,20,0,0,0,"1188,57",10,0,1,202005,0,5,"1188,57"
202005,4,42,421190,J,6201501,1,317110,101,7,46,"44,00",6,1,0,1,20,0,0,0,"3500,00",7,0,1,202005,0,5,"3500,00"
202005,5,53,530010,J,6204000,1,212405,101,9,30,"49,00",3,1,0,1,20,0,0,0,"6894,29",5,0,1,202005,0,5,"6894,29"
202005,3,35,351620,J,6202300,-1,317110,101,8,19,"20,00",1,1,0,1,31,0,0,0,"1000,00",2,0,1,202005,0,5,"1000,00"
202005,3,35,355030,J,6209100,-1,317110,101,7,54,"40,00",1,1,0,1,31,0,0,0,"6500,00",8,0,1,202005,0,5,"6500,00"
202005,3,31,310620,J,6201501,-1,212405,101,9,65,"40,00",3,1,0,1,31,0,0,0,"6135,12",6,0,1,202005,0,5,"6135,12"
202005,3,32,320530,J,6201501,-1,212405,101,9,36,"40,00",1,1,0,1,31,0,0,0,"3625,00",7,0,1,202005,0,5,"3625,00"
202005,5,53,530010,J,6201501,-1,212405,101,9,41,"40,00",3,1,0,1,40,0,0,0,"5247,00",7,0,1,202005,0,5,"5247,00"
202005,4,43,430210,J,6209100,-1,317110,101,8,35,"40,00",6,1,0,1,90,0,0,0,"7709,00",7,0,1,202005,0,5,"7709,00"
202005,4,43,431490,J,6202300,1,212420,101,80,52,"40,00",1,3,0,1,20,0,0,0,"5200,00",5,0,1,202005,0,5,"5200,00"
202005,3,35,350320,J,6204000,1,212405,101,9,36,"40,00",1,1,0,1,20,0,0,0,"8406,82",8,0,1,202005,0,5,"8406,82"
202005,4,43,431340,J,6203100,-1,317205,101,7,39,"44,00",1,1,0,1,31,0,0,0,"2935,00",5,0,1,202005,0,5,"2935,00"
202005,5,53,530010,J,6201501,-1,212420,101,9,25,"44,00",2,1,0,1,40,0,0,0,"7376,67",9,0,1,202005,0,5,"7376,67"
202005,3,31,310620,J,6201501,1,212420,101,7,25,"40,00",3,1,0,1,20,0,0,0,"1693,27",9,0,1,202005,0,5,"1693,27"
202005,3,35,350570,J,6201501,1,212405,101,80,43,"40,00",1,1,0,1,20,0,0,0,"2800,00",8,0,1,202005,0,5,"2800,00"
202005,3,35,350950,J,6204000,1,212320,101,9,36,"40,00",1,1,0,1,20,0,0,0,"3000,00",10,0,1,202005,0,5,"3000,00"
202005,3,35,355030,J,6204000,-1,317110,101,80,62,"40,00",1,1,0,1,31,0,0,0,"5200,00",6,0,1,202005,0,5,"5200,00"
202005,3,35,350570,J,6209100,1,317110,101,9,21,"40,00",6,1,0,1,20,0,0,0,"1730,00",7,0,1,202005,0,5,"1730,00"
202005,5,53,530010,J,6209100,-1,212405,101,9,22,"44,00",3,1,0,1,40,0,0,0,"3300,00",4,0,1,202005,0,5,"3300,00"
202005,3,33,330455,J,6209100,-1,317110,101,9,37,"40,00",3,1,0,1,31,0,0,0,"10619,90",2,0,1,202005,0,5,"10619,90"
202005,3,35,350950,J,6204000,-1,212405,101,7,22,"44,00",3,1,0,1,31,0,0,0,"1593,09",1,0,1,202005,0,5,"1593,09"
202005,3,31,310620,J,6204000,1,212405,101,9,44,"40,00",1,1,0,1,20,0,0,0,"15000,00",7,0,1,202005,0,5,"15000,00"
202005,3,35,355030,J,6209100,1,212410,101,7,29,"40,00",6,3,0,1,20,0,0,0,"2736,12",1,0,1,202005,0,5,"2736,12"
202005,3,32,320530,J,6202300,1,317110,101,9,34,"44,00",3,1,0,1,20,0,0,0,"5294,05",3,0,1,202005,0,5,"5294,05"
202005,3,31,317020,J,6203100,1,212405,101,9,22,"44,00",3,1,0,1,20,0,0,0,"2000,00",3,0,1,202005,0,5,"2000,00"
202005,2,24,240810,J,6201501,-1,212405,101,80,36,"40,00",6,1,0,1,31,0,0,0,"4628,95",7,0,1,202005,0,5,"4628,95"
202005,5,51,510340,J,6202300,-1,212405,101,9,33,"44,00",3,1,0,1,31,0,0,0,"2200,00",4,0,1,202005,0,5,"2200,00"
202005,3,35,355030,J,6201501,-1,317110,101,8,49,"40,00",3,1,0,1,31,0,0,0,"3165,91",10,0,1,202005,0,5,"3165,91"
202005,5,51,510340,J,6202300,-1,212405,101,9,50,"44,00",3,1,0,1,31,0,0,0,"5164,00",8,0,1,202005,0,5,"5164,00"
202005,2,25,250750,J,6209100,-1,317210,101,7,26,"44,00",6,1,0,1,40,0,0,0,"2097,63",6,0,1,202005,0,5,"2097,63"
202005,3,35,355030,J,6311900,1,212405,101,8,19,"40,00",1,1,0,1,20,0,0,0,"6986,00",1,0,1,202005,0,5,"6986,00"
202005,3,35,355030,J,6204000,-1,212405,101,8,22,"44,00",1,1,0,1,31,0,0,9,"3200,00",10,0,1,202005,0,5,"3200,00"
202005,3,35,355030,J,6209100,-1,212420,101,9,44,"40,00",1,1,0,1,40,0,0,0,"29994,95",6,0,1,202005,0,5,"29994,95"
202005,3,35,355030,J,6202300,1,317110,101,8,25,"40,00",1,1,0,1,20,0,0,0,"2275,46",6,0,1,202005,0,5,"2275,46"
202005,3,35,350950,J,6209100,-1,212405,101,9,29,"40,00",1,3,0,1,40,0,0,0,"4800,00",8,0,1,202005,0,5,"4800,00"
202005,3,33,330455,J,6202300,1,317110,101,8,22,"40,00",6,1,0,1,20,0,0,0,"3570,30",7,0,1,202005,0,5,"3570,30"
202005,3,35,355030,J,6201501,1,212405,101,9,36,"40,00",3,1,0,1,20,0,0,0,"13137,43",10,0,1,202005,0,5,"13137,43"
202005,4,43,430676,J,6209100,-1,317110,101,7,37,"44,00",1,1,0,1,40,0,0,0,"7263,21",10,0,1,202005,0,5,"7263,21"
202005,3,35,355030,J,6204000,-1,212405,101,9,30,"40,00",1,1,0,1,40,0,0,0,"1996,00",10,0,1,202005,0,5,"1996,00"
202005,3,35,355030,J,6204000,1,212405,101,8,29,"40,00",3,1,0,1,20,0,0,0,"6000,00",7,0,1,202005,0,5,"6000,00"
202005,4,41,410690,J,6209100,-1,317110,101,9,29,"40,00",3,1,0,1,31,0,0,0,"3500,00",5,0,1,202005,0,5,"3500,00"
202005,3,35,355030,J,6201501,-1,212305,101,9,46,"40,00",1,1,0,1,40,0,0,0,"4121,78",8,0,1,202005,0,5,"4121,78"
202005,3,33,330455,J,6209100,1,212405,101,9,39,"40,00",2,3,0,1,20,0,0,0,"4682,61",1,0,1,202005,0,5,"4682,61"
202005,5,53,530010,J,6201501,1,212405,101,8,23,"40,00",1,1,0,1,20,0,0,0,"1230,00",7,0,1,202005,0,5,"1230,00"
202005,3,35,350570,J,6201501,-1,212405,101,9,23,"40,00",3,1,0,1,31,0,0,0,"3000,00",7,0,1,202005,0,5,"3000,00"
202005,3,31,310620,J,6201501,-1,212405,101,9,26,"40,00",1,1,0,1,40,0,0,0,"4512,15",8,0,1,202005,0,5,"4512,15"
202005,4,41,411850,J,6203100,-1,317110,101,8,26,"44,00",3,1,0,1,40,0,0,0,"2371,51",7,0,1,202005,0,5,"2371,51"
202005,3,35,355030,J,6201501,1,317110,101,9,41,"40,00",3,1,0,1,20,0,0,0,"10038,23",10,0,1,202005,0,5,"10038,23"
202005,3,31,317020,J,6202300,-1,317110,101,9,28,"44,00",1,1,0,1,31,0,0,0,"4561,65",3,0,1,202005,0,5,"4561,65"
202005,3,31,314480,J,6209100,1,212405,101,9,31,"40,00",3,1,0,1,20,0,0,0,"11500,00",9,0,1,202005,0,5,"11500,00"
202005,5,53,530010,J,6203100,-1,212405,101,9,42,"44,00",3,1,0,1,40,0,0,0,"6500,00",8,0,1,202005,0,5,"6500,00"
202005,3,35,355030,J,6311900,1,317110,101,9,23,"40,00",3,3,0,1,20,0,0,0,"6700,00",6,0,1,202005,0,5,"6700,00"
202005,3,35,354730,J,6204000,-1,212405,101,9,46,"40,00",1,1,0,1,31,0,0,0,"1633,28",5,0,1,202005,0,5,"1633,28"
202005,5,53,530010,J,6204000,-1,317110,101,9,27,"40,00",1,1,0,1,40,0,0,0,"6500,00",7,0,1,202005,0,5,"6500,00"
202005,3,35,355030,J,6203100,1,212410,101,9,26,"40,00",3,1,0,1,20,0,0,0,"1800,00",5,0,1,202005,0,5,"1800,00"
202005,5,53,530010,J,6201501,1,212405,101,11,46,"40,00",1,3,0,1,20,0,0,0,"8200,00",10,0,1,202005,0,5,"8200,00"
202005,3,31,310620,J,6201501,1,212405,101,8,21,"40,00",3,1,0,1,20,0,0,0,"3000,00",6,0,1,202005,0,5,"3000,00"
202005,3,31,310620,J,6202300,1,212405,101,9,28,"44,00",1,1,0,1,20,0,0,9,"8000,00",7,0,1,202005,0,5,"8000,00"
202005,3,33,330330,J,6204000,1,317205,101,7,27,"36,00",1,3,0,1,20,0,0,0,"1198,00",5,0,1,202005,0,5,"1198,00"
202005,3,35,355030,J,6201501,-1,212420,101,8,37,"40,00",2,1,0,1,40,0,0,0,"2411,95",8,0,1,202005,0,5,"2411,95"
202005,4,41,410690,J,6209100,1,212405,101,9,24,"40,00",6,1,0,1,20,0,0,0,"4500,00",5,0,1,202005,0,5,"4500,00"
202005,2,29,292740,J,6204000,-1,212405,101,9,39,"40,00",6,1,0,1,31,0,0,0,"4566,12",6,0,1,202005,0,5,"4566,12"
202005,4,43,431490,J,6311900,-1,317205,101,7,24,"40,00",2,1,0,1,31,0,0,0,"1444,10",6,0,1,202005,0,5,"1444,10"
202005,3,35,355030,J,6201501,-1,317110,101,9,37,"40,00",3,1,0,1,31,0,0,0,"6615,48",10,0,1,202005,0,5,"6615,48"
202005,3,35,355030,J,6204000,-1,212405,101,9,46,"40,00",1,1,0,1,31,0,0,0,"2210,00",6,0,1,202005,0,5,"2210,00"
202005,5,53,530010,J,6203100,1,212405,101,9,35,"44,00",3,1,0,1,20,0,0,0,"13500,00",8,0,1,202005,0,5,"13500,00"
202005,3,35,355030,J,6209100,1,212405,101,9,34,"40,00",1,1,0,1,20,0,0,0,"7000,00",7,0,1,202005,0,5,"7000,00"
202005,3,31,317020,J,6204000,-1,317110,101,80,39,"40,00",1,1,0,1,40,0,0,0,"2719,88",8,0,1,202005,0,5,"2719,88"
202005,3,35,354730,J,6204000,-1,212420,101,9,41,"36,00",1,3,0,1,31,0,0,0,"1594,67",9,0,1,202005,0,5,"1594,67"
202005,2,26,261160,J,6202300,-1,317110,101,9,34,"44,00",3,1,0,1,40,0,0,9,"3449,45",9,0,1,202005,0,5,"3449,45"
202005,3,33,330455,J,6204000,-1,212405,101,9,32,"40,00",3,1,0,1,43,0,0,0,"6000,00",8,0,1,202005,0,5,"6000,00"
202005,3,35,350950,J,6202300,1,212405,101,8,27,"40,00",1,1,0,1,20,0,0,0,"8200,00",8,0,1,202005,0,5,"8200,00"
202005,4,41,410690,J,6201501,-1,212420,101,9,29,"40,00",1,1,0,1,31,0,0,0,"5240,45",9,0,1,202005,0,5,"5240,45"
202005,3,35,354980,J,6204000,1,212405,101,7,29,"40,00",1,1,0,1,20,0,0,0,"1350,00",1,0,1,202005,0,5,"1350,00"
202005,3,35,355030,J,6209100,-1,317110,101,9,25,"40,00",3,1,0,1,31,0,0,0,"6000,00",8,0,1,202005,0,5,"6000,00"
202005,3,35,350570,J,6201501,1,317110,101,8,29,"40,00",6,1,0,1,20,0,0,0,"9500,00",7,0,1,202005,0,5,"9500,00"
202005,3,31,314480,J,6209100,-1,212405,101,9,22,"44,00",6,1,0,1,31,0,0,9,"2000,00",2,0,1,202005,0,5,"2000,00"
202005,3,35,350530,J,6202300,-1,317110,101,7,43,"40,00",1,1,0,1,31,0,0,0,"3906,00",4,0,1,202005,0,5,"3906,00"
202005,3,31,310620,J,6202300,1,212405,101,9,51,"40,00",1,1,0,1,20,0,0,0,"4540,80",7,0,1,202005,0,5,"4540,80"
202005,3,35,355030,J,6201501,-1,212405,101,9,49,"40,00",3,1,0,1,40,0,0,0,"7266,79",9,0,1,202005,0,5,"7266,79"
202005,3,35,350570,J,6204000,1,317110,101,9,34,"40,00",1,1,0,1,20,0,0,0,"11500,00",9,0,1,202005,0,5,"11500,00"
202005,3,35,355030,J,6203100,-1,212405,101,8,34,"40,00",2,1,0,1,31,0,0,0,"10257,00",10,0,1,202005,0,5,"10257,00"
202005,5,53,530010,J,6201501,-1,212405,101,80,27,"44,00",1,1,0,1,40,0,0,0,"8992,02",4,0,1,202005,0,5,"8992,02"
202005,3,35,354730,J,6203100,1,212415,101,7,21,"44,00",3,1,0,1,20,0,0,0,"1500,00",3,0,1,202005,0,5,"1500,00"
202005,3,35,350570,J,6203100,1,212405,101,8,23,"40,00",1,1,0,1,20,0,0,0,"4700,00",9,0,1,202005,0,5,"4700,00"
202005,3,33,330455,J,6204000,-1,212320,101,9,32,"40,00",1,1,0,1,90,0,0,0,"7000,00",5,0,1,202005,0,5,"7000,00"
202005,3,35,355030,J,6201501,-1,317110,101,8,20,"40,00",1,1,0,1,40,0,0,0,"3870,35",10,0,1,202005,0,5,"3870,35"
202005,3,35,355030,J,6209100,-1,317210,101,8,21,"40,00",1,1,0,1,31,0,0,0,"1750,63",5,0,1,202005,0,5,"1750,63"
202005,2,29,291920,J,6201501,1,212405,101,9,30,"44,00",3,1,0,1,20,0,0,0,"5600,00",7,0,1,202005,0,5,"5600,00"
202005,2,23,230440,J,6204000,-1,317110,101,8,32,"44,00",3,1,0,1,43,0,0,0,"4000,00",8,0,1,202005,0,5,"4000,00"
202005,2,29,291920,J,6201501,1,212405,101,9,27,"44,00",3,3,0,1,20,0,0,0,"2025,00",7,0,1,202005,0,5,"2025,00"
202005,3,31,310620,J,6201501,-1,212405,101,9,29,"40,00",4,1,0,1,40,0,0,0,"5440,00",8,0,1,202005,0,5,"5440,00"
202005,3,35,350570,J,6209100,1,212410,101,9,39,"44,00",3,1,0,1,20,0,0,0,"3220,33",2,0,1,202005,0,5,"3220,33"
202005,3,35,354730,J,6209100,-1,212320,101,80,37,"40,00",3,1,0,1,31,0,0,0,"6000,00",7,0,1,202005,0,5,"6000,00"
202005,3,35,355030,J,6201501,1,212405,101,80,40,"40,00",4,1,0,1,20,0,0,0,"6000,00",10,0,1,202005,0,5,"6000,00"
202005,5,52,521000,J,6202300,-1,317210,101,7,38,"44,00",3,1,0,1,40,0,0,0,"1045,00",5,0,1,202005,0,5,"1045,00"
202005,3,31,310620,J,6202300,1,212405,101,9,30,"40,00",6,1,0,1,20,0,0,0,"3258,00",4,0,1,202005,0,5,"3258,00"
202005,3,35,350570,J,6204000,-1,212420,101,9,21,"40,00",1,1,0,1,40,0,0,0,"1948,81",7,0,1,202005,0,5,"1948,81"
202005,3,32,320520,J,6204000,1,212410,101,9,37,"40,00",1,3,0,1,20,0,0,0,"4300,00",3,0,1,202005,0,5,"4300,00"
202005,4,41,410690,J,6201501,-1,212405,101,8,42,"44,00",1,1,0,1,40,0,0,0,"5917,00",5,0,1,202005,0,5,"5917,00"
202005,3,35,350320,J,6204000,1,212405,101,9,31,"40,00",1,1,0,1,20,0,0,0,"7208,40",8,0,1,202005,0,5,"7208,40"
202005,3,35,350320,J,6204000,1,212405,101,8,19,"40,00",3,3,0,1,20,0,0,0,"2106,18",8,0,1,202005,0,5,"2106,18"
202005,3,35,350570,J,6209100,1,317110,101,80,53,"40,00",6,1,0,1,20,0,0,0,"12000,00",8,0,1,202005,0,5,"12000,00"
202005,3,35,355030,J,6201501,-1,212405,101,80,33,"40,00",1,1,0,1,40,0,0,0,"10500,00",5,0,1,202005,0,5,"10500,00"
202005,3,35,355030,J,6203100,-1,212405,101,9,29,"40,00",1,1,0,1,40,0,0,0,"5835,86",9,0,1,202005,0,5,"5835,86"
202005,3,35,355030,J,6203100,1,212420,101,9,46,"40,00",4,3,0,1,20,0,0,0,"2800,00",7,0,1,202005,0,5,"2800,00"
202005,4,42,420540,J,6204000,-1,212405,101,9,25,"44,00",2,1,0,1,31,0,0,0,"2664,17",6,0,1,202005,0,5,"2664,17"
202005,5,53,530010,J,6201501,-1,212405,101,9,35,"40,00",1,1,0,1,31,0,0,0,"2506,75",10,0,1,202005,0,5,"2506,75"
202005,3,35,355030,J,6202300,-1,212405,101,9,31,"40,00",1,1,0,1,43,0,0,0,"12000,00",9,0,1,202005,0,5,"12000,00"
202005,3,35,355030,J,6202300,1,212405,101,9,28,"40,00",3,1,0,1,20,0,0,0,"8400,00",1,0,1,202005,0,5,"8400,00"
202005,3,31,310620,J,6209100,1,317205,101,7,36,"44,00",2,1,0,1,20,0,0,0,"1188,57",10,0,1,202005,0,5,"1188,57"
202005,4,42,421190,J,6203100,-1,317110,101,9,42,"40,00",1,1,0,1,31,0,0,0,"5630,35",4,0,1,202005,0,5,"5630,35"
202005,4,41,411370,J,6209100,1,212405,101,9,35,"44,00",6,1,0,1,20,0,0,0,"5000,00",8,0,1,202005,0,5,"5000,00"
202005,3,31,310620,J,6201501,1,142520,101,9,28,"40,00",1,1,0,1,20,0,0,0,"6600,00",4,0,1,202005,0,5,"6600,00"
202005,3,35,355030,J,6203100,-1,212405,101,9,24,"40,00",1,1,0,1,31,0,0,0,"3500,00",7,0,1,202005,0,5,"3500,00"
202005,4,42,420240,J,6209100,-1,212405,101,8,41,"44,00",1,1,0,1,31,0,0,0,"2884,00",5,0,1,202005,0,5,"2884,00"
202005,3,35,354870,J,6311900,1,212420,101,9,30,"40,00",1,1,0,1,20,0,0,0,"1700,00",6,0,1,202005,0,5,"1700,00"
202005,5,53,530010,J,6201501,1,212405,101,9,26,"44,00",3,3,0,1,20,0,0,0,"4000,00",8,0,1,202005,0,5,"4000,00"
202005,4,42,420420,J,6203100,1,317210,101,7,34,"44,00",1,1,0,1,20,0,0,0,"1390,00",4,0,1,202005,0,5,"1390,00"
202005,3,35,350570,J,6203100,1,212405,101,80,35,"40,00",1,1,0,1,20,0,0,0,"12000,00",9,0,1,202005,0,5,"12000,00"
202005,3,35,350570,J,6204000,1,212405,101,80,28,"40,00",1,3,0,1,20,0,0,0,"6800,00",9,0,1,202005,0,5,"6800,00"
202005,5,52,520870,J,6201501,-1,212420,101,9,40,"44,00",3,1,0,1,90,0,0,0,"2720,43",6,0,1,202005,0,5,"2720,43"
202005,3,35,355030,J,6204000,-1,212215,101,7,45,"40,00",6,1,0,1,31,0,0,0,"6674,99",6,0,1,202005,0,5,"6674,99"
202005,3,35,355030,J,6201501,-1,212405,101,9,33,"40,00",4,1,0,1,40,0,0,0,"1800,00",4,0,1,202005,0,5,"1800,00"
202005,3,35,355030,J,6201501,-1,317110,101,9,47,"40,00",1,1,0,1,31,0,0,0,"3803,16",7,0,1,202005,0,5,"3803,16"
202005,3,31,310620,J,6202300,1,212405,101,9,24,"40,00",3,1,0,1,20,0,0,0,"5417,00",4,0,1,202005,0,5,"5417,00"
202005,2,29,291920,J,6201501,1,212405,101,9,48,"44,00",3,1,0,1,20,0,0,0,"3200,00",7,0,1,202005,0,5,"3200,00"
202005,2,25,250400,J,6201501,-1,212405,101,9,30,"40,00",1,1,0,1,40,0,0,0,"4000,00",5,0,1,202005,0,5,"4000,00"
202005,3,35,350570,J,6201501,1,212405,101,9,42,"40,00",1,1,0,1,20,0,0,0,"8815,00",8,0,1,202005,0,5,"8815,00"
202005,3,35,355030,J,6209100,1,212405,101,9,22,"40,00",3,1,0,1,20,0,0,0,"9500,00",5,0,1,202005,0,5,"9500,00"
202005,3,35,351620,J,6209100,-1,317110,101,9,23,"40,00",1,1,0,1,40,0,0,0,"1258,93",3,0,1,202005,0,5,"1258,93"
202005,3,35,355030,J,6201501,-1,212305,101,9,33,"40,00",1,1,0,1,40,0,0,0,"7707,60",10,0,1,202005,0,5,"7707,60"
202005,4,43,431490,J,6209100,1,317110,101,9,22,"44,00",6,3,0,1,20,0,0,0,"3500,00",2,0,1,202005,0,5,"3500,00"
202005,3,31,310620,J,6209100,1,317205,101,7,32,"44,00",3,3,0,1,20,0,0,0,"1188,57",10,0,1,202005,0,5,"1188,57"
202005,4,43,431490,J,6203100,1,317110,101,9,23,"40,00",1,3,0,1,10,0,0,0,"4200,00",7,0,1,202005,0,5,"4200,00"
202005,2,23,230440,J,6204000,-1,317205,101,7,24,"36,00",3,1,0,1,31,0,0,0,"1300,00",8,0,1,202005,0,5,"1300,00"
202005,3,31,317020,J,6204000,-1,212405,101,9,34,"40,00",3,1,0,1,40,0,0,0,"7078,75",1,0,1,202005,0,5,"7078,75"
202005,3,35,350570,J,6203100,1,212405,101,9,31,"44,00",6,1,0,1,20,0,0,0,"6000,00",6,0,1,202005,0,5,"6000,00"
202005,3,35,354730,J,6203100,1,212415,101,7,43,"44,00",3,3,0,1,20,0,0,0,"3200,00",3,0,1,202005,0,5,"3200,00"
202005,3,35,355030,J,6201501,-1,212405,101,9,38,"40,00",3,1,0,1,31,0,0,0,"8500,00",10,0,1,202005,0,5,"8500,00"
202005,2,29,292740,J,6204000,-1,212405,101,9,36,"44,00",6,3,0,1,31,0,0,0,"4842,00",9,0,1,202005,0,5,"4842,00"
202005,3,35,355030,J,6201501,1,212405,101,9,25,"40,00",1,1,0,1,20,0,0,0,"6000,00",5,0,1,202005,0,5,"6000,00"
202005,3,35,355030,J,6201501,1,317110,101,9,34,"40,00",3,1,0,1,20,0,0,0,"9958,80",9,0,1,202005,0,5,"9958,80"
202005,3,33,330330,J,6204000,1,142520,101,9,53,"40,00",1,1,0,1,20,0,0,0,"6300,00",8,0,1,202005,0,5,"6300,00"
202005,3,31,317020,J,6201501,1,212320,101,9,25,"44,00",1,3,0,1,20,0,0,0,"5000,00",8,0,1,202005,0,5,"5000,00"
202005,3,35,355030,J,6311900,1,212205,101,9,44,"48,00",1,1,0,1,20,0,0,0,"34461,54",7,0,1,202005,0,5,"34461,54"
202005,3,35,350570,J,6204000,1,317110,101,9,56,"40,00",6,1,0,1,20,0,0,0,"2500,00",9,0,1,202005,0,5,"2500,00"
202005,3,35,355030,J,6209100,1,212405,101,9,31,"44,00",1,1,0,1,20,0,0,0,"6000,00",2,0,1,202005,0,5,"6000,00"
202005,3,32,320520,J,6209100,-1,212405,101,9,45,"40,00",3,1,0,1,31,0,0,0,"2626,75",6,0,1,202005,0,5,"2626,75"
202005,3,31,310620,J,6204000,-1,212420,101,9,50,"40,00",4,3,0,1,43,0,0,0,"2500,00",7,0,1,202005,0,5,"2500,00"
202005,3,35,355030,J,6311900,-1,212410,101,8,25,"36,00",1,1,0,1,40,0,0,0,"3180,52",9,0,1,202005,0,5,"3180,52"
202005,3,31,317020,J,6201501,-1,212405,101,1,26,"40,00",1,1,0,1,40,0,0,0,"5408,00",7,0,1,202005,0,5,"5408,00"
202005,3,35,355030,J,6204000,-1,212405,101,9,38,"40,00",3,1,0,1,31,0,0,0,"2141,14",6,0,1,202005,0,5,"2141,14"
202005,3,31,313670,J,6209100,1,212415,101,8,24,"44,00",6,1,0,1,20,0,0,0,"1300,00",2,0,1,202005,0,5,"1300,00"
202005,3,35,350950,J,6203100,1,212405,101,9,27,"40,00",1,1,0,1,20,0,0,0,"5000,00",7,0,1,202005,0,5,"5000,00"
202005,3,32,320530,J,6209100,1,212405,101,9,42,"40,00",3,1,0,1,20,0,0,0,"4200,00",9,0,1,202005,0,5,"4200,00"
202005,3,31,314480,J,6209100,-1,142520,101,9,54,"40,00",3,1,0,1,31,0,0,0,"11977,00",9,0,1,202005,0,5,"11977,00"
202005,2,26,261160,J,6203100,-1,317110,101,8,36,"40,00",2,1,0,1,40,0,0,0,"3379,48",8,0,1,202005,0,5,"3379,48"
202005,3,33,330455,J,6204000,1,212405,101,7,24,"40,00",1,1,0,1,20,0,0,0,"2500,00",8,0,1,202005,0,5,"2500,00"
202005,4,41,410690,J,6204000,-1,212405,101,9,31,"40,00",3,1,0,1,31,0,0,0,"6564,28",8,0,1,202005,0,5,"6564,28"
202005,2,21,211130,J,6209100,-1,212310,101,9,36,"40,00",1,1,0,1,40,0,0,0,"6000,00",3,0,1,202005,0,5,"6000,00"
202005,3,35,355030,J,6201501,1,212405,101,9,27,"40,00",1,1,0,1,20,0,0,0,"8000,00",8,0,1,202005,0,5,"8000,00"
202005,3,35,355030,J,6201501,-1,212405,101,9,51,"40,00",1,3,0,1,31,0,0,0,"1681,00",5,0,1,202005,0,5,"1681,00"
202005,3,35,355030,J,6201501,1,317110,101,9,28,"40,00",3,1,0,1,20,0,0,0,"7008,81",10,0,1,202005,0,5,"7008,81"
202005,4,43,431490,J,6311900,1,212405,101,9,22,"40,00",3,1,0,1,20,0,0,0,"6013,86",9,0,1,202005,0,5,"6013,86"
202005,3,35,354880,J,6203100,-1,212405,101,8,37,"40,00",6,1,0,1,31,0,0,0,"5000,00",7,0,1,202005,0,5,"5000,00"
202005,4,42,420540,J,6201501,-1,212405,101,10,41,"40,00",6,1,0,1,31,0,0,0,"12478,40",2,0,1,202005,0,5,"12478,40"
202005,3,35,353870,J,6202300,1,212420,101,9,33,"40,00",6,1,0,1,10,0,0,0,"1675,56",3,0,1,202005,0,5,"1675,56"
202005,3,35,354730,J,6204000,-1,212405,101,9,32,"40,00",1,3,0,1,31,0,0,0,"2744,58",9,0,1,202005,0,5,"2744,58"
202005,4,43,431490,J,6203100,1,212405,101,9,48,"40,00",1,1,0,1,20,0,0,0,"9996,00",8,0,1,202005,0,5,"9996,00"
202005,3,35,350570,J,6209100,-1,212410,101,8,38,"44,00",1,3,0,1,31,0,0,0,"2989,50",2,0,1,202005,0,5,"2989,50"
202005,4,43,431490,J,6202300,-1,317110,101,8,28,"42,50",1,1,0,1,31,0,0,0,"3000,00",4,0,1,202005,0,5,"3000,00"
202005,3,31,310620,J,6204000,-1,212420,101,9,38,"40,00",1,1,0,1,40,0,0,0,"2390,31",5,0,1,202005,0,5,"2390,31"
202005,4,43,431690,J,6201501,-1,317110,101,9,28,"40,00",1,1,0,1,43,0,0,0,"2904,25",3,0,1,202005,0,5,"2904,25"
202005,4,43,431490,J,6311900,-1,317210,101,9,34,"40,00",2,3,0,1,40,0,0,0,"1594,00",7,0,1,202005,0,5,"1594,00"
202005,3,33,330390,J,6209100,-1,212420,101,80,42,"40,00",1,1,0,1,40,0,0,0,"6215,68",6,0,1,202005,0,5,"6215,68"
202005,3,35,355030,J,6202300,-1,212405,101,9,25,"40,00",1,1,0,1,31,0,0,0,"4000,00",9,0,1,202005,0,5,"4000,00"
202005,3,35,355030,J,6204000,-1,212405,101,9,24,"40,00",1,1,0,1,40,0,0,0,"4463,88",6,0,1,202005,0,5,"4463,88"
202005,3,35,355030,J,6201501,-1,317110,101,9,33,"40,00",2,1,0,1,40,0,0,0,"7194,22",10,0,1,202005,0,5,"7194,22"
202005,3,35,355030,J,6204000,1,212415,101,7,18,"40,00",3,3,0,1,20,0,0,0,"3500,00",10,0,1,202005,0,5,"3500,00"
202005,4,43,430510,J,6203100,1,212420,101,9,34,"44,00",1,1,0,1,20,0,0,0,"4200,00",7,0,1,202005,0,5,"4200,00"
202005,4,43,431490,J,6203100,-1,317110,101,8,19,"12,00",1,1,0,1,40,0,0,0,"2000,00",6,0,1,202005,0,5,"2000,00"
202005,3,35,353440,J,6201501,-1,212405,101,9,31,"40,00",2,1,0,1,40,0,0,0,"7800,00",9,0,1,202005,0,5,"7800,00"
202005,3,35,355030,J,6311900,1,317110,101,80,30,"40,00",1,3,0,1,20,0,0,0,"2500,00",4,0,1,202005,0,5,"2500,00"
202005,3,35,354990,J,6209100,1,212410,101,9,26,"40,00",1,1,0,1,20,0,0,0,"3400,00",6,0,1,202005,0,5,"3400,00"
202005,3,31,310620,J,6201501,1,142510,101,9,36,"40,00",3,1,0,1,20,0,0,0,"13500,00",9,0,1,202005,0,5,"13500,00"
202005,3,32,320530,J,6209100,-1,212405,101,9,45,"40,00",6,3,0,1,31,0,0,0,"9153,96",9,0,1,202005,0,5,"9153,96"
202005,3,35,350570,J,6209100,1,317110,101,9,32,"40,00",6,1,0,1,20,0,0,0,"10000,00",10,0,1,202005,0,5,"10000,00"
202005,3,32,320530,J,6209100,-1,212405,101,9,40,"40,00",3,3,0,1,40,0,0,0,"3600,00",9,0,1,202005,0,5,"3600,00"
202005,5,53,530010,J,6311900,-1,212405,101,80,41,"40,00",1,3,0,1,40,0,0,0,"5500,00",7,0,1,202005,0,5,"5500,00"
202005,3,33,330340,J,6209100,1,317210,101,9,48,"40,00",1,3,0,1,20,0,0,0,"1121,90",6,0,1,202005,0,5,"1121,90"
202005,3,35,354990,J,6209100,-1,212405,101,9,39,"40,00",1,3,0,1,31,0,0,0,"2049,26",4,0,1,202005,0,5,"2049,26"
202005,3,35,354870,J,6201501,-1,212405,101,9,27,"40,00",1,3,0,1,31,0,0,0,"3200,00",8,0,1,202005,0,5,"3200,00"
202005,3,31,310620,J,6209100,-1,317110,101,7,43,"44,00",1,1,0,1,43,0,0,0,"1300,00",4,0,1,202005,0,5,"1300,00"
202005,3,33,330455,J,6204000,1,212405,101,80,52,"40,00",3,1,0,1,20,0,0,0,"7500,00",9,0,1,202005,0,5,"7500,00"
202005,2,26,261160,J,6201501,1,317205,101,7,27,"40,00",1,1,0,1,20,0,0,0,"1444,41",7,0,1,202005,0,5,"1444,41"
202005,3,35,355030,J,6202300,-1,212420,101,8,20,"40,00",3,1,0,1,40,0,0,0,"1726,00",6,0,1,202005,0,5,"1726,00"
202005,4,42,420930,J,6202300,-1,317210,101,8,27,"44,00",1,1,0,1,31,0,0,0,"2288,00",8,0,1,202005,0,5,"2288,00"
202005,2,23,230440,J,6204000,-1,212405,101,9,32,"44,00",3,3,0,1,31,0,0,0,"3582,29",8,0,1,202005,0,5,"3582,29"
202005,4,41,412550,J,6203100,-1,317110,101,9,33,"40,00",1,1,0,1,31,0,0,0,"3000,00",7,0,1,202005,0,5,"3000,00"
202005,3,31,310620,J,6201501,1,212405,101,9,37,"40,00",3,1,0,1,20,0,0,0,"12500,00",6,0,1,202005,0,5,"12500,00"
202005,3,32,320520,J,6209100,1,317210,101,9,39,"40,00",3,1,0,1,20,0,0,0,"1700,00",4,0,1,202005,0,5,"1700,00"
202005,3,31,310620,J,6204000,1,317210,101,7,41,"40,00",1,3,0,1,20,0,0,0,"1381,44",4,0,1,202005,0,5,"1381,44"
202005,3,35,352050,J,6204000,-1,317110,101,9,51,"40,00",1,3,0,1,31,0,0,0,"11247,78",5,0,1,202005,0,5,"11247,78"
202005,3,32,320530,J,6201501,-1,212405,101,9,22,"44,00",2,1,0,1,40,0,0,0,"1300,00",3,0,1,202005,0,5,"1300,00"
202005,3,31,310620,J,6201501,1,212405,101,9,37,"40,00",3,1,0,1,20,0,0,0,"7200,00",6,0,1,202005,0,5,"7200,00"
202005,3,35,350950,J,6204000,-1,212410,101,9,29,"40,00",1,1,0,1,31,0,0,0,"1794,71",10,0,1,202005,0,5,"1794,71"
202005,3,35,350570,J,6204000,1,317110,101,9,34,"40,00",6,1,0,1,20,0,0,0,"8500,00",9,0,1,202005,0,5,"8500,00"
202005,3,35,355030,J,6201501,-1,317110,101,9,43,"40,00",6,1,0,1,40,0,0,0,"8593,51",10,0,1,202005,0,5,"8593,51"
202005,3,31,317020,J,6201501,1,212405,101,8,21,"44,00",2,1,0,1,20,0,0,0,"2200,00",8,0,1,202005,0,5,"2200,00"
202005,3,35,355220,J,6204000,1,212420,101,9,40,"40,00",1,1,0,1,20,0,0,0,"5000,00",6,0,1,202005,0,5,"5000,00"
202005,5,51,510340,J,6209100,-1,212420,101,7,25,"44,00",1,3,0,1,31,0,0,0,"2032,18",5,0,1,202005,0,5,"2032,18"
202005,3,35,355030,J,6311900,-1,317210,101,9,26,"40,00",1,1,0,1,40,0,0,0,"1663,72",9,0,1,202005,0,5,"1663,72"
202005,5,52,520870,J,6201501,1,212405,101,9,25,"40,00",3,1,0,1,20,0,0,0,"3000,00",8,0,1,202005,0,5,"3000,00"
202005,4,43,431490,J,6201501,1,317210,101,8,49,"36,00",1,1,0,1,20,0,0,0,"1400,00",8,0,1,202005,0,5,"1400,00"
202005,3,35,355030,J,6201501,1,212405,101,9,48,"40,00",1,1,0,1,20,0,0,0,"9000,00",8,0,1,202005,0,5,"9000,00"
202005,3,35,350570,J,6209100,1,212420,101,9,37,"40,00",6,1,0,1,20,0,0,0,"6500,00",7,0,1,202005,0,5,"6500,00"
202005,3,35,350950,J,6204000,-1,212310,101,9,38,"40,00",1,1,0,1,31,0,0,0,"2206,29",10,0,1,202005,0,5,"2206,29"
202005,3,35,354870,J,6204000,-1,212405,101,7,27,"40,00",3,1,0,1,43,0,0,0,"6500,00",10,0,1,202005,0,5,"6500,00"
202005,3,31,310620,J,6209100,1,317205,101,7,28,"44,00",3,3,0,1,20,0,0,0,"1188,57",10,0,1,202005,0,5,"1188,57"
202005,3,31,317150,J,6201501,1,212410,101,9,33,"44,00",6,1,0,1,20,0,0,0,"4700,00",8,0,1,202005,0,5,"4700,00"
202005,3,35,350950,J,6202300,1,142510,101,80,34,"40,00",1,1,0,1,20,0,0,0,"11500,00",8,0,1,202005,0,5,"11500,00"
202005,3,35,350950,J,6202300,-1,212405,101,9,31,"40,00",3,1,0,1,31,0,0,0,"2525,28",7,0,1,202005,0,5,"2525,28"
202005,3,35,355030,J,6204000,1,212405,101,8,33,"44,00",1,1,0,1,20,0,0,9,"8000,00",10,0,1,202005,0,5,"8000,00"
202005,3,33,330455,J,6204000,-1,317210,101,80,29,"40,00",1,1,0,1,40,0,0,0,"6483,23",5,0,1,202005,0,5,"6483,23"
202005,3,35,350570,J,6201501,-1,212415,101,9,57,"40,00",1,1,0,1,40,0,0,0,"2205,70",7,0,1,202005,0,5,"2205,70"
202005,3,35,354890,J,6201501,1,317110,101,8,24,"40,00",1,1,0,1,10,0,0,0,"1675,41",7,0,1,202005,0,5,"1675,41"
202005,4,41,411850,J,6209100,1,212420,101,7,27,"44,00",1,1,0,1,20,0,0,0,"1600,00",4,0,1,202005,0,5,"1600,00"
202005,3,35,355030,J,6204000,-1,212420,101,7,63,"40,00",3,1,0,1,31,0,0,0,"1381,45",10,0,1,202005,0,5,"1381,45"
202005,3,35,353340,J,6203100,-1,212315,101,7,20,"20,00",1,1,0,1,40,0,0,0,"2100,75",4,0,1,202005,0,5,"2100,75"
202005,4,43,431490,J,6201501,1,317210,101,8,22,"36,00",1,1,0,1,20,0,0,0,"1400,00",8,0,1,202005,0,5,"1400,00"
202005,4,43,431490,J,6204000,-1,317110,101,9,25,"42,50",1,1,0,1,40,0,0,0,"1982,00",7,0,1,202005,0,5,"1982,00"
202005,5,53,530010,J,6204000,-1,317110,101,7,30,"40,00",3,1,0,1,40,0,0,0,"1582,96",8,0,1,202005,0,5,"1582,96"
202005,3,35,354990,J,6203100,-1,212405,101,7,25,"40,00",1,1,0,1,31,0,0,0,"2515,04",4,0,1,202005,0,5,"2515,04"
202005,3,31,310620,J,6204000,1,212420,101,9,24,"40,00",1,1,0,1,20,0,0,0,"2812,16",7,0,1,202005,0,5,"2812,16"
202005,3,35,355030,J,6201501,1,212405,101,80,44,"40,00",4,3,0,1,20,0,0,0,"6100,00",7,0,1,202005,0,5,"6100,00"
202005,3,35,350950,J,6202300,-1,212405,101,9,26,"40,00",3,1,0,1,40,0,0,0,"6135,00",7,0,1,202005,0,5,"6135,00"
202005,3,31,310620,J,6204000,1,212405,101,9,35,"40,00",1,1,0,1,20,0,0,0,"7941,49",7,0,1,202005,0,5,"7941,49"
202005,4,41,410690,J,6204000,1,212405,101,10,40,"40,00",4,1,0,1,20,0,0,0,"9500,00",7,0,1,202005,0,5,"9500,00"
202005,3,35,355030,J,6204000,-1,212405,101,8,23,"40,00",3,1,0,1,31,0,0,0,"1840,39",8,0,1,202005,0,5,"1840,39"
202005,3,35,355030,J,6203100,1,212420,101,9,37,"40,00",1,3,0,1,20,0,0,0,"1700,00",7,0,1,202005,0,5,"1700,00"
202005,3,35,350320,J,6204000,-1,212405,101,8,25,"40,00",1,1,0,1,40,0,0,0,"7208,40",8,0,1,202005,0,5,"7208,40"
202005,3,33,330455,J,6204000,-1,212405,101,9,31,"40,00",3,1,0,1,40,0,0,0,"3527,55",5,0,1,202005,0,5,"3527,55"
202005,3,35,350950,J,6209100,-1,212405,101,9,30,"40,00",6,1,0,1,40,0,0,0,"9400,00",8,0,1,202005,0,5,"9400,00"
202005,5,52,520870,J,6201501,1,317110,101,7,26,"44,00",3,3,0,1,20,0,0,0,"1277,93",8,0,1,202005,0,5,"1277,93"
202005,3,35,355030,J,6201501,-1,212405,101,9,44,"40,00",3,1,0,1,40,0,0,0,"10932,88",9,0,1,202005,0,5,"10932,88"
202005,4,42,420540,J,6202300,-1,317110,101,7,23,"44,00",1,3,0,1,31,0,0,0,"3518,43",10,0,1,202005,0,5,"3518,43"
202005,3,35,355030,J,6209100,-1,212310,101,9,28,"40,00",1,1,0,1,31,0,0,0,"2171,62",9,0,1,202005,0,5,"2171,62"
202005,3,35,355030,J,6201501,1,212405,101,9,44,"40,00",3,1,0,1,20,0,0,0,"11500,00",9,0,1,202005,0,5,"11500,00"
202005,3,31,310620,J,6204000,1,212320,101,80,25,"40,00",1,3,0,1,20,0,0,0,"3000,00",7,0,1,202005,0,5,"3000,00"
202005,3,35,350600,J,6209100,-1,212420,101,8,22,"40,00",1,1,0,1,31,0,0,0,"1675,56",4,0,1,202005,0,5,"1675,56"
202005,3,33,330455,J,6201501,-1,317210,101,9,57,"40,00",3,1,0,1,31,0,0,0,"1381,44",9,0,1,202005,0,5,"1381,44"
202005,4,41,410690,J,6209100,1,212410,101,7,42,"40,00",6,3,0,1,20,0,0,0,"2250,00",2,0,1,202005,0,5,"2250,00"
202005,3,35,355030,J,6203100,-1,212420,101,9,29,"40,00",1,3,0,1,40,4,0,0,"2278,36",8,0,1,202005,0,5,"2278,36"
202005,2,23,230440,J,6201501,-1,142515,101,9,43,"44,00",1,3,0,1,40,0,0,0,"7537,82",8,0,1,202005,0,5,"7537,82"
202005,3,33,330455,J,6204000,1,212405,101,80,32,"40,00",3,1,0,1,20,0,0,0,"9200,00",9,0,1,202005,0,5,"9200,00"
202005,3,35,354980,J,6202300,-1,317210,101,8,29,"40,00",1,1,0,1,31,0,0,0,"2167,00",4,0,1,202005,0,5,"2167,00"
